date,time,cash_type,card,price,coffee_name
2024-01-01,08:05,card,ANON-0000-0000-0006,3.80,Latte
2024-01-01,08:51,card,ANON-0000-0000-0171,2.90,Americano
2024-01-01,10:16,card,ANON-0000-0000-0044,3.80,Latte
2024-01-01,11:42,card,ANON-0000-0000-0143,3.30,Cortado
2024-01-01,11:49,card,ANON-0000-0000-0244,3.80,Latte
2024-01-01,14:09,card,ANON-0000-0000-0003,3.30,Americano with Milk
2024-01-01,15:13,card,ANON-0000-0000-0003,3.80,Hot Chocolate
2024-01-01,16:03,card,ANON-0000-0000-0140,2.40,Espresso
2024-01-01,16:53,card,ANON-0000-0000-0250,3.30,Cortado
2024-01-01,17:45,card,ANON-0000-0000-0002,3.30,Americano with Milk
2024-01-01,18:27,card,ANON-0000-0000-0153,3.80,Cocoa
2024-01-01,19:37,card,ANON-0000-0000-0084,3.80,Cocoa
2024-01-01,21:33,card,ANON-0000-0000-0001,3.30,Americano with Milk
2024-01-02,07:51,card,ANON-0000-0000-0534,2.90,Americano
2024-01-02,09:55,card,ANON-0000-0000-0181,2.90,Americano
2024-01-02,10:03,card,ANON-0000-0000-0011,3.80,Hot Chocolate
2024-01-02,11:16,card,ANON-0000-0000-0241,2.40,Espresso
2024-01-02,11:17,card,ANON-0000-0000-0041,3.80,Latte
2024-01-02,13:14,card,ANON-0000-0000-0420,3.80,Latte
2024-01-02,13:49,card,ANON-0000-0000-0167,3.30,Cortado
2024-01-02,14:02,card,ANON-0000-0000-0519,3.80,Latte
2024-01-02,16:21,card,ANON-0000-0000-0003,3.80,Cappuccino
2024-01-02,18:26,card,ANON-0000-0000-0011,3.30,Cortado
2024-01-03,09:05,card,ANON-0000-0000-0001,3.80,Cappuccino
2024-01-03,10:39,card,ANON-0000-0000-0064,2.90,Americano
2024-01-03,11:02,card,ANON-0000-0000-0078,3.30,Americano with Milk
2024-01-03,13:29,card,ANON-0000-0000-0146,2.40,Espresso
2024-01-03,13:37,card,ANON-0000-0000-0039,2.90,Americano
2024-01-03,14:10,card,ANON-0000-0000-0002,3.80,Cappuccino
2024-01-03,14:11,card,ANON-0000-0000-0012,3.80,Cocoa
2024-01-03,15:47,cash,,3.80,Cappuccino
2024-01-03,16:24,card,ANON-0000-0000-0400,3.80,Cocoa
2024-01-03,18:45,card,ANON-0000-0000-0298,2.90,Americano
2024-01-04,07:15,card,ANON-0000-0000-0008,3.80,Hot Chocolate
2024-01-04,08:37,cash,,3.80,Hot Chocolate
2024-01-04,09:54,card,ANON-0000-0000-0001,3.80,Hot Chocolate
2024-01-04,10:17,card,ANON-0000-0000-0006,3.80,Latte
2024-01-04,10:31,card,ANON-0000-0000-0162,3.30,Americano with Milk
2024-01-04,10:56,card,ANON-0000-0000-0150,3.30,Americano with Milk
2024-01-04,13:59,card,ANON-0000-0000-0003,3.80,Cappuccino
2024-01-04,16:19,card,ANON-0000-0000-0539,3.80,Cocoa
2024-01-04,17:09,card,ANON-0000-0000-0059,3.80,Latte
2024-01-04,17:10,card,ANON-0000-0000-0003,3.80,Latte
2024-01-04,19:30,card,ANON-0000-0000-0003,3.80,Latte
2024-01-04,20:02,card,ANON-0000-0000-0090,2.90,Americano
2024-01-05,07:10,card,ANON-0000-0000-0005,3.80,Hot Chocolate
2024-01-05,08:26,card,ANON-0000-0000-0015,3.30,Cortado
2024-01-05,08:48,card,ANON-0000-0000-0152,3.30,Americano with Milk
2024-01-05,09:09,card,ANON-0000-0000-0001,3.80,Cappuccino
2024-01-05,10:44,card,ANON-0000-0000-0004,2.90,Americano
2024-01-05,11:08,card,ANON-0000-0000-0442,2.40,Espresso
2024-01-05,12:25,card,ANON-0000-0000-0013,3.80,Hot Chocolate
2024-01-05,13:55,card,ANON-0000-0000-0001,3.80,Cappuccino
2024-01-05,14:44,card,ANON-0000-0000-0095,3.30,Cortado
2024-01-05,15:00,card,ANON-0000-0000-0004,3.80,Hot Chocolate
2024-01-05,19:35,card,ANON-0000-0000-0001,3.80,Cappuccino
2024-01-05,19:43,card,ANON-0000-0000-0003,3.80,Latte
2024-01-05,20:57,card,ANON-0000-0000-0002,3.30,Americano with Milk
2024-01-06,07:05,card,ANON-0000-0000-0123,3.80,Cocoa
2024-01-06,09:31,card,ANON-0000-0000-0341,3.80,Cocoa
2024-01-06,09:55,card,ANON-0000-0000-0062,2.40,Espresso
2024-01-06,10:50,card,ANON-0000-0000-0011,3.80,Cocoa
2024-01-06,11:06,card,ANON-0000-0000-0027,3.80,Hot Chocolate
2024-01-06,13:53,card,ANON-0000-0000-0045,2.90,Americano
2024-01-07,10:27,card,ANON-0000-0000-0469,3.80,Cappuccino
2024-01-07,10:46,card,ANON-0000-0000-0189,3.80,Latte
2024-01-07,12:50,card,ANON-0000-0000-0267,3.80,Latte
2024-01-07,15:19,card,ANON-0000-0000-0002,3.80,Hot Chocolate
2024-01-07,19:57,card,ANON-0000-0000-0513,3.30,Americano with Milk
2024-01-07,20:32,card,ANON-0000-0000-0003,3.80,Latte
2024-01-08,08:31,card,ANON-0000-0000-0003,3.80,Latte
2024-01-08,09:14,card,ANON-0000-0000-0122,3.30,Americano with Milk
2024-01-08,09:55,card,ANON-0000-0000-0182,3.80,Latte
2024-01-08,12:50,card,ANON-0000-0000-0001,3.30,Americano with Milk
2024-01-08,12:55,card,ANON-0000-0000-0156,3.30,Americano with Milk
2024-01-08,13:08,cash,,3.80,Latte
2024-01-08,13:35,card,ANON-0000-0000-0003,3.80,Hot Chocolate
2024-01-08,13:47,cash,,3.30,Cortado
2024-01-08,14:29,card,ANON-0000-0000-0331,3.80,Latte
2024-01-08,16:43,card,ANON-0000-0000-0025,2.90,Americano
2024-01-08,20:45,card,ANON-0000-0000-0571,2.90,Americano
2024-01-09,08:59,card,ANON-0000-0000-0207,3.30,Americano with Milk
2024-01-09,09:08,card,ANON-0000-0000-0004,2.40,Espresso
2024-01-09,10:02,card,ANON-0000-0000-0006,3.30,Americano with Milk
2024-01-09,10:07,card,ANON-0000-0000-0165,2.90,Americano
2024-01-09,11:46,card,ANON-0000-0000-0313,3.80,Hot Chocolate
2024-01-09,11:50,card,ANON-0000-0000-0001,2.40,Espresso
2024-01-09,16:39,card,ANON-0000-0000-0058,3.80,Latte
2024-01-09,18:39,cash,,3.80,Latte
2024-01-09,19:06,card,ANON-0000-0000-0003,2.90,Americano
2024-01-09,21:01,card,ANON-0000-0000-0117,3.80,Cocoa
2024-01-10,07:38,card,ANON-0000-0000-0075,3.80,Cappuccino
2024-01-10,08:08,card,ANON-0000-0000-0061,2.90,Americano
2024-01-10,08:47,card,ANON-0000-0000-0016,3.80,Cocoa
2024-01-10,09:14,card,ANON-0000-0000-0199,3.30,Americano with Milk
2024-01-10,09:26,card,ANON-0000-0000-0023,2.90,Americano
2024-01-10,09:39,card,ANON-0000-0000-0083,3.30,Americano with Milk
2024-01-10,14:15,card,ANON-0000-0000-0251,2.90,Americano
2024-01-10,14:32,card,ANON-0000-0000-0132,3.80,Latte
2024-01-10,15:34,card,ANON-0000-0000-0115,3.80,Cappuccino
2024-01-10,15:35,card,ANON-0000-0000-0169,3.80,Cappuccino
2024-01-10,18:52,card,ANON-0000-0000-0037,3.30,Cortado
2024-01-10,21:27,card,ANON-0000-0000-0129,3.80,Latte
2024-01-10,21:56,card,ANON-0000-0000-0384,3.30,Americano with Milk
2024-01-11,07:04,card,ANON-0000-0000-0333,3.80,Hot Chocolate
2024-01-11,08:09,card,ANON-0000-0000-0144,3.80,Latte
2024-01-11,08:14,card,ANON-0000-0000-0225,2.40,Espresso
2024-01-11,08:40,card,ANON-0000-0000-0023,3.80,Cappuccino
2024-01-11,09:07,cash,,2.90,Americano
2024-01-11,09:21,card,ANON-0000-0000-0322,3.80,Hot Chocolate
2024-01-11,10:24,card,ANON-0000-0000-0321,3.80,Latte
2024-01-11,10:30,card,ANON-0000-0000-0019,2.90,Americano
2024-01-11,10:30,card,ANON-0000-0000-0051,3.80,Cocoa
2024-01-11,12:42,card,ANON-0000-0000-0002,3.80,Latte
2024-01-11,12:42,card,ANON-0000-0000-0129,3.30,Americano with Milk
2024-01-11,16:51,card,ANON-0000-0000-0009,3.30,Americano with Milk
2024-01-11,16:57,card,ANON-0000-0000-0231,3.80,Cappuccino
2024-01-11,17:22,card,ANON-0000-0000-0122,3.80,Latte
2024-01-11,17:36,card,ANON-0000-0000-0001,3.30,Americano with Milk
2024-01-11,17:59,card,ANON-0000-0000-0058,3.80,Cocoa
2024-01-12,07:37,card,ANON-0000-0000-0341,3.80,Cocoa
2024-01-12,08:10,cash,,3.80,Hot Chocolate
2024-01-12,09:42,card,ANON-0000-0000-0001,3.80,Cappuccino
2024-01-12,09:48,card,ANON-0000-0000-0112,3.80,Cocoa
2024-01-12,10:00,card,ANON-0000-0000-0002,3.80,Latte
2024-01-12,10:58,card,ANON-0000-0000-0008,3.80,Latte
2024-01-12,10:59,card,ANON-0000-0000-0149,3.80,Latte
2024-01-12,11:28,card,ANON-0000-0000-0062,3.80,Latte
2024-01-12,11:42,card,ANON-0000-0000-0352,2.90,Americano
2024-01-12,12:16,card,ANON-0000-0000-0178,3.80,Latte
2024-01-12,12:24,card,ANON-0000-0000-0148,3.80,Cocoa
2024-01-12,13:45,card,ANON-0000-0000-0001,3.30,Americano with Milk
2024-01-12,14:38,card,ANON-0000-0000-0266,3.30,Cortado
2024-01-12,18:33,card,ANON-0000-0000-0001,3.80,Cocoa
2024-01-12,19:31,cash,,3.80,Latte
2024-01-12,19:52,cash,,3.30,Americano with Milk
2024-01-13,08:11,card,ANON-0000-0000-0132,2.90,Americano
2024-01-13,08:23,card,ANON-0000-0000-0081,3.30,Americano with Milk
2024-01-13,09:34,cash,,3.80,Cappuccino
2024-01-13,10:35,card,ANON-0000-0000-0365,3.30,Cortado
2024-01-13,10:59,card,ANON-0000-0000-0014,3.30,Americano with Milk
2024-01-13,11:03,cash,,3.80,Latte
2024-01-13,15:51,card,ANON-0000-0000-0009,2.90,Americano
2024-01-13,17:42,card,ANON-0000-0000-0017,3.30,Americano with Milk
2024-01-13,18:07,card,ANON-0000-0000-0204,3.80,Cocoa
2024-01-13,21:44,card,ANON-0000-0000-0004,2.40,Espresso
2024-01-14,07:06,card,ANON-0000-0000-0438,2.40,Espresso
2024-01-14,07:46,card,ANON-0000-0000-0001,2.40,Espresso
2024-01-14,08:23,card,ANON-0000-0000-0005,3.80,Hot Chocolate
2024-01-14,08:53,cash,,3.80,Cappuccino
2024-01-14,09:03,card,ANON-0000-0000-0002,3.80,Cappuccino
2024-01-14,10:12,card,ANON-0000-0000-0095,3.80,Latte
2024-01-14,11:41,card,ANON-0000-0000-0009,3.30,Americano with Milk
2024-01-14,11:51,card,ANON-0000-0000-0003,3.30,Cortado
2024-01-14,12:03,card,ANON-0000-0000-0001,3.30,Cortado
2024-01-14,12:26,card,ANON-0000-0000-0084,3.30,Cortado
2024-01-14,20:02,card,ANON-0000-0000-0004,3.30,Americano with Milk
2024-01-14,20:38,card,ANON-0000-0000-0001,2.90,Americano
2024-01-15,09:17,cash,,3.80,Latte
2024-01-15,09:24,card,ANON-0000-0000-0010,3.30,Americano with Milk
2024-01-15,10:44,card,ANON-0000-0000-0220,3.80,Cappuccino
2024-01-15,10:51,card,ANON-0000-0000-0189,3.80,Latte
2024-01-15,11:19,card,ANON-0000-0000-0077,3.80,Cappuccino
2024-01-15,14:36,card,ANON-0000-0000-0001,2.90,Americano
2024-01-15,14:49,card,ANON-0000-0000-0029,2.90,Americano
2024-01-15,16:12,card,ANON-0000-0000-0008,3.80,Latte
2024-01-15,16:20,card,ANON-0000-0000-0564,3.80,Cocoa
2024-01-15,17:01,card,ANON-0000-0000-0083,2.90,Americano
2024-01-15,18:06,card,ANON-0000-0000-0311,2.40,Espresso
2024-01-15,18:30,card,ANON-0000-0000-0365,3.80,Latte
2024-01-15,19:38,card,ANON-0000-0000-0106,3.80,Hot Chocolate
2024-01-15,21:04,card,ANON-0000-0000-0149,2.90,Americano
2024-01-16,07:21,card,ANON-0000-0000-0555,3.30,Americano with Milk
2024-01-16,08:40,card,ANON-0000-0000-0029,3.30,Americano with Milk
2024-01-16,08:59,card,ANON-0000-0000-0032,3.80,Latte
2024-01-16,11:10,card,ANON-0000-0000-0386,3.80,Hot Chocolate
2024-01-16,11:55,card,ANON-0000-0000-0105,3.80,Latte
2024-01-16,12:15,cash,,3.80,Latte
2024-01-16,15:51,card,ANON-0000-0000-0090,3.80,Latte
2024-01-16,16:57,card,ANON-0000-0000-0025,3.30,Cortado
2024-01-16,18:11,card,ANON-0000-0000-0016,3.80,Cappuccino
2024-01-17,08:11,card,ANON-0000-0000-0092,3.30,Americano with Milk
2024-01-17,08:52,cash,,2.40,Espresso
2024-01-17,09:20,cash,,3.80,Cappuccino
2024-01-17,09:58,card,ANON-0000-0000-0332,2.90,Americano
2024-01-17,10:28,cash,,3.80,Latte
2024-01-17,10:54,card,ANON-0000-0000-0002,3.30,Cortado
2024-01-17,11:35,card,ANON-0000-0000-0324,3.30,Americano with Milk
2024-01-17,15:16,cash,,3.80,Cocoa
2024-01-17,16:28,card,ANON-0000-0000-0197,3.30,Americano with Milk
2024-01-17,20:12,card,ANON-0000-0000-0004,3.80,Cappuccino
2024-01-18,08:37,card,ANON-0000-0000-0051,3.30,Americano with Milk
2024-01-18,08:39,card,ANON-0000-0000-0004,3.30,Americano with Milk
2024-01-18,09:10,card,ANON-0000-0000-0003,3.80,Hot Chocolate
2024-01-18,11:31,card,ANON-0000-0000-0070,3.30,Cortado
2024-01-18,16:15,cash,,3.80,Latte
2024-01-18,16:23,card,ANON-0000-0000-0037,3.30,Americano with Milk
2024-01-18,18:10,card,ANON-0000-0000-0502,3.80,Cappuccino
2024-01-18,20:50,card,ANON-0000-0000-0500,3.80,Hot Chocolate
2024-01-19,07:08,cash,,2.40,Espresso
2024-01-19,08:49,card,ANON-0000-0000-0137,3.30,Americano with Milk
2024-01-19,09:24,card,ANON-0000-0000-0189,3.30,Americano with Milk
2024-01-19,09:49,cash,,3.30,Cortado
2024-01-19,10:44,card,ANON-0000-0000-0048,3.80,Latte
2024-01-19,11:50,card,ANON-0000-0000-0005,3.30,Americano with Milk
2024-01-19,12:09,card,ANON-0000-0000-0150,3.80,Cocoa
2024-01-19,12:28,card,ANON-0000-0000-0020,3.80,Hot Chocolate
2024-01-19,14:22,card,ANON-0000-0000-0496,3.80,Latte
2024-01-19,19:49,card,ANON-0000-0000-0100,3.80,Hot Chocolate
2024-01-19,21:55,card,ANON-0000-0000-0001,3.80,Latte
2024-01-20,07:17,cash,,3.80,Latte
2024-01-20,08:16,card,ANON-0000-0000-0010,3.80,Latte
2024-01-20,08:52,card,ANON-0000-0000-0013,3.30,Americano with Milk
2024-01-20,09:40,cash,,3.30,Cortado
2024-01-20,09:44,card,ANON-0000-0000-0263,3.30,Cortado
2024-01-20,10:16,card,ANON-0000-0000-0345,2.40,Espresso
2024-01-20,10:40,card,ANON-0000-0000-0043,3.80,Latte
2024-01-20,11:07,card,ANON-0000-0000-0127,3.80,Latte
2024-01-20,11:10,card,ANON-0000-0000-0009,3.80,Cocoa
2024-01-20,14:08,card,ANON-0000-0000-0032,3.80,Cocoa
2024-01-20,14:54,cash,,3.80,Cappuccino
2024-01-20,15:16,cash,,3.30,Cortado
2024-01-20,15:45,card,ANON-0000-0000-0093,3.30,Americano with Milk
2024-01-20,16:54,card,ANON-0000-0000-0001,3.80,Hot Chocolate
2024-01-20,18:54,card,ANON-0000-0000-0019,3.80,Latte
2024-01-21,08:13,card,ANON-0000-0000-0021,3.80,Cappuccino
2024-01-21,08:53,card,ANON-0000-0000-0146,3.80,Cappuccino
2024-01-21,11:12,card,ANON-0000-0000-0016,2.90,Americano
2024-01-21,14:14,cash,,3.80,Hot Chocolate
2024-01-21,16:39,cash,,3.80,Latte
2024-01-21,19:16,cash,,2.90,Americano
2024-01-21,21:28,card,ANON-0000-0000-0001,3.30,Cortado
2024-01-22,08:05,card,ANON-0000-0000-0005,3.80,Hot Chocolate
2024-01-22,08:13,card,ANON-0000-0000-0002,2.90,Americano
2024-01-22,08:26,card,ANON-0000-0000-0294,3.80,Cappuccino
2024-01-22,12:30,card,ANON-0000-0000-0213,3.80,Hot Chocolate
2024-01-22,12:51,card,ANON-0000-0000-0029,3.80,Hot Chocolate
2024-01-22,16:16,card,ANON-0000-0000-0007,2.40,Espresso
2024-01-22,17:04,card,ANON-0000-0000-0006,3.80,Latte
2024-01-22,18:00,card,ANON-0000-0000-0005,3.80,Hot Chocolate
2024-01-22,18:03,card,ANON-0000-0000-0003,2.90,Americano
2024-01-23,09:01,card,ANON-0000-0000-0035,3.30,Americano with Milk
2024-01-23,09:31,card,ANON-0000-0000-0005,3.30,Americano with Milk
2024-01-23,10:55,cash,,3.30,Americano with Milk
2024-01-23,11:46,card,ANON-0000-0000-0151,3.30,Cortado
2024-01-23,13:22,card,ANON-0000-0000-0023,3.80,Latte
2024-01-23,13:29,card,ANON-0000-0000-0001,2.90,Americano
2024-01-23,14:02,card,ANON-0000-0000-0003,3.80,Cappuccino
2024-01-23,15:36,card,ANON-0000-0000-0017,3.80,Cappuccino
2024-01-23,17:37,card,ANON-0000-0000-0022,2.40,Espresso
2024-01-23,18:22,card,ANON-0000-0000-0007,3.80,Latte
2024-01-23,18:27,card,ANON-0000-0000-0006,3.80,Cappuccino
2024-01-23,21:42,card,ANON-0000-0000-0002,3.80,Hot Chocolate
2024-01-24,08:06,card,ANON-0000-0000-0022,3.80,Cappuccino
2024-01-24,08:41,card,ANON-0000-0000-0037,2.90,Americano
2024-01-24,08:45,card,ANON-0000-0000-0094,3.80,Cocoa
2024-01-24,08:57,cash,,3.30,Americano with Milk
2024-01-24,09:15,cash,,3.80,Cocoa
2024-01-24,14:49,card,ANON-0000-0000-0032,3.80,Hot Chocolate
2024-01-24,18:11,card,ANON-0000-0000-0006,2.40,Espresso
2024-01-24,19:51,card,ANON-0000-0000-0002,3.30,Cortado
2024-01-25,08:06,card,ANON-0000-0000-0013,3.80,Cappuccino
2024-01-25,09:39,card,ANON-0000-0000-0064,3.30,Americano with Milk
2024-01-25,09:40,card,ANON-0000-0000-0015,3.30,Cortado
2024-01-25,10:10,cash,,3.80,Latte
2024-01-25,10:31,card,ANON-0000-0000-0082,3.80,Cocoa
2024-01-25,10:35,card,ANON-0000-0000-0313,3.80,Hot Chocolate
2024-01-25,10:55,cash,,2.40,Espresso
2024-01-25,11:03,card,ANON-0000-0000-0001,3.80,Latte
2024-01-25,11:31,card,ANON-0000-0000-0561,3.80,Cappuccino
2024-01-25,11:31,card,ANON-0000-0000-0035,2.40,Espresso
2024-01-25,13:15,card,ANON-0000-0000-0104,2.40,Espresso
2024-01-25,13:56,card,ANON-0000-0000-0045,3.80,Hot Chocolate
2024-01-25,13:58,card,ANON-0000-0000-0033,3.80,Cappuccino
2024-01-25,14:49,card,ANON-0000-0000-0024,3.80,Latte
2024-01-25,15:59,card,ANON-0000-0000-0365,2.40,Espresso
2024-01-25,16:50,card,ANON-0000-0000-0159,3.30,Americano with Milk
2024-01-26,07:11,card,ANON-0000-0000-0014,3.80,Hot Chocolate
2024-01-26,08:05,cash,,3.80,Hot Chocolate
2024-01-26,09:11,cash,,3.80,Latte
2024-01-26,10:23,card,ANON-0000-0000-0001,3.80,Cocoa
2024-01-26,11:29,card,ANON-0000-0000-0411,3.80,Cocoa
2024-01-26,12:20,card,ANON-0000-0000-0001,2.90,Americano
2024-01-26,14:34,card,ANON-0000-0000-0172,3.30,Cortado
2024-01-27,08:11,card,ANON-0000-0000-0043,3.80,Hot Chocolate
2024-01-27,09:05,cash,,3.80,Cocoa
2024-01-27,10:11,card,ANON-0000-0000-0023,3.80,Hot Chocolate
2024-01-27,11:17,card,ANON-0000-0000-0051,3.80,Latte
2024-01-27,11:30,card,ANON-0000-0000-0171,3.80,Hot Chocolate
2024-01-27,20:57,card,ANON-0000-0000-0027,3.80,Cocoa
2024-01-28,08:52,card,ANON-0000-0000-0020,2.90,Americano
2024-01-28,09:14,card,ANON-0000-0000-0038,3.80,Cappuccino
2024-01-28,09:58,card,ANON-0000-0000-0002,2.90,Americano
2024-01-28,12:33,card,ANON-0000-0000-0487,3.80,Cocoa
2024-01-28,19:02,cash,,3.80,Cappuccino
2024-01-28,21:02,card,ANON-0000-0000-0008,3.30,Americano with Milk
2024-01-29,08:55,card,ANON-0000-0000-0004,3.80,Latte
2024-01-29,09:01,card,ANON-0000-0000-0007,3.80,Cappuccino
2024-01-29,09:28,card,ANON-0000-0000-0507,3.80,Hot Chocolate
2024-01-29,09:29,card,ANON-0000-0000-0011,3.80,Cappuccino
2024-01-29,09:59,card,ANON-0000-0000-0209,3.30,Cortado
2024-01-29,10:30,card,ANON-0000-0000-0207,3.30,Americano with Milk
2024-01-29,11:16,card,ANON-0000-0000-0115,3.80,Cocoa
2024-01-29,12:25,card,ANON-0000-0000-0006,3.80,Latte
2024-01-29,12:58,card,ANON-0000-0000-0013,3.30,Cortado
2024-01-29,14:56,card,ANON-0000-0000-0003,3.80,Latte
2024-01-29,15:05,cash,,3.80,Hot Chocolate
2024-01-29,15:26,card,ANON-0000-0000-0006,2.40,Espresso
2024-01-29,19:30,card,ANON-0000-0000-0002,2.90,Americano
2024-01-30,08:12,cash,,3.80,Latte
2024-01-30,08:20,card,ANON-0000-0000-0363,3.30,Americano with Milk
2024-01-30,08:49,cash,,2.90,Americano
2024-01-30,09:04,card,ANON-0000-0000-0031,3.30,Cortado
2024-01-30,09:26,card,ANON-0000-0000-0002,3.30,Americano with Milk
2024-01-30,10:06,card,ANON-0000-0000-0084,3.30,Cortado
2024-01-30,10:26,card,ANON-0000-0000-0008,3.30,Americano with Milk
2024-01-30,12:21,card,ANON-0000-0000-0390,3.30,Americano with Milk
2024-01-30,12:48,card,ANON-0000-0000-0077,3.30,Americano with Milk
2024-01-30,13:16,card,ANON-0000-0000-0327,3.30,Cortado
2024-01-30,15:14,card,ANON-0000-0000-0589,3.30,Americano with Milk
2024-01-30,16:10,card,ANON-0000-0000-0016,3.80,Latte
2024-01-30,16:10,card,ANON-0000-0000-0030,3.80,Cocoa
2024-01-31,08:40,card,ANON-0000-0000-0001,3.80,Hot Chocolate
2024-01-31,09:00,card,ANON-0000-0000-0085,2.90,Americano
2024-01-31,09:40,card,ANON-0000-0000-0587,3.80,Latte
2024-01-31,10:24,cash,,3.80,Hot Chocolate
2024-01-31,10:50,card,ANON-0000-0000-0001,3.80,Cocoa
2024-01-31,13:03,card,ANON-0000-0000-0007,3.30,Americano with Milk
2024-01-31,20:11,card,ANON-0000-0000-0006,3.30,Americano with Milk
2024-01-31,20:45,card,ANON-0000-0000-0026,2.90,Americano
2024-02-01,08:44,cash,,3.30,Americano with Milk
2024-02-01,09:09,card,ANON-0000-0000-0246,3.30,Cortado
2024-02-01,09:24,card,ANON-0000-0000-0007,3.30,Americano with Milk
2024-02-01,10:58,card,ANON-0000-0000-0123,2.90,Americano
2024-02-01,11:39,cash,,2.90,Americano
2024-02-01,11:41,card,ANON-0000-0000-0001,3.80,Latte
2024-02-01,12:24,card,ANON-0000-0000-0331,3.30,Cortado
2024-02-01,14:55,card,ANON-0000-0000-0008,3.80,Hot Chocolate
2024-02-01,16:08,card,ANON-0000-0000-0004,3.80,Latte
2024-02-01,18:14,card,ANON-0000-0000-0328,3.30,Americano with Milk
2024-02-02,08:44,card,ANON-0000-0000-0566,3.30,Americano with Milk
2024-02-02,11:44,card,ANON-0000-0000-0571,3.30,Cortado
2024-02-02,12:17,card,ANON-0000-0000-0032,3.80,Cocoa
2024-02-02,15:09,card,ANON-0000-0000-0048,3.80,Cappuccino
2024-02-02,16:02,card,ANON-0000-0000-0021,3.80,Cappuccino
2024-02-02,16:59,card,ANON-0000-0000-0436,2.90,Americano
2024-02-02,18:37,cash,,3.80,Latte
2024-02-02,20:49,card,ANON-0000-0000-0122,3.80,Cappuccino
2024-02-03,07:53,cash,,3.80,Latte
2024-02-03,08:13,card,ANON-0000-0000-0002,3.80,Cocoa
2024-02-03,08:32,card,ANON-0000-0000-0377,3.30,Cortado
2024-02-03,09:32,card,ANON-0000-0000-0002,3.80,Latte
2024-02-03,10:44,card,ANON-0000-0000-0003,3.80,Latte
2024-02-03,11:17,cash,,3.80,Cappuccino
2024-02-03,12:51,card,ANON-0000-0000-0578,2.40,Espresso
2024-02-03,13:31,card,ANON-0000-0000-0001,3.30,Americano with Milk
2024-02-03,15:15,card,ANON-0000-0000-0003,3.30,Americano with Milk
2024-02-03,16:31,card,ANON-0000-0000-0123,3.80,Latte
2024-02-03,18:44,cash,,3.80,Latte
2024-02-03,20:12,card,ANON-0000-0000-0118,3.80,Cappuccino
2024-02-04,08:54,card,ANON-0000-0000-0048,3.80,Latte
2024-02-04,09:45,card,ANON-0000-0000-0205,3.80,Cappuccino
2024-02-04,10:17,card,ANON-0000-0000-0111,3.80,Latte
2024-02-04,10:27,card,ANON-0000-0000-0302,3.80,Cappuccino
2024-02-04,15:41,card,ANON-0000-0000-0074,3.80,Latte
2024-02-04,16:06,card,ANON-0000-0000-0056,2.90,Americano
2024-02-04,17:12,card,ANON-0000-0000-0008,3.30,Americano with Milk
2024-02-04,18:39,card,ANON-0000-0000-0222,3.80,Latte
2024-02-05,07:24,card,ANON-0000-0000-0078,3.80,Cappuccino
2024-02-05,08:10,card,ANON-0000-0000-0221,3.30,Americano with Milk
2024-02-05,08:44,card,ANON-0000-0000-0121,3.80,Latte
2024-02-05,09:56,cash,,3.30,Americano with Milk
2024-02-05,09:58,cash,,3.30,Americano with Milk
2024-02-05,11:06,cash,,3.30,Americano with Milk
2024-02-05,11:37,card,ANON-0000-0000-0001,3.80,Cocoa
2024-02-05,12:01,card,ANON-0000-0000-0211,3.80,Cocoa
2024-02-05,12:21,cash,,3.30,Americano with Milk
2024-02-05,12:34,card,ANON-0000-0000-0018,3.80,Latte
2024-02-05,12:42,cash,,3.30,Americano with Milk
2024-02-05,12:58,card,ANON-0000-0000-0003,3.80,Hot Chocolate
2024-02-05,14:46,card,ANON-0000-0000-0081,3.80,Latte
2024-02-05,16:32,card,ANON-0000-0000-0058,3.30,Cortado
2024-02-05,19:12,card,ANON-0000-0000-0018,3.80,Cappuccino
2024-02-05,20:09,card,ANON-0000-0000-0005,3.80,Cocoa
2024-02-06,07:26,card,ANON-0000-0000-0039,3.80,Cappuccino
2024-02-06,08:04,card,ANON-0000-0000-0106,3.30,Americano with Milk
2024-02-06,08:13,card,ANON-0000-0000-0021,2.40,Espresso
2024-02-06,08:26,cash,,2.90,Americano
2024-02-06,09:36,card,ANON-0000-0000-0001,3.80,Hot Chocolate
2024-02-06,13:40,card,ANON-0000-0000-0001,3.80,Cocoa
2024-02-06,14:31,card,ANON-0000-0000-0007,3.80,Hot Chocolate
2024-02-06,17:22,card,ANON-0000-0000-0126,2.90,Americano
2024-02-07,07:55,card,ANON-0000-0000-0026,2.90,Americano
2024-02-07,09:00,card,ANON-0000-0000-0452,3.30,Cortado
2024-02-07,09:18,card,ANON-0000-0000-0343,3.80,Cappuccino
2024-02-07,09:31,card,ANON-0000-0000-0332,3.80,Hot Chocolate
2024-02-07,09:42,card,ANON-0000-0000-0572,3.80,Latte
2024-02-07,11:30,card,ANON-0000-0000-0110,3.80,Latte
2024-02-07,11:57,cash,,3.80,Latte
2024-02-07,12:31,card,ANON-0000-0000-0196,3.80,Cocoa
2024-02-07,14:01,card,ANON-0000-0000-0007,3.80,Cocoa
2024-02-07,17:52,card,ANON-0000-0000-0010,3.80,Cappuccino
2024-02-07,19:45,card,ANON-0000-0000-0161,2.90,Americano
2024-02-07,19:58,cash,,2.90,Americano
2024-02-08,08:20,card,ANON-0000-0000-0013,3.30,Cortado
2024-02-08,09:43,card,ANON-0000-0000-0033,2.90,Americano
2024-02-08,10:30,card,ANON-0000-0000-0001,3.80,Hot Chocolate
2024-02-08,12:01,card,ANON-0000-0000-0003,3.80,Cocoa
2024-02-08,16:50,card,ANON-0000-0000-0039,3.80,Latte
2024-02-09,07:12,card,ANON-0000-0000-0048,2.40,Espresso
2024-02-09,07:31,card,ANON-0000-0000-0042,3.30,Americano with Milk
2024-02-09,08:31,card,ANON-0000-0000-0552,3.80,Cocoa
2024-02-09,09:35,card,ANON-0000-0000-0003,3.80,Cappuccino
2024-02-09,10:22,cash,,2.90,Americano
2024-02-09,11:01,cash,,3.30,Americano with Milk
2024-02-09,11:08,card,ANON-0000-0000-0001,3.80,Latte
2024-02-09,14:00,cash,,3.30,Cortado
2024-02-09,14:50,card,ANON-0000-0000-0050,3.80,Latte
2024-02-09,17:37,card,ANON-0000-0000-0011,3.80,Latte
2024-02-10,07:15,card,ANON-0000-0000-0001,3.80,Hot Chocolate
2024-02-10,09:21,card,ANON-0000-0000-0011,2.40,Espresso
2024-02-10,09:40,card,ANON-0000-0000-0005,3.80,Cappuccino
2024-02-10,10:22,cash,,3.30,Americano with Milk
2024-02-10,11:27,card,ANON-0000-0000-0004,3.30,Cortado
2024-02-10,11:30,card,ANON-0000-0000-0454,3.30,Americano with Milk
2024-02-10,12:10,card,ANON-0000-0000-0063,3.30,Americano with Milk
2024-02-10,15:24,cash,,3.80,Cappuccino
2024-02-10,18:30,card,ANON-0000-0000-0020,3.80,Latte
2024-02-10,21:30,card,ANON-0000-0000-0069,3.80,Hot Chocolate
2024-02-11,09:20,card,ANON-0000-0000-0580,3.30,Americano with Milk
2024-02-11,09:25,card,ANON-0000-0000-0455,3.30,Americano with Milk
2024-02-11,10:23,card,ANON-0000-0000-0058,2.90,Americano
2024-02-12,08:46,card,ANON-0000-0000-0004,3.30,Cortado
2024-02-12,10:02,card,ANON-0000-0000-0003,3.30,Americano with Milk
2024-02-12,11:16,card,ANON-0000-0000-0248,3.30,Cortado
2024-02-12,16:26,card,ANON-0000-0000-0033,3.80,Cappuccino
2024-02-12,16:39,card,ANON-0000-0000-0531,2.40,Espresso
2024-02-12,16:46,card,ANON-0000-0000-0295,3.80,Hot Chocolate
2024-02-12,17:02,card,ANON-0000-0000-0010,2.90,Americano
2024-02-12,17:08,card,ANON-0000-0000-0313,3.30,Cortado
2024-02-12,18:05,card,ANON-0000-0000-0535,3.30,Americano with Milk
2024-02-12,19:40,card,ANON-0000-0000-0066,3.30,Cortado
2024-02-12,21:44,card,ANON-0000-0000-0288,3.80,Hot Chocolate
2024-02-13,08:15,card,ANON-0000-0000-0210,3.80,Hot Chocolate
2024-02-13,08:22,cash,,3.80,Latte
2024-02-13,08:56,card,ANON-0000-0000-0134,2.90,Americano
2024-02-13,09:15,card,ANON-0000-0000-0003,3.80,Cocoa
2024-02-13,12:11,card,ANON-0000-0000-0368,3.80,Cappuccino
2024-02-13,13:07,cash,,3.30,Cortado
2024-02-13,13:15,card,ANON-0000-0000-0002,3.80,Cocoa
2024-02-13,15:19,card,ANON-0000-0000-0017,2.90,Americano
2024-02-13,15:23,card,ANON-0000-0000-0019,2.90,Americano
2024-02-13,17:53,card,ANON-0000-0000-0495,3.30,Cortado
2024-02-13,19:47,card,ANON-0000-0000-0001,3.80,Cappuccino
2024-02-14,08:20,card,ANON-0000-0000-0319,3.80,Cappuccino
2024-02-14,09:01,card,ANON-0000-0000-0345,3.80,Latte
2024-02-14,09:32,card,ANON-0000-0000-0001,3.80,Hot Chocolate
2024-02-14,09:46,card,ANON-0000-0000-0007,3.30,Cortado
2024-02-14,10:14,card,ANON-0000-0000-0216,3.80,Cocoa
2024-02-14,10:41,card,ANON-0000-0000-0357,3.80,Cocoa
2024-02-14,10:59,card,ANON-0000-0000-0079,2.90,Americano
2024-02-14,11:17,card,ANON-0000-0000-0034,3.30,Cortado
2024-02-14,14:22,card,ANON-0000-0000-0129,3.80,Cocoa
2024-02-15,08:58,card,ANON-0000-0000-0403,2.40,Espresso
2024-02-15,09:11,card,ANON-0000-0000-0099,3.30,Americano with Milk
2024-02-15,09:35,card,ANON-0000-0000-0027,2.40,Espresso
2024-02-15,10:36,card,ANON-0000-0000-0005,3.80,Latte
2024-02-15,15:35,cash,,3.30,Americano with Milk
2024-02-15,16:42,card,ANON-0000-0000-0002,2.40,Espresso
2024-02-15,18:09,card,ANON-0000-0000-0589,3.80,Latte
2024-02-16,07:07,card,ANON-0000-0000-0008,3.30,Cortado
2024-02-16,08:11,card,ANON-0000-0000-0075,3.80,Latte
2024-02-16,08:34,card,ANON-0000-0000-0260,3.30,Americano with Milk
2024-02-16,09:23,card,ANON-0000-0000-0002,3.80,Cappuccino
2024-02-16,09:25,card,ANON-0000-0000-0053,3.80,Cappuccino
2024-02-16,11:07,card,ANON-0000-0000-0035,3.80,Hot Chocolate
2024-02-16,12:19,card,ANON-0000-0000-0001,3.80,Hot Chocolate
2024-02-16,16:59,card,ANON-0000-0000-0001,3.30,Americano with Milk
2024-02-16,19:12,card,ANON-0000-0000-0335,2.90,Americano
2024-02-17,08:41,card,ANON-0000-0000-0078,3.80,Latte
2024-02-17,09:08,cash,,3.80,Cocoa
2024-02-17,10:27,card,ANON-0000-0000-0009,2.40,Espresso
2024-02-17,10:34,card,ANON-0000-0000-0394,3.80,Latte
2024-02-17,10:36,card,ANON-0000-0000-0215,2.40,Espresso
2024-02-17,10:48,card,ANON-0000-0000-0078,3.30,Americano with Milk
2024-02-17,11:12,card,ANON-0000-0000-0256,2.40,Espresso
2024-02-17,11:29,card,ANON-0000-0000-0003,3.80,Hot Chocolate
2024-02-17,12:52,card,ANON-0000-0000-0098,2.90,Americano
2024-02-18,08:04,card,ANON-0000-0000-0135,3.80,Cappuccino
2024-02-18,08:15,card,ANON-0000-0000-0071,3.80,Latte
2024-02-18,08:41,card,ANON-0000-0000-0125,3.80,Latte
2024-02-18,09:50,card,ANON-0000-0000-0254,3.80,Cocoa
2024-02-18,12:06,cash,,3.80,Latte
2024-02-18,15:03,card,ANON-0000-0000-0002,3.80,Latte
2024-02-18,16:37,card,ANON-0000-0000-0114,3.80,Cappuccino
2024-02-18,19:03,card,ANON-0000-0000-0184,3.30,Americano with Milk
2024-02-18,19:45,card,ANON-0000-0000-0103,3.30,Cortado
2024-02-19,08:35,card,ANON-0000-0000-0514,3.30,Americano with Milk
2024-02-19,09:20,card,ANON-0000-0000-0001,2.90,Americano
2024-02-19,13:17,card,ANON-0000-0000-0030,2.40,Espresso
2024-02-19,13:50,card,ANON-0000-0000-0065,3.80,Cocoa
2024-02-19,15:43,card,ANON-0000-0000-0446,3.30,Americano with Milk
2024-02-19,15:57,card,ANON-0000-0000-0105,3.80,Cappuccino
2024-02-19,17:26,card,ANON-0000-0000-0380,3.30,Americano with Milk
2024-02-19,18:49,card,ANON-0000-0000-0002,3.80,Latte
2024-02-20,07:38,cash,,2.90,Americano
2024-02-20,08:52,card,ANON-0000-0000-0009,3.80,Cappuccino
2024-02-20,09:25,card,ANON-0000-0000-0019,2.90,Americano
2024-02-20,12:05,card,ANON-0000-0000-0536,3.80,Cocoa
2024-02-20,12:46,cash,,3.80,Hot Chocolate
2024-02-20,15:52,card,ANON-0000-0000-0060,3.30,Americano with Milk
2024-02-20,17:40,card,ANON-0000-0000-0038,3.30,Americano with Milk
2024-02-20,17:51,card,ANON-0000-0000-0244,3.30,Americano with Milk
2024-02-20,19:15,cash,,3.80,Latte
2024-02-20,20:07,card,ANON-0000-0000-0067,3.30,Americano with Milk
2024-02-20,20:27,card,ANON-0000-0000-0059,3.80,Cappuccino
2024-02-21,09:27,card,ANON-0000-0000-0451,3.30,Cortado
2024-02-21,10:59,card,ANON-0000-0000-0074,3.80,Latte
2024-02-21,12:14,cash,,3.80,Latte
2024-02-21,13:01,card,ANON-0000-0000-0111,3.80,Latte
2024-02-21,14:15,card,ANON-0000-0000-0343,3.80,Cappuccino
2024-02-21,15:52,card,ANON-0000-0000-0001,2.40,Espresso
2024-02-21,20:15,card,ANON-0000-0000-0003,3.80,Cappuccino
2024-02-22,07:22,cash,,2.90,Americano
2024-02-22,08:40,card,ANON-0000-0000-0087,3.30,Americano with Milk
2024-02-22,08:42,card,ANON-0000-0000-0376,3.80,Hot Chocolate
2024-02-22,09:01,card,ANON-0000-0000-0386,2.40,Espresso
2024-02-22,09:56,card,ANON-0000-0000-0045,3.80,Latte
2024-02-22,10:31,card,ANON-0000-0000-0348,3.80,Cappuccino
2024-02-22,10:56,cash,,3.30,Americano with Milk
2024-02-22,11:24,card,ANON-0000-0000-0064,3.80,Latte
2024-02-22,11:34,cash,,3.30,Americano with Milk
2024-02-22,11:57,card,ANON-0000-0000-0294,3.80,Hot Chocolate
2024-02-22,14:50,card,ANON-0000-0000-0222,3.80,Latte
2024-02-22,16:26,card,ANON-0000-0000-0006,3.80,Hot Chocolate
2024-02-22,18:24,card,ANON-0000-0000-0181,3.80,Cappuccino
2024-02-22,19:27,card,ANON-0000-0000-0013,3.30,Americano with Milk
2024-02-23,08:53,card,ANON-0000-0000-0572,3.80,Cappuccino
2024-02-23,09:23,card,ANON-0000-0000-0028,3.80,Latte
2024-02-23,09:36,card,ANON-0000-0000-0366,3.80,Cappuccino
2024-02-23,11:34,card,ANON-0000-0000-0001,3.80,Hot Chocolate
2024-02-23,11:44,card,ANON-0000-0000-0289,3.80,Cappuccino
2024-02-23,11:45,card,ANON-0000-0000-0026,3.30,Cortado
2024-02-23,12:28,card,ANON-0000-0000-0360,3.30,Americano with Milk
2024-02-23,13:23,card,ANON-0000-0000-0367,3.30,Cortado
2024-02-23,17:04,card,ANON-0000-0000-0004,3.80,Cappuccino
2024-02-23,17:18,cash,,3.80,Hot Chocolate
2024-02-24,07:10,card,ANON-0000-0000-0002,3.30,Americano with Milk
2024-02-24,08:15,card,ANON-0000-0000-0056,3.30,Cortado
2024-02-24,09:36,card,ANON-0000-0000-0005,2.90,Americano
2024-02-24,09:40,card,ANON-0000-0000-0008,2.40,Espresso
2024-02-24,12:24,card,ANON-0000-0000-0187,3.30,Americano with Milk
2024-02-24,12:44,card,ANON-0000-0000-0263,3.30,Cortado
2024-02-24,13:15,card,ANON-0000-0000-0377,3.30,Americano with Milk
2024-02-24,17:50,card,ANON-0000-0000-0358,2.90,Americano
2024-02-24,18:21,card,ANON-0000-0000-0001,3.80,Hot Chocolate
2024-02-24,21:25,card,ANON-0000-0000-0312,3.80,Cappuccino
2024-02-25,08:13,card,ANON-0000-0000-0325,2.90,Americano
2024-02-25,11:13,card,ANON-0000-0000-0310,3.80,Latte
2024-02-25,15:53,card,ANON-0000-0000-0002,3.80,Cappuccino
2024-02-25,16:45,cash,,2.90,Americano
2024-02-25,17:09,card,ANON-0000-0000-0202,3.30,Americano with Milk
2024-02-25,20:47,card,ANON-0000-0000-0027,3.30,Americano with Milk
2024-02-25,21:02,card,ANON-0000-0000-0575,2.90,Americano
2024-02-26,08:12,card,ANON-0000-0000-0007,3.30,Americano with Milk
2024-02-26,08:25,card,ANON-0000-0000-0008,2.40,Espresso
2024-02-26,09:02,card,ANON-0000-0000-0001,3.80,Cocoa
2024-02-26,09:28,card,ANON-0000-0000-0026,3.30,Cortado
2024-02-26,09:33,card,ANON-0000-0000-0037,3.30,Americano with Milk
2024-02-26,10:26,card,ANON-0000-0000-0229,3.80,Cocoa
2024-02-26,12:52,card,ANON-0000-0000-0009,3.80,Cocoa
2024-02-26,13:41,card,ANON-0000-0000-0094,3.80,Latte
2024-02-26,15:01,card,ANON-0000-0000-0250,3.30,Americano with Milk
2024-02-26,15:01,card,ANON-0000-0000-0025,3.80,Latte
2024-02-26,16:02,card,ANON-0000-0000-0037,3.80,Cappuccino
2024-02-26,21:12,card,ANON-0000-0000-0038,3.30,Cortado
2024-02-27,08:01,card,ANON-0000-0000-0069,3.80,Cappuccino
2024-02-27,08:14,card,ANON-0000-0000-0043,2.40,Espresso
2024-02-27,10:01,card,ANON-0000-0000-0004,3.30,Americano with Milk
2024-02-27,11:02,card,ANON-0000-0000-0531,3.80,Cappuccino
2024-02-27,11:25,card,ANON-0000-0000-0146,3.30,Americano with Milk
2024-02-27,11:37,cash,,2.90,Americano
2024-02-27,11:53,card,ANON-0000-0000-0084,2.90,Americano
2024-02-27,11:55,cash,,3.80,Cocoa
2024-02-27,12:27,cash,,3.80,Cappuccino
2024-02-27,13:07,card,ANON-0000-0000-0009,2.90,Americano
2024-02-27,14:13,cash,,3.30,Cortado
2024-02-27,16:17,card,ANON-0000-0000-0594,3.30,Americano with Milk
2024-02-27,16:45,card,ANON-0000-0000-0001,2.40,Espresso
2024-02-27,20:55,card,ANON-0000-0000-0026,3.30,Americano with Milk
2024-02-28,07:55,card,ANON-0000-0000-0047,3.80,Hot Chocolate
2024-02-28,08:28,cash,,3.30,Cortado
2024-02-28,08:40,card,ANON-0000-0000-0131,2.90,Americano
2024-02-28,09:39,card,ANON-0000-0000-0108,2.90,Americano
2024-02-28,10:05,card,ANON-0000-0000-0175,3.80,Hot Chocolate
2024-02-28,13:00,card,ANON-0000-0000-0012,3.80,Cocoa
2024-02-28,13:14,card,ANON-0000-0000-0366,3.80,Latte
2024-02-28,13:42,card,ANON-0000-0000-0133,3.80,Cocoa
2024-02-28,13:44,card,ANON-0000-0000-0059,3.30,Americano with Milk
2024-02-28,15:19,cash,,3.80,Hot Chocolate
2024-02-28,15:43,card,ANON-0000-0000-0087,3.80,Cocoa
2024-02-28,15:47,card,ANON-0000-0000-0003,3.30,Americano with Milk
2024-02-28,15:54,card,ANON-0000-0000-0180,2.90,Americano
2024-02-28,21:52,card,ANON-0000-0000-0005,3.30,Americano with Milk
2024-02-29,08:12,card,ANON-0000-0000-0009,3.30,Americano with Milk
2024-02-29,08:36,card,ANON-0000-0000-0002,3.80,Cappuccino
2024-02-29,08:55,card,ANON-0000-0000-0095,3.80,Latte
2024-02-29,09:36,cash,,3.80,Cappuccino
2024-02-29,13:47,card,ANON-0000-0000-0237,3.80,Cappuccino
2024-03-01,08:22,card,ANON-0000-0000-0099,3.30,Americano with Milk
2024-03-01,09:00,card,ANON-0000-0000-0108,3.80,Cocoa
2024-03-01,09:03,card,ANON-0000-0000-0039,3.80,Cocoa
2024-03-01,10:47,card,ANON-0000-0000-0011,3.80,Latte
2024-03-01,10:49,card,ANON-0000-0000-0246,3.30,Americano with Milk
2024-03-01,11:36,cash,,3.80,Latte
2024-03-01,12:22,card,ANON-0000-0000-0004,2.40,Espresso
2024-03-01,13:28,cash,,2.90,Americano
2024-03-01,16:38,card,ANON-0000-0000-0110,3.80,Latte
2024-03-01,18:22,card,ANON-0000-0000-0009,3.80,Latte
2024-03-02,10:14,cash,,3.30,Americano with Milk
2024-03-02,14:13,card,ANON-0000-0000-0006,3.30,Cortado
2024-03-02,15:36,card,ANON-0000-0000-0028,3.80,Latte
2024-03-02,17:05,cash,,3.80,Latte
2024-03-02,18:46,cash,,3.80,Latte
2024-03-02,19:16,card,ANON-0000-0000-0004,3.30,Americano with Milk
2024-03-02,20:15,card,ANON-0000-0000-0001,2.90,Americano
2024-03-03,08:41,card,ANON-0000-0000-0021,3.80,Latte
2024-03-03,08:47,card,ANON-0000-0000-0342,3.30,Cortado
2024-03-03,09:03,card,ANON-0000-0000-0001,2.90,Americano
2024-03-03,09:11,cash,,2.40,Espresso
2024-03-03,11:48,card,ANON-0000-0000-0197,3.80,Latte
2024-03-03,14:19,card,ANON-0000-0000-0123,2.90,Americano
2024-03-03,14:19,card,ANON-0000-0000-0177,3.80,Cocoa
2024-03-03,15:27,card,ANON-0000-0000-0005,3.80,Hot Chocolate
2024-03-03,15:55,card,ANON-0000-0000-0299,3.80,Cappuccino
2024-03-04,10:56,card,ANON-0000-0000-0566,3.80,Latte
2024-03-04,19:11,card,ANON-0000-0000-0176,3.80,Cappuccino
2024-03-04,20:03,card,ANON-0000-0000-0001,2.90,Americano
2024-03-04,21:08,cash,,2.90,Americano
2024-03-05,08:17,card,ANON-0000-0000-0001,3.80,Latte
2024-03-05,08:34,cash,,3.80,Latte
2024-03-05,08:36,card,ANON-0000-0000-0002,2.90,Americano
2024-03-05,09:42,card,ANON-0000-0000-0455,3.80,Cappuccino
2024-03-05,15:17,cash,,3.30,Americano with Milk
2024-03-05,18:11,cash,,3.80,Cappuccino
2024-03-06,08:11,card,ANON-0000-0000-0373,2.90,Americano
2024-03-06,09:01,card,ANON-0000-0000-0439,3.80,Latte
2024-03-06,09:48,card,ANON-0000-0000-0002,3.30,Cortado
2024-03-06,10:47,cash,,3.80,Cappuccino
2024-03-06,15:27,card,ANON-0000-0000-0268,2.90,Americano
2024-03-06,16:40,card,ANON-0000-0000-0020,3.80,Cappuccino
2024-03-06,17:58,card,ANON-0000-0000-0079,2.90,Americano
2024-03-07,07:03,card,ANON-0000-0000-0005,3.80,Cocoa
2024-03-07,08:11,card,ANON-0000-0000-0034,3.80,Latte
2024-03-07,08:13,card,ANON-0000-0000-0123,3.80,Cappuccino
2024-03-07,10:50,card,ANON-0000-0000-0012,3.80,Cocoa
2024-03-07,12:58,card,ANON-0000-0000-0002,3.80,Latte
2024-03-07,13:20,card,ANON-0000-0000-0002,2.90,Americano
2024-03-07,15:29,card,ANON-0000-0000-0116,3.80,Latte
2024-03-08,07:31,cash,,2.40,Espresso
2024-03-08,07:47,card,ANON-0000-0000-0004,3.80,Latte
2024-03-08,08:26,card,ANON-0000-0000-0058,3.80,Cappuccino
2024-03-08,08:32,card,ANON-0000-0000-0292,3.30,Cortado
2024-03-08,09:56,card,ANON-0000-0000-0379,2.90,Americano
2024-03-08,10:06,card,ANON-0000-0000-0065,3.80,Latte
2024-03-08,13:36,card,ANON-0000-0000-0002,3.80,Hot Chocolate
2024-03-08,15:56,card,ANON-0000-0000-0064,3.30,Americano with Milk
2024-03-08,20:45,card,ANON-0000-0000-0021,2.90,Americano
2024-03-08,21:48,card,ANON-0000-0000-0013,2.90,Americano
2024-03-09,07:17,card,ANON-0000-0000-0004,3.30,Americano with Milk
2024-03-09,10:10,card,ANON-0000-0000-0001,3.30,Americano with Milk
2024-03-09,10:33,card,ANON-0000-0000-0059,3.80,Cappuccino
2024-03-09,12:40,card,ANON-0000-0000-0035,3.80,Cappuccino
2024-03-09,12:51,card,ANON-0000-0000-0043,3.80,Latte
2024-03-09,13:40,card,ANON-0000-0000-0432,3.30,Americano with Milk
2024-03-10,07:31,card,ANON-0000-0000-0448,3.80,Cappuccino
2024-03-10,08:19,card,ANON-0000-0000-0067,3.80,Hot Chocolate
2024-03-10,08:29,card,ANON-0000-0000-0566,3.80,Cappuccino
2024-03-10,08:31,card,ANON-0000-0000-0079,2.90,Americano
2024-03-10,14:02,card,ANON-0000-0000-0002,3.30,Americano with Milk
2024-03-10,15:51,card,ANON-0000-0000-0002,3.80,Cappuccino
2024-03-10,15:54,card,ANON-0000-0000-0009,2.90,Americano
2024-03-10,16:50,card,ANON-0000-0000-0292,2.90,Americano
2024-03-10,19:26,card,ANON-0000-0000-0081,3.80,Latte
2024-03-10,20:04,card,ANON-0000-0000-0372,3.30,Americano with Milk
2024-03-11,07:01,cash,,3.80,Hot Chocolate
2024-03-11,09:52,card,ANON-0000-0000-0001,3.30,Americano with Milk
2024-03-11,10:40,card,ANON-0000-0000-0042,3.80,Latte
2024-03-11,10:45,cash,,2.40,Espresso
2024-03-11,18:41,cash,,3.80,Cappuccino
2024-03-12,11:17,cash,,3.30,Cortado
2024-03-12,13:00,cash,,3.80,Cappuccino
2024-03-12,13:29,card,ANON-0000-0000-0356,3.80,Latte
2024-03-12,15:31,card,ANON-0000-0000-0313,3.80,Latte
2024-03-12,15:35,card,ANON-0000-0000-0026,3.80,Hot Chocolate
2024-03-12,15:57,cash,,2.40,Espresso
2024-03-12,16:36,card,ANON-0000-0000-0051,3.80,Cappuccino
2024-03-12,16:51,card,ANON-0000-0000-0004,3.80,Latte
2024-03-12,17:47,card,ANON-0000-0000-0073,2.90,Americano
2024-03-12,17:59,cash,,3.30,Cortado
2024-03-12,19:12,card,ANON-0000-0000-0227,3.80,Hot Chocolate
2024-03-12,19:37,card,ANON-0000-0000-0064,3.80,Latte
2024-03-13,09:48,card,ANON-0000-0000-0595,3.80,Cappuccino
2024-03-13,15:42,card,ANON-0000-0000-0047,3.30,Americano with Milk
2024-03-13,16:35,card,ANON-0000-0000-0050,3.80,Hot Chocolate
2024-03-14,08:09,card,ANON-0000-0000-0023,3.80,Hot Chocolate
2024-03-14,09:35,cash,,3.30,Cortado
2024-03-14,10:04,cash,,3.30,Americano with Milk
2024-03-14,10:43,card,ANON-0000-0000-0101,3.80,Latte
2024-03-14,10:45,card,ANON-0000-0000-0524,2.90,Americano
2024-03-14,11:02,card,ANON-0000-0000-0017,3.80,Hot Chocolate
2024-03-14,12:25,card,ANON-0000-0000-0108,3.30,Cortado
2024-03-14,16:44,card,ANON-0000-0000-0162,3.30,Americano with Milk
2024-03-14,17:08,card,ANON-0000-0000-0134,3.80,Cocoa
2024-03-14,17:15,card,ANON-0000-0000-0390,3.80,Cappuccino
2024-03-14,18:49,cash,,3.80,Hot Chocolate
2024-03-14,19:09,card,ANON-0000-0000-0009,3.80,Hot Chocolate
2024-03-14,20:23,card,ANON-0000-0000-0008,3.80,Latte
2024-03-15,07:25,card,ANON-0000-0000-0052,2.90,Americano
2024-03-15,08:16,card,ANON-0000-0000-0086,3.30,Americano with Milk
2024-03-15,08:17,card,ANON-0000-0000-0021,3.80,Hot Chocolate
2024-03-15,09:14,card,ANON-0000-0000-0001,2.90,Americano
2024-03-15,09:14,card,ANON-0000-0000-0035,3.80,Hot Chocolate
2024-03-15,09:45,card,ANON-0000-0000-0002,3.80,Cocoa
2024-03-15,11:40,card,ANON-0000-0000-0371,3.30,Americano with Milk
2024-03-15,12:16,card,ANON-0000-0000-0004,3.30,Cortado
2024-03-15,13:45,card,ANON-0000-0000-0017,3.30,Americano with Milk
2024-03-15,17:21,card,ANON-0000-0000-0012,3.30,Americano with Milk
2024-03-15,17:23,card,ANON-0000-0000-0200,2.90,Americano
2024-03-15,17:51,card,ANON-0000-0000-0005,3.30,Americano with Milk
2024-03-16,07:44,card,ANON-0000-0000-0306,2.90,Americano
2024-03-16,10:25,card,ANON-0000-0000-0333,2.90,Americano
2024-03-16,11:02,card,ANON-0000-0000-0216,3.80,Latte
2024-03-16,13:29,card,ANON-0000-0000-0220,3.30,Americano with Milk
2024-03-16,16:01,card,ANON-0000-0000-0583,3.80,Cappuccino
2024-03-17,08:20,cash,,3.80,Latte
2024-03-17,08:55,card,ANON-0000-0000-0263,3.80,Cappuccino
2024-03-17,09:00,card,ANON-0000-0000-0468,3.80,Hot Chocolate
2024-03-17,09:15,card,ANON-0000-0000-0004,3.80,Cocoa
2024-03-17,09:30,card,ANON-0000-0000-0132,3.30,Americano with Milk
2024-03-17,09:37,card,ANON-0000-0000-0001,3.80,Cappuccino
2024-03-17,09:45,cash,,3.80,Hot Chocolate
2024-03-17,09:53,card,ANON-0000-0000-0004,2.90,Americano
2024-03-17,10:16,card,ANON-0000-0000-0117,3.80,Hot Chocolate
2024-03-17,11:09,card,ANON-0000-0000-0033,2.90,Americano
2024-03-17,12:22,cash,,3.80,Latte
2024-03-17,15:28,card,ANON-0000-0000-0001,3.80,Cocoa
2024-03-17,15:45,cash,,2.90,Americano
2024-03-17,16:27,card,ANON-0000-0000-0241,3.30,Americano with Milk
2024-03-17,18:16,card,ANON-0000-0000-0141,3.80,Latte
2024-03-17,18:27,card,ANON-0000-0000-0006,3.30,Americano with Milk
2024-03-17,20:44,card,ANON-0000-0000-0081,3.80,Cocoa
2024-03-18,07:19,card,ANON-0000-0000-0008,3.30,Americano with Milk
2024-03-18,13:07,card,ANON-0000-0000-0171,3.30,Cortado
2024-03-18,14:16,card,ANON-0000-0000-0195,3.30,Cortado
2024-03-18,15:22,card,ANON-0000-0000-0104,3.80,Latte
2024-03-18,15:48,card,ANON-0000-0000-0012,3.30,Cortado
2024-03-18,16:17,card,ANON-0000-0000-0059,3.80,Latte
2024-03-18,17:32,card,ANON-0000-0000-0514,3.80,Cappuccino
2024-03-19,07:40,card,ANON-0000-0000-0062,3.80,Cocoa
2024-03-19,09:09,card,ANON-0000-0000-0003,3.80,Latte
2024-03-19,10:08,card,ANON-0000-0000-0448,2.40,Espresso
2024-03-19,10:50,card,ANON-0000-0000-0015,2.40,Espresso
2024-03-19,12:56,card,ANON-0000-0000-0139,2.90,Americano
2024-03-19,13:12,cash,,3.30,Cortado
2024-03-19,14:06,card,ANON-0000-0000-0006,3.80,Cocoa
2024-03-19,15:28,cash,,3.30,Cortado
2024-03-19,20:22,cash,,3.80,Cocoa
2024-03-20,08:15,card,ANON-0000-0000-0003,3.30,Americano with Milk
2024-03-20,09:02,card,ANON-0000-0000-0006,3.80,Hot Chocolate
2024-03-20,09:35,card,ANON-0000-0000-0003,2.90,Americano
2024-03-20,10:05,card,ANON-0000-0000-0020,3.30,Americano with Milk
2024-03-20,10:30,cash,,3.80,Latte
2024-03-20,11:47,card,ANON-0000-0000-0037,2.90,Americano
2024-03-20,12:29,card,ANON-0000-0000-0006,2.90,Americano
2024-03-20,12:54,cash,,3.80,Latte
2024-03-20,13:36,card,ANON-0000-0000-0002,3.30,Americano with Milk
2024-03-20,13:39,cash,,3.80,Cappuccino
2024-03-20,14:31,card,ANON-0000-0000-0004,2.90,Americano
2024-03-20,17:04,card,ANON-0000-0000-0001,3.80,Hot Chocolate
2024-03-20,18:14,cash,,3.30,Americano with Milk
2024-03-20,19:42,card,ANON-0000-0000-0064,2.90,Americano
2024-03-21,08:40,card,ANON-0000-0000-0042,3.30,Americano with Milk
2024-03-21,09:50,card,ANON-0000-0000-0005,3.30,Cortado
2024-03-21,11:00,card,ANON-0000-0000-0009,3.80,Hot Chocolate
2024-03-21,12:19,card,ANON-0000-0000-0458,3.30,Americano with Milk
2024-03-21,21:00,card,ANON-0000-0000-0001,2.90,Americano
2024-03-21,21:14,card,ANON-0000-0000-0083,3.80,Latte
2024-03-21,21:14,card,ANON-0000-0000-0075,3.30,Americano with Milk
2024-03-22,08:30,card,ANON-0000-0000-0005,3.80,Latte
2024-03-22,10:40,card,ANON-0000-0000-0005,3.30,Cortado
2024-03-22,10:41,card,ANON-0000-0000-0128,3.80,Latte
2024-03-22,10:49,card,ANON-0000-0000-0012,3.30,Americano with Milk
2024-03-22,11:45,cash,,3.80,Cocoa
2024-03-22,12:02,card,ANON-0000-0000-0253,3.30,Americano with Milk
2024-03-22,13:26,card,ANON-0000-0000-0423,3.30,Americano with Milk
2024-03-22,14:53,cash,,3.30,Americano with Milk
2024-03-22,17:08,card,ANON-0000-0000-0034,3.80,Cappuccino
2024-03-22,19:05,card,ANON-0000-0000-0003,3.80,Cappuccino
2024-03-23,09:18,card,ANON-0000-0000-0017,3.80,Latte
2024-03-23,10:06,card,ANON-0000-0000-0007,3.80,Cappuccino
2024-03-23,11:55,card,ANON-0000-0000-0005,3.80,Cocoa
2024-03-23,15:28,card,ANON-0000-0000-0095,2.90,Americano
2024-03-24,10:16,card,ANON-0000-0000-0175,3.80,Hot Chocolate
2024-03-24,12:19,cash,,3.80,Hot Chocolate
2024-03-24,12:21,card,ANON-0000-0000-0067,2.90,Americano
2024-03-24,15:20,card,ANON-0000-0000-0001,3.80,Cappuccino
2024-03-24,15:32,card,ANON-0000-0000-0060,3.30,Americano with Milk
2024-03-24,16:35,card,ANON-0000-0000-0028,3.80,Cocoa
2024-03-24,17:52,card,ANON-0000-0000-0260,3.30,Americano with Milk
2024-03-24,19:46,card,ANON-0000-0000-0058,3.80,Cocoa
2024-03-25,09:19,card,ANON-0000-0000-0123,3.80,Cocoa
2024-03-25,11:29,card,ANON-0000-0000-0344,3.80,Cappuccino
2024-03-25,11:32,card,ANON-0000-0000-0029,2.40,Espresso
2024-03-25,15:51,card,ANON-0000-0000-0012,3.80,Cappuccino
2024-03-26,08:58,card,ANON-0000-0000-0006,3.80,Hot Chocolate
2024-03-26,13:52,card,ANON-0000-0000-0108,2.90,Americano
2024-03-26,14:29,card,ANON-0000-0000-0005,2.90,Americano
2024-03-26,14:41,card,ANON-0000-0000-0208,2.90,Americano
2024-03-26,15:55,card,ANON-0000-0000-0041,3.80,Cappuccino
2024-03-26,16:26,card,ANON-0000-0000-0002,2.90,Americano
2024-03-26,18:29,card,ANON-0000-0000-0001,3.80,Latte
2024-03-26,21:20,card,ANON-0000-0000-0213,3.80,Cappuccino
2024-03-27,07:42,card,ANON-0000-0000-0010,2.40,Espresso
2024-03-27,08:53,card,ANON-0000-0000-0001,3.80,Latte
2024-03-27,09:10,card,ANON-0000-0000-0006,2.90,Americano
2024-03-27,09:52,card,ANON-0000-0000-0182,3.80,Cocoa
2024-03-27,10:36,card,ANON-0000-0000-0336,3.80,Latte
2024-03-27,15:33,card,ANON-0000-0000-0060,3.30,Americano with Milk
2024-03-27,21:48,card,ANON-0000-0000-0049,3.80,Cappuccino
2024-03-28,09:25,card,ANON-0000-0000-0007,3.80,Hot Chocolate
2024-03-28,09:42,card,ANON-0000-0000-0400,3.80,Cocoa
2024-03-28,12:55,card,ANON-0000-0000-0109,3.80,Hot Chocolate
2024-03-28,17:29,card,ANON-0000-0000-0588,3.30,Americano with Milk
2024-03-28,18:19,card,ANON-0000-0000-0422,3.80,Hot Chocolate
2024-03-28,20:30,card,ANON-0000-0000-0004,3.80,Cappuccino
2024-03-28,20:41,card,ANON-0000-0000-0003,3.80,Latte
2024-03-29,11:48,card,ANON-0000-0000-0010,3.80,Cocoa
2024-03-29,11:49,cash,,3.30,Americano with Milk
2024-03-29,12:15,card,ANON-0000-0000-0111,2.90,Americano
2024-03-29,13:28,card,ANON-0000-0000-0001,2.40,Espresso
2024-03-29,15:42,card,ANON-0000-0000-0467,3.80,Cappuccino
2024-03-30,08:04,card,ANON-0000-0000-0001,2.40,Espresso
2024-03-30,08:50,card,ANON-0000-0000-0160,2.90,Americano
2024-03-30,13:19,card,ANON-0000-0000-0005,2.40,Espresso
2024-03-30,16:52,cash,,3.80,Cappuccino
2024-03-30,17:28,card,ANON-0000-0000-0001,3.80,Hot Chocolate
2024-03-30,19:01,card,ANON-0000-0000-0394,2.90,Americano
2024-03-30,20:40,card,ANON-0000-0000-0500,3.80,Cappuccino
2024-03-31,08:25,card,ANON-0000-0000-0241,3.80,Cappuccino
2024-03-31,08:35,card,ANON-0000-0000-0005,3.80,Cappuccino
2024-03-31,09:10,card,ANON-0000-0000-0004,3.30,Americano with Milk
2024-03-31,09:43,card,ANON-0000-0000-0208,3.80,Cocoa
2024-03-31,11:12,card,ANON-0000-0000-0218,3.30,Americano with Milk
2024-03-31,12:04,card,ANON-0000-0000-0022,3.80,Hot Chocolate
2024-03-31,12:43,card,ANON-0000-0000-0263,3.80,Hot Chocolate
2024-03-31,13:56,card,ANON-0000-0000-0039,2.40,Espresso
2024-04-01,08:17,card,ANON-0000-0000-0008,3.30,Americano with Milk
2024-04-01,08:56,card,ANON-0000-0000-0084,2.90,Americano
2024-04-01,09:00,cash,,3.80,Cappuccino
2024-04-01,10:11,card,ANON-0000-0000-0088,3.30,Americano with Milk
2024-04-01,12:30,card,ANON-0000-0000-0001,2.90,Americano
2024-04-01,16:00,card,ANON-0000-0000-0301,3.80,Cappuccino
2024-04-01,16:40,card,ANON-0000-0000-0014,3.30,Americano with Milk
2024-04-02,08:39,card,ANON-0000-0000-0350,3.80,Cocoa
2024-04-02,10:25,card,ANON-0000-0000-0009,3.80,Cappuccino
2024-04-02,12:43,card,ANON-0000-0000-0254,2.90,Americano
2024-04-02,13:24,card,ANON-0000-0000-0012,3.30,Americano with Milk
2024-04-02,14:42,card,ANON-0000-0000-0044,2.90,Americano
2024-04-02,14:49,card,ANON-0000-0000-0121,2.90,Americano
2024-04-02,17:18,cash,,3.30,Americano with Milk
2024-04-02,20:02,card,ANON-0000-0000-0536,3.80,Cocoa
2024-04-03,07:51,card,ANON-0000-0000-0133,2.90,Americano
2024-04-03,08:07,card,ANON-0000-0000-0141,3.80,Latte
2024-04-03,11:11,card,ANON-0000-0000-0051,3.30,Americano with Milk
2024-04-03,11:45,card,ANON-0000-0000-0002,3.30,Americano with Milk
2024-04-03,12:23,card,ANON-0000-0000-0076,3.30,Cortado
2024-04-03,12:27,card,ANON-0000-0000-0008,3.80,Cappuccino
2024-04-03,14:23,card,ANON-0000-0000-0058,3.30,Cortado
2024-04-03,16:24,card,ANON-0000-0000-0016,2.90,Americano
2024-04-03,18:47,card,ANON-0000-0000-0233,3.80,Hot Chocolate
2024-04-04,09:12,card,ANON-0000-0000-0170,3.80,Latte
2024-04-04,10:58,card,ANON-0000-0000-0001,2.90,Americano
2024-04-04,12:42,card,ANON-0000-0000-0187,3.30,Americano with Milk
2024-04-04,21:19,card,ANON-0000-0000-0232,3.80,Latte
2024-04-05,09:04,cash,,3.80,Hot Chocolate
2024-04-05,09:50,card,ANON-0000-0000-0113,3.80,Latte
2024-04-05,10:29,card,ANON-0000-0000-0445,3.80,Latte
2024-04-05,10:55,card,ANON-0000-0000-0018,3.80,Latte
2024-04-05,13:15,card,ANON-0000-0000-0005,3.80,Latte
2024-04-05,17:35,card,ANON-0000-0000-0571,3.30,Cortado
2024-04-05,17:40,card,ANON-0000-0000-0167,3.80,Cappuccino
2024-04-05,18:04,card,ANON-0000-0000-0029,3.80,Cocoa
2024-04-06,08:38,card,ANON-0000-0000-0006,3.80,Latte
2024-04-06,09:12,card,ANON-0000-0000-0007,3.80,Cappuccino
2024-04-06,10:16,card,ANON-0000-0000-0005,2.90,Americano
2024-04-06,11:45,card,ANON-0000-0000-0048,2.90,Americano
2024-04-06,12:38,card,ANON-0000-0000-0001,3.30,Americano with Milk
2024-04-06,12:40,card,ANON-0000-0000-0159,3.80,Hot Chocolate
2024-04-06,13:56,card,ANON-0000-0000-0001,3.30,Americano with Milk
2024-04-07,08:09,card,ANON-0000-0000-0020,3.30,Americano with Milk
2024-04-07,08:26,card,ANON-0000-0000-0042,3.30,Americano with Milk
2024-04-07,08:49,card,ANON-0000-0000-0001,3.30,Americano with Milk
2024-04-07,11:54,card,ANON-0000-0000-0222,3.80,Latte
2024-04-07,13:04,card,ANON-0000-0000-0013,2.90,Americano
2024-04-07,15:34,cash,,2.40,Espresso
2024-04-07,18:24,card,ANON-0000-0000-0199,3.30,Americano with Milk
2024-04-07,18:27,card,ANON-0000-0000-0594,3.80,Hot Chocolate
2024-04-08,08:03,card,ANON-0000-0000-0051,3.30,Americano with Milk
2024-04-08,08:20,card,ANON-0000-0000-0074,3.30,Americano with Milk
2024-04-08,09:25,card,ANON-0000-0000-0577,3.30,Americano with Milk
2024-04-08,09:32,card,ANON-0000-0000-0057,3.30,Americano with Milk
2024-04-08,09:36,card,ANON-0000-0000-0038,3.80,Latte
2024-04-08,10:26,card,ANON-0000-0000-0001,3.30,Americano with Milk
2024-04-08,10:30,card,ANON-0000-0000-0447,3.80,Latte
2024-04-08,10:46,card,ANON-0000-0000-0011,2.40,Espresso
2024-04-08,11:08,card,ANON-0000-0000-0033,3.80,Cappuccino
2024-04-08,13:04,card,ANON-0000-0000-0136,2.90,Americano
2024-04-08,13:57,card,ANON-0000-0000-0059,3.80,Latte
2024-04-08,14:44,card,ANON-0000-0000-0058,3.30,Americano with Milk
2024-04-08,16:11,card,ANON-0000-0000-0462,3.80,Hot Chocolate
2024-04-08,19:16,card,ANON-0000-0000-0444,3.80,Hot Chocolate
2024-04-09,07:16,card,ANON-0000-0000-0012,3.80,Hot Chocolate
2024-04-09,08:33,card,ANON-0000-0000-0005,3.80,Latte
2024-04-09,08:46,card,ANON-0000-0000-0506,3.80,Cappuccino
2024-04-09,11:39,card,ANON-0000-0000-0016,3.80,Cocoa
2024-04-09,11:45,card,ANON-0000-0000-0001,3.80,Cocoa
2024-04-10,11:30,card,ANON-0000-0000-0153,3.80,Cappuccino
2024-04-10,11:40,card,ANON-0000-0000-0097,3.30,Americano with Milk
2024-04-10,12:56,card,ANON-0000-0000-0018,3.80,Latte
2024-04-10,13:23,card,ANON-0000-0000-0202,3.80,Cappuccino
2024-04-10,13:51,card,ANON-0000-0000-0014,3.30,Cortado
2024-04-10,15:12,card,ANON-0000-0000-0421,2.40,Espresso
2024-04-10,17:18,card,ANON-0000-0000-0250,3.30,Americano with Milk
2024-04-11,08:38,card,ANON-0000-0000-0006,3.30,Americano with Milk
2024-04-11,11:41,card,ANON-0000-0000-0272,2.90,Americano
2024-04-11,18:16,card,ANON-0000-0000-0194,3.30,Americano with Milk
2024-04-12,09:25,card,ANON-0000-0000-0007,3.30,Americano with Milk
2024-04-12,09:54,card,ANON-0000-0000-0023,3.80,Cappuccino
2024-04-12,12:51,card,ANON-0000-0000-0152,3.30,Americano with Milk
2024-04-12,16:06,card,ANON-0000-0000-0004,3.30,Cortado
2024-04-12,18:39,card,ANON-0000-0000-0027,3.30,Cortado
2024-04-13,09:10,card,ANON-0000-0000-0181,2.90,Americano
2024-04-13,09:37,card,ANON-0000-0000-0020,2.90,Americano
2024-04-13,09:42,card,ANON-0000-0000-0374,3.80,Cappuccino
2024-04-13,11:29,card,ANON-0000-0000-0048,3.80,Hot Chocolate
2024-04-13,12:53,cash,,3.30,Americano with Milk
2024-04-13,12:53,card,ANON-0000-0000-0013,3.30,Cortado
2024-04-13,15:17,card,ANON-0000-0000-0007,3.80,Latte
2024-04-13,16:08,card,ANON-0000-0000-0117,3.80,Cocoa
2024-04-13,18:52,card,ANON-0000-0000-0219,3.30,Americano with Milk
2024-04-14,08:28,card,ANON-0000-0000-0001,3.80,Latte
2024-04-14,12:39,card,ANON-0000-0000-0001,3.30,Americano with Milk
2024-04-14,13:41,card,ANON-0000-0000-0115,3.80,Latte
2024-04-14,13:46,card,ANON-0000-0000-0024,3.30,Americano with Milk
2024-04-14,17:39,card,ANON-0000-0000-0112,3.30,Americano with Milk
2024-04-14,18:42,card,ANON-0000-0000-0008,3.30,Americano with Milk
2024-04-14,21:48,card,ANON-0000-0000-0016,3.80,Cocoa
2024-04-15,07:55,card,ANON-0000-0000-0105,3.30,Cortado
2024-04-15,08:13,card,ANON-0000-0000-0120,2.40,Espresso
2024-04-15,08:42,card,ANON-0000-0000-0100,3.30,Americano with Milk
2024-04-15,09:35,card,ANON-0000-0000-0373,3.80,Latte
2024-04-15,10:16,card,ANON-0000-0000-0052,3.30,Cortado
2024-04-15,10:21,card,ANON-0000-0000-0439,3.30,Americano with Milk
2024-04-15,10:29,card,ANON-0000-0000-0038,3.80,Cappuccino
2024-04-15,14:39,card,ANON-0000-0000-0316,3.80,Cappuccino
2024-04-15,18:10,card,ANON-0000-0000-0038,3.80,Latte
2024-04-15,19:19,card,ANON-0000-0000-0117,2.90,Americano
2024-04-16,07:36,card,ANON-0000-0000-0029,2.90,Americano
2024-04-16,12:14,card,ANON-0000-0000-0009,3.80,Hot Chocolate
2024-04-16,18:18,card,ANON-0000-0000-0016,3.80,Hot Chocolate
2024-04-17,08:02,cash,,3.80,Cocoa
2024-04-17,08:14,cash,,3.30,Americano with Milk
2024-04-17,08:23,card,ANON-0000-0000-0158,3.30,Cortado
2024-04-17,09:21,card,ANON-0000-0000-0078,3.30,Americano with Milk
2024-04-17,10:16,card,ANON-0000-0000-0126,2.90,Americano
2024-04-17,12:22,card,ANON-0000-0000-0082,2.90,Americano
2024-04-17,13:11,card,ANON-0000-0000-0220,3.30,Americano with Milk
2024-04-17,13:58,card,ANON-0000-0000-0020,3.30,Cortado
2024-04-17,14:37,card,ANON-0000-0000-0023,3.30,Cortado
2024-04-17,19:30,card,ANON-0000-0000-0347,3.80,Latte
2024-04-18,09:07,card,ANON-0000-0000-0005,3.30,Cortado
2024-04-18,12:17,card,ANON-0000-0000-0549,3.80,Latte
2024-04-18,14:01,card,ANON-0000-0000-0007,3.80,Cappuccino
2024-04-18,16:55,card,ANON-0000-0000-0049,3.30,Americano with Milk
2024-04-18,17:04,card,ANON-0000-0000-0014,2.40,Espresso
2024-04-18,19:10,cash,,3.30,Cortado
2024-04-19,10:36,card,ANON-0000-0000-0033,2.90,Americano
2024-04-19,10:53,card,ANON-0000-0000-0196,3.30,Americano with Milk
2024-04-19,12:03,card,ANON-0000-0000-0003,3.30,Americano with Milk
2024-04-19,17:46,cash,,2.90,Americano
2024-04-19,18:16,cash,,2.40,Espresso
2024-04-19,19:35,card,ANON-0000-0000-0129,3.30,Cortado
2024-04-20,07:39,card,ANON-0000-0000-0003,2.40,Espresso
2024-04-20,07:39,card,ANON-0000-0000-0375,2.40,Espresso
2024-04-20,09:26,card,ANON-0000-0000-0147,3.80,Latte
2024-04-20,12:23,card,ANON-0000-0000-0040,2.40,Espresso
2024-04-20,12:33,card,ANON-0000-0000-0544,3.80,Latte
2024-04-21,07:44,card,ANON-0000-0000-0002,3.80,Hot Chocolate
2024-04-21,08:04,card,ANON-0000-0000-0050,3.30,Americano with Milk
2024-04-21,09:04,card,ANON-0000-0000-0002,3.80,Cocoa
2024-04-21,11:09,card,ANON-0000-0000-0081,3.30,Americano with Milk
2024-04-21,19:53,card,ANON-0000-0000-0039,3.30,Cortado
2024-04-22,09:27,card,ANON-0000-0000-0005,3.30,Americano with Milk
2024-04-22,17:01,card,ANON-0000-0000-0002,3.30,Americano with Milk
2024-04-23,08:35,cash,,3.80,Cappuccino
2024-04-23,08:36,card,ANON-0000-0000-0194,3.80,Hot Chocolate
2024-04-23,09:21,card,ANON-0000-0000-0511,3.30,Americano with Milk
2024-04-23,09:54,card,ANON-0000-0000-0218,2.90,Americano
2024-04-23,12:59,cash,,2.90,Americano
2024-04-23,16:49,card,ANON-0000-0000-0570,3.30,Americano with Milk
2024-04-23,17:25,card,ANON-0000-0000-0014,2.40,Espresso
2024-04-23,17:52,card,ANON-0000-0000-0183,3.80,Cappuccino
2024-04-24,08:31,card,ANON-0000-0000-0442,3.30,Americano with Milk
2024-04-24,09:43,card,ANON-0000-0000-0101,3.30,Americano with Milk
2024-04-24,09:45,cash,,3.30,Americano with Milk
2024-04-24,13:04,card,ANON-0000-0000-0001,3.30,Americano with Milk
2024-04-24,15:44,card,ANON-0000-0000-0120,3.80,Cappuccino
2024-04-24,16:33,card,ANON-0000-0000-0350,3.80,Cocoa
2024-04-24,18:25,card,ANON-0000-0000-0002,2.40,Espresso
2024-04-24,21:36,card,ANON-0000-0000-0003,2.90,Americano
2024-04-25,07:24,card,ANON-0000-0000-0301,3.30,Americano with Milk
2024-04-25,08:37,card,ANON-0000-0000-0005,2.90,Americano
2024-04-25,09:17,card,ANON-0000-0000-0005,3.80,Cocoa
2024-04-25,10:20,card,ANON-0000-0000-0007,3.80,Cappuccino
2024-04-25,10:39,cash,,3.80,Cappuccino
2024-04-25,13:31,card,ANON-0000-0000-0164,3.80,Latte
2024-04-25,15:39,card,ANON-0000-0000-0008,2.90,Americano
2024-04-25,15:54,card,ANON-0000-0000-0002,3.80,Hot Chocolate
2024-04-25,16:46,card,ANON-0000-0000-0242,3.80,Hot Chocolate
2024-04-25,18:45,card,ANON-0000-0000-0007,3.30,Americano with Milk
2024-04-25,19:55,card,ANON-0000-0000-0043,3.30,Americano with Milk
2024-04-26,08:46,cash,,2.90,Americano
2024-04-26,09:11,card,ANON-0000-0000-0288,3.80,Latte
2024-04-26,09:16,cash,,2.40,Espresso
2024-04-26,09:42,card,ANON-0000-0000-0201,2.40,Espresso
2024-04-26,10:06,card,ANON-0000-0000-0006,3.80,Cocoa
2024-04-26,10:35,card,ANON-0000-0000-0280,3.30,Cortado
2024-04-26,13:41,card,ANON-0000-0000-0004,3.30,Americano with Milk
2024-04-26,15:19,card,ANON-0000-0000-0003,3.30,Americano with Milk
2024-04-26,15:53,card,ANON-0000-0000-0002,3.30,Cortado
2024-04-26,17:43,card,ANON-0000-0000-0516,3.80,Hot Chocolate
2024-04-27,09:01,card,ANON-0000-0000-0001,2.90,Americano
2024-04-27,12:25,card,ANON-0000-0000-0006,3.80,Latte
2024-04-27,13:10,card,ANON-0000-0000-0002,2.90,Americano
2024-04-27,16:10,card,ANON-0000-0000-0119,3.80,Latte
2024-04-27,19:38,card,ANON-0000-0000-0485,2.90,Americano
2024-04-28,07:11,cash,,3.30,Americano with Milk
2024-04-28,10:08,card,ANON-0000-0000-0366,3.30,Americano with Milk
2024-04-28,10:49,card,ANON-0000-0000-0115,3.80,Cappuccino
2024-04-28,18:37,card,ANON-0000-0000-0023,3.30,Americano with Milk
2024-04-28,18:37,card,ANON-0000-0000-0030,3.30,Americano with Milk
2024-04-28,19:24,card,ANON-0000-0000-0004,3.80,Latte
2024-04-29,08:51,card,ANON-0000-0000-0539,3.30,Americano with Milk
2024-04-29,09:07,card,ANON-0000-0000-0021,3.30,Americano with Milk
2024-04-29,09:18,card,ANON-0000-0000-0043,3.30,Americano with Milk
2024-04-29,09:44,card,ANON-0000-0000-0013,3.80,Latte
2024-04-29,11:08,card,ANON-0000-0000-0013,3.80,Latte
2024-04-29,11:55,cash,,3.30,Cortado
2024-04-29,13:54,card,ANON-0000-0000-0112,3.80,Latte
2024-04-29,15:11,card,ANON-0000-0000-0001,3.80,Latte
2024-04-30,07:07,card,ANON-0000-0000-0401,3.80,Latte
2024-04-30,08:00,card,ANON-0000-0000-0001,3.80,Latte
2024-04-30,08:51,card,ANON-0000-0000-0087,3.80,Latte
2024-04-30,09:30,card,ANON-0000-0000-0432,3.80,Latte
2024-04-30,09:50,card,ANON-0000-0000-0049,3.30,Americano with Milk
2024-04-30,09:57,cash,,3.80,Cocoa
2024-04-30,14:20,card,ANON-0000-0000-0033,3.80,Latte
2024-04-30,18:19,card,ANON-0000-0000-0068,3.30,Americano with Milk
2024-04-30,19:41,card,ANON-0000-0000-0120,3.80,Latte
2024-05-01,08:36,card,ANON-0000-0000-0002,2.90,Americano
2024-05-01,09:18,card,ANON-0000-0000-0025,3.80,Latte
2024-05-01,09:37,card,ANON-0000-0000-0028,2.40,Espresso
2024-05-01,11:32,card,ANON-0000-0000-0113,2.40,Espresso
2024-05-01,14:09,card,ANON-0000-0000-0090,3.30,Americano with Milk
2024-05-01,14:16,card,ANON-0000-0000-0247,3.80,Latte
2024-05-01,14:26,card,ANON-0000-0000-0262,3.80,Cappuccino
2024-05-01,17:38,card,ANON-0000-0000-0008,3.30,Americano with Milk
2024-05-02,07:58,card,ANON-0000-0000-0003,2.90,Americano
2024-05-02,08:34,card,ANON-0000-0000-0336,3.80,Latte
2024-05-02,09:21,card,ANON-0000-0000-0002,3.30,Americano with Milk
2024-05-02,09:52,card,ANON-0000-0000-0001,3.30,Americano with Milk
2024-05-02,11:49,card,ANON-0000-0000-0013,3.80,Hot Chocolate
2024-05-02,12:36,card,ANON-0000-0000-0407,3.80,Cappuccino
2024-05-02,14:32,card,ANON-0000-0000-0220,3.80,Cappuccino
2024-05-02,15:41,card,ANON-0000-0000-0295,3.80,Latte
2024-05-02,16:41,card,ANON-0000-0000-0211,3.30,Cortado
2024-05-02,18:37,card,ANON-0000-0000-0001,2.90,Americano
2024-05-03,08:09,card,ANON-0000-0000-0424,3.30,Americano with Milk
2024-05-03,08:17,cash,,3.80,Hot Chocolate
2024-05-03,08:24,card,ANON-0000-0000-0054,3.80,Cocoa
2024-05-03,08:54,cash,,3.80,Cappuccino
2024-05-03,14:08,card,ANON-0000-0000-0033,3.80,Hot Chocolate
2024-05-03,16:18,cash,,3.80,Cappuccino
2024-05-03,17:35,card,ANON-0000-0000-0461,3.80,Cappuccino
2024-05-03,17:59,card,ANON-0000-0000-0105,3.80,Hot Chocolate
2024-05-03,18:16,card,ANON-0000-0000-0206,3.80,Latte
2024-05-03,18:53,card,ANON-0000-0000-0047,3.80,Latte
2024-05-03,21:19,card,ANON-0000-0000-0003,2.90,Americano
2024-05-04,07:40,card,ANON-0000-0000-0082,3.80,Latte
2024-05-04,08:14,card,ANON-0000-0000-0303,3.80,Latte
2024-05-04,12:48,card,ANON-0000-0000-0061,3.80,Latte
2024-05-04,13:51,cash,,3.30,Cortado
2024-05-04,15:07,card,ANON-0000-0000-0060,3.80,Latte
2024-05-04,15:31,card,ANON-0000-0000-0171,3.80,Latte
2024-05-04,21:05,card,ANON-0000-0000-0001,2.90,Americano
2024-05-04,21:44,card,ANON-0000-0000-0217,2.90,Americano
2024-05-05,09:28,card,ANON-0000-0000-0045,3.30,Americano with Milk
2024-05-05,10:52,card,ANON-0000-0000-0006,3.30,Americano with Milk
2024-05-05,11:27,card,ANON-0000-0000-0025,3.80,Cappuccino
2024-05-05,15:09,card,ANON-0000-0000-0084,3.30,Americano with Milk
2024-05-05,15:21,card,ANON-0000-0000-0018,3.80,Latte
2024-05-05,17:29,card,ANON-0000-0000-0011,3.80,Latte
2024-05-06,07:34,card,ANON-0000-0000-0002,2.90,Americano
2024-05-06,07:41,card,ANON-0000-0000-0249,3.80,Latte
2024-05-06,09:59,card,ANON-0000-0000-0004,3.30,Americano with Milk
2024-05-06,12:41,card,ANON-0000-0000-0001,2.90,Americano
2024-05-06,13:38,card,ANON-0000-0000-0054,2.90,Americano
2024-05-06,13:44,card,ANON-0000-0000-0010,3.80,Cappuccino
2024-05-06,14:40,card,ANON-0000-0000-0320,2.90,Americano
2024-05-06,17:17,card,ANON-0000-0000-0515,3.80,Latte
2024-05-07,07:46,card,ANON-0000-0000-0015,3.30,Americano with Milk
2024-05-07,08:08,card,ANON-0000-0000-0009,3.80,Cappuccino
2024-05-07,10:31,cash,,2.40,Espresso
2024-05-07,12:57,card,ANON-0000-0000-0077,3.80,Latte
2024-05-07,14:06,card,ANON-0000-0000-0028,3.30,Americano with Milk
2024-05-07,14:33,card,ANON-0000-0000-0134,3.30,Cortado
2024-05-07,16:43,card,ANON-0000-0000-0011,3.80,Latte
2024-05-07,17:19,card,ANON-0000-0000-0009,3.30,Americano with Milk
2024-05-07,18:34,card,ANON-0000-0000-0009,3.80,Latte
2024-05-08,10:02,card,ANON-0000-0000-0265,2.90,Americano
2024-05-08,10:25,card,ANON-0000-0000-0001,3.30,Americano with Milk
2024-05-08,11:12,card,ANON-0000-0000-0070,2.40,Espresso
2024-05-08,11:38,card,ANON-0000-0000-0590,2.90,Americano
2024-05-08,14:31,card,ANON-0000-0000-0027,3.80,Cappuccino
2024-05-08,15:49,card,ANON-0000-0000-0112,3.80,Cappuccino
2024-05-09,07:56,card,ANON-0000-0000-0360,2.90,Americano
2024-05-09,08:21,card,ANON-0000-0000-0005,3.80,Latte
2024-05-09,10:07,card,ANON-0000-0000-0587,2.40,Espresso
2024-05-09,10:48,card,ANON-0000-0000-0004,2.90,Americano
2024-05-09,12:51,card,ANON-0000-0000-0447,3.80,Cappuccino
2024-05-09,13:04,card,ANON-0000-0000-0001,3.80,Latte
2024-05-09,13:35,card,ANON-0000-0000-0369,3.80,Cappuccino
2024-05-09,15:49,cash,,3.80,Latte
2024-05-09,19:27,card,ANON-0000-0000-0003,3.80,Latte
2024-05-09,20:03,card,ANON-0000-0000-0003,3.30,Cortado
2024-05-09,20:30,cash,,3.80,Latte
2024-05-10,11:15,card,ANON-0000-0000-0030,3.30,Americano with Milk
2024-05-10,11:19,card,ANON-0000-0000-0004,3.80,Latte
2024-05-10,12:05,card,ANON-0000-0000-0030,3.80,Cappuccino
2024-05-10,16:34,card,ANON-0000-0000-0385,3.30,Cortado
2024-05-10,21:34,card,ANON-0000-0000-0120,3.30,Cortado
2024-05-11,07:21,card,ANON-0000-0000-0104,2.40,Espresso
2024-05-11,08:39,card,ANON-0000-0000-0109,2.90,Americano
2024-05-11,09:53,card,ANON-0000-0000-0541,3.80,Cappuccino
2024-05-11,12:06,card,ANON-0000-0000-0001,2.90,Americano
2024-05-11,14:51,card,ANON-0000-0000-0071,3.80,Latte
2024-05-11,17:04,card,ANON-0000-0000-0025,2.90,Americano
2024-05-12,08:31,card,ANON-0000-0000-0002,2.90,Americano
2024-05-12,09:27,card,ANON-0000-0000-0107,3.30,Americano with Milk
2024-05-12,10:30,card,ANON-0000-0000-0437,3.30,Americano with Milk
2024-05-12,10:40,card,ANON-0000-0000-0005,3.80,Latte
2024-05-12,10:51,card,ANON-0000-0000-0124,3.30,Americano with Milk
2024-05-12,11:13,card,ANON-0000-0000-0235,3.80,Cappuccino
2024-05-12,14:07,card,ANON-0000-0000-0004,3.30,Americano with Milk
2024-05-12,16:03,card,ANON-0000-0000-0017,2.90,Americano
2024-05-12,20:00,cash,,2.40,Espresso
2024-05-13,07:21,card,ANON-0000-0000-0183,3.80,Cocoa
2024-05-13,10:27,card,ANON-0000-0000-0316,3.30,Americano with Milk
2024-05-13,13:44,card,ANON-0000-0000-0106,3.30,Americano with Milk
2024-05-13,13:58,card,ANON-0000-0000-0003,3.80,Cocoa
2024-05-13,14:00,card,ANON-0000-0000-0052,3.30,Americano with Milk
2024-05-13,15:36,card,ANON-0000-0000-0113,3.30,Americano with Milk
2024-05-13,18:20,card,ANON-0000-0000-0006,3.80,Latte
2024-05-13,19:38,card,ANON-0000-0000-0010,3.30,Americano with Milk
2024-05-14,07:09,card,ANON-0000-0000-0005,2.90,Americano
2024-05-14,07:14,cash,,3.30,Americano with Milk
2024-05-14,08:41,card,ANON-0000-0000-0002,3.80,Latte
2024-05-14,10:32,card,ANON-0000-0000-0256,2.90,Americano
2024-05-14,10:54,card,ANON-0000-0000-0314,3.30,Cortado
2024-05-14,11:35,card,ANON-0000-0000-0143,3.30,Cortado
2024-05-14,15:37,card,ANON-0000-0000-0034,2.90,Americano
2024-05-14,16:39,card,ANON-0000-0000-0001,3.30,Cortado
2024-05-14,17:16,card,ANON-0000-0000-0124,3.80,Cappuccino
2024-05-15,08:04,card,ANON-0000-0000-0580,3.80,Latte
2024-05-15,08:09,card,ANON-0000-0000-0003,3.30,Americano with Milk
2024-05-15,08:27,card,ANON-0000-0000-0391,3.30,Americano with Milk
2024-05-15,09:50,card,ANON-0000-0000-0455,2.40,Espresso
2024-05-15,12:22,card,ANON-0000-0000-0183,3.80,Cappuccino
2024-05-15,14:43,card,ANON-0000-0000-0019,3.30,Cortado
2024-05-15,18:11,card,ANON-0000-0000-0419,2.40,Espresso
2024-05-15,19:27,card,ANON-0000-0000-0058,2.40,Espresso
2024-05-15,19:42,card,ANON-0000-0000-0533,2.40,Espresso
2024-05-16,08:38,card,ANON-0000-0000-0055,3.30,Americano with Milk
2024-05-16,08:42,card,ANON-0000-0000-0122,2.90,Americano
2024-05-16,10:31,card,ANON-0000-0000-0042,2.90,Americano
2024-05-16,12:59,card,ANON-0000-0000-0235,3.30,Cortado
2024-05-16,15:21,card,ANON-0000-0000-0012,3.80,Cappuccino
2024-05-16,15:36,card,ANON-0000-0000-0158,3.30,Americano with Milk
2024-05-16,15:48,cash,,3.30,Americano with Milk
2024-05-16,17:03,card,ANON-0000-0000-0375,3.80,Latte
2024-05-16,17:52,card,ANON-0000-0000-0505,3.80,Latte
2024-05-16,20:29,card,ANON-0000-0000-0190,3.80,Cappuccino
2024-05-17,08:49,card,ANON-0000-0000-0489,2.90,Americano
2024-05-17,09:08,card,ANON-0000-0000-0006,2.90,Americano
2024-05-17,09:40,card,ANON-0000-0000-0007,3.80,Hot Chocolate
2024-05-17,09:42,card,ANON-0000-0000-0041,3.30,Americano with Milk
2024-05-17,10:21,card,ANON-0000-0000-0006,3.80,Latte
2024-05-17,11:17,card,ANON-0000-0000-0129,2.90,Americano
2024-05-17,13:52,card,ANON-0000-0000-0001,3.30,Americano with Milk
2024-05-17,15:15,card,ANON-0000-0000-0220,2.90,Americano
2024-05-17,15:30,card,ANON-0000-0000-0004,3.80,Cappuccino
2024-05-17,18:13,card,ANON-0000-0000-0520,3.80,Cappuccino
2024-05-17,18:17,card,ANON-0000-0000-0037,3.80,Cocoa
2024-05-17,20:27,card,ANON-0000-0000-0069,2.90,Americano
2024-05-18,08:23,card,ANON-0000-0000-0048,3.80,Latte
2024-05-18,08:31,card,ANON-0000-0000-0011,3.80,Cappuccino
2024-05-18,08:52,card,ANON-0000-0000-0014,3.30,Cortado
2024-05-18,11:35,card,ANON-0000-0000-0013,3.30,Americano with Milk
2024-05-18,11:35,card,ANON-0000-0000-0142,3.30,Cortado
2024-05-18,11:38,card,ANON-0000-0000-0208,3.80,Hot Chocolate
2024-05-18,12:54,card,ANON-0000-0000-0053,3.80,Latte
2024-05-19,07:41,card,ANON-0000-0000-0001,3.80,Cocoa
2024-05-19,08:20,card,ANON-0000-0000-0482,2.40,Espresso
2024-05-19,11:25,card,ANON-0000-0000-0089,3.80,Cocoa
2024-05-19,13:25,card,ANON-0000-0000-0001,3.80,Cappuccino
2024-05-19,14:29,card,ANON-0000-0000-0370,3.80,Hot Chocolate
2024-05-19,15:54,card,ANON-0000-0000-0093,3.30,Cortado
2024-05-19,18:15,card,ANON-0000-0000-0018,3.80,Latte
2024-05-19,20:47,card,ANON-0000-0000-0431,3.80,Latte
2024-05-19,21:14,card,ANON-0000-0000-0235,3.30,Americano with Milk
2024-05-20,07:17,card,ANON-0000-0000-0003,3.80,Cappuccino
2024-05-20,07:42,card,ANON-0000-0000-0003,3.80,Hot Chocolate
2024-05-20,09:16,card,ANON-0000-0000-0367,3.30,Cortado
2024-05-20,10:18,card,ANON-0000-0000-0021,3.30,Americano with Milk
2024-05-20,10:25,card,ANON-0000-0000-0008,3.80,Latte
2024-05-20,10:45,card,ANON-0000-0000-0004,3.30,Cortado
2024-05-20,11:05,card,ANON-0000-0000-0335,2.90,Americano
2024-05-20,12:46,card,ANON-0000-0000-0485,3.30,Cortado
2024-05-20,20:13,card,ANON-0000-0000-0026,2.90,Americano
2024-05-20,21:59,card,ANON-0000-0000-0042,3.80,Hot Chocolate
2024-05-21,07:09,card,ANON-0000-0000-0144,3.80,Cocoa
2024-05-21,07:42,card,ANON-0000-0000-0273,2.90,Americano
2024-05-21,08:00,card,ANON-0000-0000-0010,3.80,Cappuccino
2024-05-21,08:24,cash,,3.80,Latte
2024-05-21,09:06,card,ANON-0000-0000-0100,3.30,Americano with Milk
2024-05-21,09:06,card,ANON-0000-0000-0003,2.40,Espresso
2024-05-21,09:15,card,ANON-0000-0000-0006,3.80,Latte
2024-05-21,09:18,card,ANON-0000-0000-0329,3.80,Hot Chocolate
2024-05-21,09:22,card,ANON-0000-0000-0577,2.90,Americano
2024-05-21,10:32,card,ANON-0000-0000-0379,3.30,Americano with Milk
2024-05-21,11:29,card,ANON-0000-0000-0180,3.80,Cappuccino
2024-05-21,11:51,card,ANON-0000-0000-0252,3.80,Latte
2024-05-21,12:03,card,ANON-0000-0000-0137,3.30,Cortado
2024-05-21,12:04,card,ANON-0000-0000-0025,3.80,Latte
2024-05-21,15:36,card,ANON-0000-0000-0513,3.30,Americano with Milk
2024-05-21,17:06,card,ANON-0000-0000-0035,3.30,Americano with Milk
2024-05-21,18:43,card,ANON-0000-0000-0064,3.30,Americano with Milk
2024-05-21,20:49,card,ANON-0000-0000-0066,2.90,Americano
2024-05-21,21:13,card,ANON-0000-0000-0018,2.40,Espresso
2024-05-22,09:27,card,ANON-0000-0000-0202,3.80,Latte
2024-05-22,10:46,card,ANON-0000-0000-0317,3.80,Cappuccino
2024-05-22,11:21,cash,,3.80,Latte
2024-05-22,13:28,card,ANON-0000-0000-0115,3.30,Americano with Milk
2024-05-22,14:33,card,ANON-0000-0000-0016,3.30,Cortado
2024-05-22,17:35,card,ANON-0000-0000-0315,2.90,Americano
2024-05-22,18:11,card,ANON-0000-0000-0041,3.80,Cappuccino
2024-05-22,18:27,card,ANON-0000-0000-0117,3.30,Americano with Milk
2024-05-22,20:03,card,ANON-0000-0000-0114,3.30,Americano with Milk
2024-05-23,09:53,card,ANON-0000-0000-0043,2.40,Espresso
2024-05-23,13:05,card,ANON-0000-0000-0240,3.80,Cappuccino
2024-05-23,13:47,card,ANON-0000-0000-0001,3.80,Latte
2024-05-23,16:12,card,ANON-0000-0000-0160,3.80,Cappuccino
2024-05-23,17:27,card,ANON-0000-0000-0011,3.30,Americano with Milk
2024-05-23,18:36,card,ANON-0000-0000-0423,3.30,Americano with Milk
2024-05-24,10:29,card,ANON-0000-0000-0058,3.80,Cocoa
2024-05-24,13:58,card,ANON-0000-0000-0110,3.30,Americano with Milk
2024-05-24,14:49,card,ANON-0000-0000-0042,3.30,Cortado
2024-05-24,15:28,card,ANON-0000-0000-0134,3.30,Cortado
2024-05-24,17:16,card,ANON-0000-0000-0183,3.30,Americano with Milk
2024-05-24,19:21,card,ANON-0000-0000-0001,3.80,Cappuccino
2024-05-25,08:23,card,ANON-0000-0000-0030,3.30,Cortado
2024-05-25,10:10,card,ANON-0000-0000-0564,2.90,Americano
2024-05-25,11:06,cash,,2.40,Espresso
2024-05-25,11:51,card,ANON-0000-0000-0004,2.90,Americano
2024-05-25,12:04,card,ANON-0000-0000-0580,3.80,Hot Chocolate
2024-05-25,12:45,card,ANON-0000-0000-0121,2.90,Americano
2024-05-25,15:47,card,ANON-0000-0000-0001,3.80,Cappuccino
2024-05-25,16:17,card,ANON-0000-0000-0169,3.80,Cappuccino
2024-05-25,18:37,card,ANON-0000-0000-0399,3.80,Cocoa
2024-05-25,20:20,card,ANON-0000-0000-0186,3.30,Cortado
2024-05-26,10:24,cash,,3.30,Americano with Milk
2024-05-26,15:19,card,ANON-0000-0000-0063,3.30,Americano with Milk
2024-05-26,20:06,card,ANON-0000-0000-0017,3.30,Americano with Milk
2024-05-26,21:27,card,ANON-0000-0000-0067,3.30,Americano with Milk
2024-05-27,07:08,cash,,3.80,Cappuccino
2024-05-27,08:43,cash,,3.30,Americano with Milk
2024-05-27,08:57,card,ANON-0000-0000-0572,2.90,Americano
2024-05-27,10:43,card,ANON-0000-0000-0286,3.80,Cappuccino
2024-05-27,11:25,card,ANON-0000-0000-0209,2.90,Americano
2024-05-27,14:53,card,ANON-0000-0000-0024,3.30,Americano with Milk
2024-05-27,15:56,card,ANON-0000-0000-0207,3.80,Cappuccino
2024-05-27,17:42,card,ANON-0000-0000-0102,2.90,Americano
2024-05-28,08:22,card,ANON-0000-0000-0228,3.80,Cappuccino
2024-05-28,09:15,card,ANON-0000-0000-0023,3.80,Latte
2024-05-28,09:42,card,ANON-0000-0000-0001,3.80,Hot Chocolate
2024-05-28,10:16,card,ANON-0000-0000-0498,3.80,Latte
2024-05-28,13:29,card,ANON-0000-0000-0006,3.80,Cocoa
2024-05-28,13:57,card,ANON-0000-0000-0012,3.30,Americano with Milk
2024-05-28,14:32,card,ANON-0000-0000-0171,3.80,Cappuccino
2024-05-28,15:17,card,ANON-0000-0000-0533,3.80,Latte
2024-05-28,15:30,card,ANON-0000-0000-0249,2.90,Americano
2024-05-28,15:56,card,ANON-0000-0000-0291,3.80,Cappuccino
2024-05-28,19:35,card,ANON-0000-0000-0527,3.30,Cortado
2024-05-28,19:52,cash,,3.80,Latte
2024-05-28,20:15,card,ANON-0000-0000-0081,3.80,Latte
2024-05-29,08:15,card,ANON-0000-0000-0067,3.80,Latte
2024-05-29,08:31,card,ANON-0000-0000-0390,3.80,Latte
2024-05-29,09:46,cash,,3.30,Americano with Milk
2024-05-29,19:47,card,ANON-0000-0000-0279,3.80,Latte
2024-05-30,12:32,card,ANON-0000-0000-0182,3.80,Cocoa
2024-05-31,10:35,card,ANON-0000-0000-0002,3.80,Cappuccino
2024-05-31,13:04,card,ANON-0000-0000-0003,3.80,Cappuccino
2024-05-31,21:28,card,ANON-0000-0000-0115,3.30,Americano with Milk
2024-05-31,21:55,card,ANON-0000-0000-0004,3.80,Cappuccino
2024-06-01,08:18,card,ANON-0000-0000-0218,3.80,Cocoa
2024-06-01,09:08,card,ANON-0000-0000-0260,3.30,Americano with Milk
2024-06-01,10:06,card,ANON-0000-0000-0002,2.90,Americano
2024-06-01,10:24,cash,,3.30,Americano with Milk
2024-06-01,10:51,card,ANON-0000-0000-0276,3.30,Americano with Milk
2024-06-01,10:56,card,ANON-0000-0000-0006,3.80,Latte
2024-06-01,11:35,card,ANON-0000-0000-0119,3.80,Latte
2024-06-01,12:18,card,ANON-0000-0000-0507,2.40,Espresso
2024-06-01,21:53,card,ANON-0000-0000-0315,2.90,Americano
2024-06-02,07:02,card,ANON-0000-0000-0044,3.80,Cappuccino
2024-06-02,08:34,card,ANON-0000-0000-0141,3.80,Hot Chocolate
2024-06-02,09:21,card,ANON-0000-0000-0016,3.80,Cocoa
2024-06-02,09:38,card,ANON-0000-0000-0015,3.80,Cappuccino
2024-06-02,10:16,card,ANON-0000-0000-0595,2.90,Americano
2024-06-02,10:57,card,ANON-0000-0000-0332,3.80,Latte
2024-06-02,12:47,card,ANON-0000-0000-0013,3.30,Americano with Milk
2024-06-02,13:58,cash,,3.80,Latte
2024-06-03,08:43,card,ANON-0000-0000-0069,3.80,Latte
2024-06-03,10:12,cash,,3.80,Cocoa
2024-06-03,11:20,card,ANON-0000-0000-0033,3.80,Latte
2024-06-03,15:36,card,ANON-0000-0000-0058,3.80,Latte
2024-06-03,15:45,card,ANON-0000-0000-0182,3.80,Cocoa
2024-06-03,16:21,card,ANON-0000-0000-0006,3.80,Cappuccino
2024-06-03,18:18,card,ANON-0000-0000-0001,3.80,Latte
2024-06-04,09:23,card,ANON-0000-0000-0261,3.30,Americano with Milk
2024-06-04,10:26,card,ANON-0000-0000-0054,3.30,Americano with Milk
2024-06-04,19:50,card,ANON-0000-0000-0078,2.90,Americano
2024-06-04,20:33,card,ANON-0000-0000-0011,3.30,Americano with Milk
2024-06-05,07:47,card,ANON-0000-0000-0007,3.80,Latte
2024-06-05,09:56,card,ANON-0000-0000-0006,3.30,Americano with Milk
2024-06-05,11:30,card,ANON-0000-0000-0575,2.90,Americano
2024-06-05,13:58,card,ANON-0000-0000-0015,3.80,Latte
2024-06-05,14:34,card,ANON-0000-0000-0006,3.80,Latte
2024-06-05,14:39,card,ANON-0000-0000-0025,2.90,Americano
2024-06-05,21:41,card,ANON-0000-0000-0017,3.80,Cappuccino
2024-06-06,07:40,cash,,3.80,Latte
2024-06-06,07:53,card,ANON-0000-0000-0018,2.90,Americano
2024-06-06,08:35,card,ANON-0000-0000-0005,2.90,Americano
2024-06-06,08:50,card,ANON-0000-0000-0001,2.90,Americano
2024-06-06,10:42,card,ANON-0000-0000-0028,3.30,Americano with Milk
2024-06-06,11:21,card,ANON-0000-0000-0030,3.80,Latte
2024-06-06,12:19,card,ANON-0000-0000-0251,3.80,Latte
2024-06-06,13:01,card,ANON-0000-0000-0044,3.80,Latte
2024-06-06,13:14,card,ANON-0000-0000-0001,3.80,Cappuccino
2024-06-06,13:54,card,ANON-0000-0000-0027,3.80,Cappuccino
2024-06-06,14:21,card,ANON-0000-0000-0029,3.80,Cappuccino
2024-06-06,15:51,cash,,2.90,Americano
2024-06-06,17:20,card,ANON-0000-0000-0537,3.80,Hot Chocolate
2024-06-06,18:37,card,ANON-0000-0000-0003,3.30,Americano with Milk
2024-06-06,18:55,card,ANON-0000-0000-0358,3.80,Hot Chocolate
2024-06-06,19:15,card,ANON-0000-0000-0110,2.90,Americano
2024-06-07,08:02,card,ANON-0000-0000-0003,3.30,Americano with Milk
2024-06-07,08:41,card,ANON-0000-0000-0007,3.80,Latte
2024-06-07,08:49,cash,,3.80,Hot Chocolate
2024-06-07,09:23,card,ANON-0000-0000-0337,3.80,Hot Chocolate
2024-06-07,09:34,card,ANON-0000-0000-0003,3.80,Latte
2024-06-07,10:29,card,ANON-0000-0000-0007,2.90,Americano
2024-06-07,10:34,cash,,2.90,Americano
2024-06-07,12:04,card,ANON-0000-0000-0001,2.90,Americano
2024-06-07,12:07,card,ANON-0000-0000-0001,2.90,Americano
2024-06-07,12:53,card,ANON-0000-0000-0200,3.80,Latte
2024-06-07,13:09,card,ANON-0000-0000-0076,3.30,Cortado
2024-06-07,18:57,card,ANON-0000-0000-0001,3.80,Hot Chocolate
2024-06-07,19:37,card,ANON-0000-0000-0254,3.80,Cappuccino
2024-06-08,08:52,card,ANON-0000-0000-0004,2.90,Americano
2024-06-08,09:26,card,ANON-0000-0000-0374,3.30,Americano with Milk
2024-06-08,13:22,cash,,2.90,Americano
2024-06-08,13:42,card,ANON-0000-0000-0001,3.80,Cocoa
2024-06-08,13:50,card,ANON-0000-0000-0434,2.90,Americano
2024-06-08,14:27,card,ANON-0000-0000-0133,2.90,Americano
2024-06-08,15:06,card,ANON-0000-0000-0179,3.80,Latte
2024-06-08,16:12,card,ANON-0000-0000-0289,3.30,Cortado
2024-06-08,20:42,card,ANON-0000-0000-0022,2.90,Americano
2024-06-09,08:35,card,ANON-0000-0000-0231,3.80,Cappuccino
2024-06-09,12:34,card,ANON-0000-0000-0254,3.80,Latte
2024-06-09,13:34,card,ANON-0000-0000-0058,3.30,Americano with Milk
2024-06-09,14:54,card,ANON-0000-0000-0013,2.90,Americano
2024-06-09,15:44,card,ANON-0000-0000-0434,2.90,Americano
2024-06-09,17:02,card,ANON-0000-0000-0076,3.80,Latte
2024-06-09,20:10,card,ANON-0000-0000-0420,2.40,Espresso
2024-06-10,16:06,card,ANON-0000-0000-0005,3.30,Americano with Milk
2024-06-10,20:57,card,ANON-0000-0000-0057,3.80,Hot Chocolate
2024-06-10,21:05,card,ANON-0000-0000-0195,3.80,Latte
2024-06-11,07:15,card,ANON-0000-0000-0002,3.80,Cappuccino
2024-06-11,07:39,cash,,3.30,Americano with Milk
2024-06-11,08:16,cash,,3.30,Americano with Milk
2024-06-11,08:20,card,ANON-0000-0000-0022,3.80,Cocoa
2024-06-11,08:27,cash,,3.80,Latte
2024-06-11,09:12,card,ANON-0000-0000-0004,3.30,Americano with Milk
2024-06-11,09:20,card,ANON-0000-0000-0001,2.90,Americano
2024-06-11,09:30,card,ANON-0000-0000-0001,2.40,Espresso
2024-06-11,09:36,card,ANON-0000-0000-0410,3.80,Cappuccino
2024-06-11,10:07,card,ANON-0000-0000-0325,3.80,Latte
2024-06-11,10:43,card,ANON-0000-0000-0001,3.80,Cappuccino
2024-06-11,11:56,card,ANON-0000-0000-0025,3.80,Hot Chocolate
2024-06-11,11:57,cash,,3.30,Americano with Milk
2024-06-11,16:06,card,ANON-0000-0000-0010,3.80,Hot Chocolate
2024-06-11,16:49,card,ANON-0000-0000-0024,2.40,Espresso
2024-06-12,08:06,cash,,3.80,Cappuccino
2024-06-12,08:41,card,ANON-0000-0000-0092,3.80,Latte
2024-06-12,08:42,card,ANON-0000-0000-0007,2.40,Espresso
2024-06-12,10:23,card,ANON-0000-0000-0425,3.80,Cappuccino
2024-06-12,10:34,cash,,3.80,Latte
2024-06-12,10:42,card,ANON-0000-0000-0056,2.90,Americano
2024-06-12,11:00,card,ANON-0000-0000-0009,3.30,Americano with Milk
2024-06-12,11:29,cash,,3.80,Latte
2024-06-12,11:30,card,ANON-0000-0000-0001,3.80,Latte
2024-06-12,15:50,card,ANON-0000-0000-0042,3.30,Americano with Milk
2024-06-12,15:53,card,ANON-0000-0000-0025,3.30,Americano with Milk
2024-06-12,15:56,card,ANON-0000-0000-0146,3.30,Americano with Milk
2024-06-12,16:02,card,ANON-0000-0000-0594,2.40,Espresso
2024-06-12,16:21,card,ANON-0000-0000-0035,3.30,Americano with Milk
2024-06-12,16:22,cash,,3.80,Hot Chocolate
2024-06-12,17:34,card,ANON-0000-0000-0309,3.30,Americano with Milk
2024-06-12,17:37,card,ANON-0000-0000-0024,3.80,Latte
2024-06-12,18:57,card,ANON-0000-0000-0542,3.30,Americano with Milk
2024-06-12,19:47,cash,,3.80,Latte
2024-06-12,20:29,card,ANON-0000-0000-0016,3.80,Latte
2024-06-13,09:45,card,ANON-0000-0000-0285,2.90,Americano
2024-06-13,09:49,card,ANON-0000-0000-0044,3.30,Americano with Milk
2024-06-13,10:45,card,ANON-0000-0000-0201,2.90,Americano
2024-06-13,11:01,card,ANON-0000-0000-0002,2.40,Espresso
2024-06-13,11:13,card,ANON-0000-0000-0059,3.80,Latte
2024-06-13,12:56,card,ANON-0000-0000-0029,3.30,Cortado
2024-06-13,15:02,card,ANON-0000-0000-0039,3.80,Latte
2024-06-13,16:32,card,ANON-0000-0000-0039,3.30,Americano with Milk
2024-06-14,07:52,card,ANON-0000-0000-0078,3.80,Latte
2024-06-14,08:39,card,ANON-0000-0000-0129,2.90,Americano
2024-06-14,08:52,card,ANON-0000-0000-0043,3.30,Cortado
2024-06-14,09:18,card,ANON-0000-0000-0168,3.30,Americano with Milk
2024-06-14,09:57,card,ANON-0000-0000-0094,3.30,Americano with Milk
2024-06-14,10:05,card,ANON-0000-0000-0001,3.30,Americano with Milk
2024-06-14,10:26,card,ANON-0000-0000-0078,3.80,Cappuccino
2024-06-14,10:46,card,ANON-0000-0000-0019,3.80,Latte
2024-06-14,13:47,card,ANON-0000-0000-0486,3.80,Latte
2024-06-14,14:41,card,ANON-0000-0000-0009,3.80,Cocoa
2024-06-14,15:25,card,ANON-0000-0000-0016,3.80,Latte
2024-06-14,15:25,card,ANON-0000-0000-0541,3.80,Latte
2024-06-14,20:40,card,ANON-0000-0000-0003,3.30,Cortado
2024-06-14,21:12,card,ANON-0000-0000-0136,3.30,Americano with Milk
2024-06-15,08:20,card,ANON-0000-0000-0051,3.30,Americano with Milk
2024-06-15,09:20,card,ANON-0000-0000-0075,3.80,Latte
2024-06-15,15:15,card,ANON-0000-0000-0010,2.90,Americano
2024-06-15,15:26,card,ANON-0000-0000-0090,3.80,Hot Chocolate
2024-06-15,17:12,card,ANON-0000-0000-0169,3.80,Latte
2024-06-15,20:36,card,ANON-0000-0000-0316,3.30,Americano with Milk
2024-06-16,07:41,card,ANON-0000-0000-0007,2.90,Americano
2024-06-16,08:15,card,ANON-0000-0000-0174,2.40,Espresso
2024-06-16,09:51,card,ANON-0000-0000-0172,3.80,Cappuccino
2024-06-16,12:41,card,ANON-0000-0000-0014,3.80,Cappuccino
2024-06-16,12:50,cash,,3.30,Americano with Milk
2024-06-16,16:35,cash,,2.90,Americano
2024-06-17,09:09,card,ANON-0000-0000-0004,2.40,Espresso
2024-06-17,10:22,card,ANON-0000-0000-0039,2.90,Americano
2024-06-17,10:37,card,ANON-0000-0000-0001,3.30,Americano with Milk
2024-06-17,14:57,card,ANON-0000-0000-0161,3.80,Hot Chocolate
2024-06-17,15:01,card,ANON-0000-0000-0079,3.80,Cocoa
2024-06-17,20:02,cash,,3.80,Cocoa
2024-06-17,20:30,card,ANON-0000-0000-0001,3.80,Hot Chocolate
2024-06-17,20:49,card,ANON-0000-0000-0014,3.80,Hot Chocolate
2024-06-18,09:36,card,ANON-0000-0000-0066,2.90,Americano
2024-06-18,09:58,card,ANON-0000-0000-0001,3.80,Latte
2024-06-18,11:41,card,ANON-0000-0000-0004,3.30,Americano with Milk
2024-06-18,12:26,card,ANON-0000-0000-0328,2.40,Espresso
2024-06-18,13:54,card,ANON-0000-0000-0002,3.80,Latte
2024-06-18,15:21,cash,,3.80,Hot Chocolate
2024-06-18,19:39,card,ANON-0000-0000-0122,3.30,Americano with Milk
2024-06-19,07:33,card,ANON-0000-0000-0088,3.30,Americano with Milk
2024-06-19,08:32,card,ANON-0000-0000-0552,3.80,Latte
2024-06-19,08:42,card,ANON-0000-0000-0006,3.30,Americano with Milk
2024-06-19,08:48,card,ANON-0000-0000-0161,3.80,Cappuccino
2024-06-19,09:50,card,ANON-0000-0000-0213,3.30,Americano with Milk
2024-06-19,09:57,card,ANON-0000-0000-0094,3.30,Cortado
2024-06-19,10:13,card,ANON-0000-0000-0076,3.30,Americano with Milk
2024-06-19,12:24,card,ANON-0000-0000-0028,2.90,Americano
2024-06-19,13:35,card,ANON-0000-0000-0169,3.30,Americano with Milk
2024-06-19,13:46,cash,,3.30,Americano with Milk
2024-06-19,18:18,card,ANON-0000-0000-0469,3.30,Americano with Milk
2024-06-19,18:24,card,ANON-0000-0000-0180,3.80,Latte
2024-06-19,18:48,card,ANON-0000-0000-0316,3.80,Latte
2024-06-19,20:01,card,ANON-0000-0000-0460,2.40,Espresso
2024-06-19,20:08,card,ANON-0000-0000-0421,3.80,Cocoa
2024-06-20,07:36,card,ANON-0000-0000-0010,2.90,Americano
2024-06-20,08:43,cash,,3.80,Cappuccino
2024-06-20,09:18,card,ANON-0000-0000-0489,3.30,Americano with Milk
2024-06-20,09:59,card,ANON-0000-0000-0316,2.90,Americano
2024-06-20,11:36,card,ANON-0000-0000-0100,3.30,Cortado
2024-06-20,11:58,card,ANON-0000-0000-0001,3.80,Latte
2024-06-20,12:38,card,ANON-0000-0000-0010,3.80,Hot Chocolate
2024-06-20,12:41,card,ANON-0000-0000-0014,3.30,Americano with Milk
2024-06-20,21:12,cash,,2.90,Americano
2024-06-20,21:31,card,ANON-0000-0000-0166,2.90,Americano
2024-06-21,07:40,cash,,3.80,Cocoa
2024-06-21,09:15,card,ANON-0000-0000-0115,3.80,Cappuccino
2024-06-21,11:04,card,ANON-0000-0000-0006,3.80,Cappuccino
2024-06-21,11:18,card,ANON-0000-0000-0159,2.90,Americano
2024-06-21,11:20,card,ANON-0000-0000-0086,3.80,Hot Chocolate
2024-06-21,13:17,card,ANON-0000-0000-0071,3.80,Cappuccino
2024-06-21,14:19,card,ANON-0000-0000-0096,3.80,Latte
2024-06-21,14:46,card,ANON-0000-0000-0525,3.30,Americano with Milk
2024-06-21,15:26,card,ANON-0000-0000-0028,3.80,Cappuccino
2024-06-21,17:16,card,ANON-0000-0000-0002,3.30,Cortado
2024-06-21,17:17,card,ANON-0000-0000-0395,3.80,Cappuccino
2024-06-21,19:09,card,ANON-0000-0000-0071,2.90,Americano
2024-06-22,08:08,card,ANON-0000-0000-0104,3.80,Cocoa
2024-06-22,11:20,card,ANON-0000-0000-0122,3.80,Cappuccino
2024-06-22,14:37,card,ANON-0000-0000-0517,3.30,Americano with Milk
2024-06-22,15:50,card,ANON-0000-0000-0543,2.90,Americano
2024-06-22,17:55,card,ANON-0000-0000-0036,3.30,Cortado
2024-06-22,18:54,card,ANON-0000-0000-0142,2.40,Espresso
2024-06-23,08:56,card,ANON-0000-0000-0004,3.80,Hot Chocolate
2024-06-23,09:01,card,ANON-0000-0000-0004,3.80,Cappuccino
2024-06-23,10:09,card,ANON-0000-0000-0023,2.90,Americano
2024-06-23,15:26,cash,,2.90,Americano
2024-06-23,16:31,cash,,3.30,Americano with Milk
2024-06-23,19:09,card,ANON-0000-0000-0484,3.80,Hot Chocolate
2024-06-24,08:34,cash,,2.90,Americano
2024-06-24,09:25,card,ANON-0000-0000-0096,2.90,Americano
2024-06-24,10:39,card,ANON-0000-0000-0002,3.30,Cortado
2024-06-24,13:55,card,ANON-0000-0000-0058,3.30,Americano with Milk
2024-06-24,16:39,card,ANON-0000-0000-0048,3.80,Hot Chocolate
2024-06-24,16:56,card,ANON-0000-0000-0028,3.80,Latte
2024-06-24,17:57,card,ANON-0000-0000-0030,3.80,Cocoa
2024-06-25,07:49,card,ANON-0000-0000-0166,3.80,Hot Chocolate
2024-06-25,09:25,card,ANON-0000-0000-0006,2.90,Americano
2024-06-25,09:45,card,ANON-0000-0000-0007,3.80,Cocoa
2024-06-25,10:07,card,ANON-0000-0000-0084,3.30,Americano with Milk
2024-06-25,11:41,card,ANON-0000-0000-0049,3.30,Americano with Milk
2024-06-25,12:40,cash,,3.80,Cappuccino
2024-06-25,15:27,card,ANON-0000-0000-0267,2.40,Espresso
2024-06-25,15:45,cash,,3.30,Americano with Milk
2024-06-26,07:48,card,ANON-0000-0000-0187,2.90,Americano
2024-06-26,08:43,card,ANON-0000-0000-0088,2.90,Americano
2024-06-26,10:42,card,ANON-0000-0000-0075,3.80,Latte
2024-06-26,12:24,cash,,2.90,Americano
2024-06-26,13:00,cash,,2.90,Americano
2024-06-26,14:52,card,ANON-0000-0000-0121,3.80,Hot Chocolate
2024-06-26,15:03,card,ANON-0000-0000-0034,3.80,Cappuccino
2024-06-26,17:54,card,ANON-0000-0000-0006,3.80,Latte
2024-06-27,11:00,card,ANON-0000-0000-0482,3.30,Cortado
2024-06-27,11:32,card,ANON-0000-0000-0002,3.80,Latte
2024-06-27,11:43,card,ANON-0000-0000-0012,3.80,Hot Chocolate
2024-06-27,13:03,card,ANON-0000-0000-0300,3.80,Latte
2024-06-27,13:32,card,ANON-0000-0000-0339,2.90,Americano
2024-06-27,15:39,card,ANON-0000-0000-0018,3.80,Cappuccino
2024-06-27,15:45,card,ANON-0000-0000-0320,3.80,Latte
2024-06-27,20:25,card,ANON-0000-0000-0002,3.80,Cocoa
2024-06-28,07:11,card,ANON-0000-0000-0076,3.30,Americano with Milk
2024-06-28,11:18,cash,,2.90,Americano
2024-06-28,14:42,cash,,2.40,Espresso
2024-06-28,16:00,card,ANON-0000-0000-0058,3.80,Latte
2024-06-28,16:40,card,ANON-0000-0000-0321,3.80,Latte
2024-06-28,16:45,card,ANON-0000-0000-0136,3.30,Cortado
2024-06-28,18:10,card,ANON-0000-0000-0439,3.80,Latte
2024-06-28,20:19,card,ANON-0000-0000-0028,3.80,Cocoa
2024-06-29,09:01,card,ANON-0000-0000-0004,3.80,Latte
2024-06-29,09:06,card,ANON-0000-0000-0066,3.80,Cappuccino
2024-06-29,09:34,card,ANON-0000-0000-0001,2.90,Americano
2024-06-29,11:10,card,ANON-0000-0000-0079,3.80,Cocoa
2024-06-29,16:49,cash,,3.80,Latte
2024-06-29,17:49,card,ANON-0000-0000-0001,3.80,Latte
2024-06-30,08:21,card,ANON-0000-0000-0130,3.80,Hot Chocolate
2024-06-30,09:29,card,ANON-0000-0000-0138,2.40,Espresso
2024-06-30,11:21,cash,,3.80,Latte
2024-06-30,12:28,card,ANON-0000-0000-0544,3.80,Latte
2024-06-30,12:37,card,ANON-0000-0000-0020,3.80,Latte
2024-06-30,13:24,card,ANON-0000-0000-0105,2.90,Americano
2024-06-30,13:44,card,ANON-0000-0000-0076,3.30,Americano with Milk
2024-06-30,19:58,card,ANON-0000-0000-0205,3.80,Cappuccino
2024-06-30,20:14,card,ANON-0000-0000-0058,3.80,Latte
2024-07-01,10:12,card,ANON-0000-0000-0574,3.30,Americano with Milk
2024-07-01,11:00,card,ANON-0000-0000-0192,3.80,Cappuccino
2024-07-01,11:08,card,ANON-0000-0000-0014,3.80,Cappuccino
2024-07-01,11:40,card,ANON-0000-0000-0034,2.40,Espresso
2024-07-01,14:15,card,ANON-0000-0000-0010,2.90,Americano
2024-07-01,15:01,card,ANON-0000-0000-0007,3.80,Latte
2024-07-01,16:38,card,ANON-0000-0000-0207,3.30,Americano with Milk
2024-07-01,17:37,card,ANON-0000-0000-0004,3.30,Cortado
2024-07-01,18:31,card,ANON-0000-0000-0138,3.80,Cappuccino
2024-07-01,20:09,card,ANON-0000-0000-0125,3.80,Cappuccino
2024-07-01,20:16,card,ANON-0000-0000-0004,3.30,Cortado
2024-07-02,09:02,card,ANON-0000-0000-0013,3.30,Cortado
2024-07-02,14:49,card,ANON-0000-0000-0001,3.80,Latte
2024-07-02,15:41,card,ANON-0000-0000-0028,3.80,Hot Chocolate
2024-07-02,15:51,card,ANON-0000-0000-0577,3.30,Cortado
2024-07-02,19:20,card,ANON-0000-0000-0070,3.30,Americano with Milk
2024-07-03,10:07,cash,,3.30,Cortado
2024-07-03,11:18,card,ANON-0000-0000-0134,2.90,Americano
2024-07-03,14:24,card,ANON-0000-0000-0043,2.90,Americano
2024-07-03,20:12,cash,,3.80,Cappuccino
2024-07-03,21:20,card,ANON-0000-0000-0389,3.30,Americano with Milk
2024-07-04,08:18,card,ANON-0000-0000-0004,2.40,Espresso
2024-07-04,15:36,card,ANON-0000-0000-0053,2.90,Americano
2024-07-04,15:46,card,ANON-0000-0000-0022,3.30,Americano with Milk
2024-07-04,16:22,card,ANON-0000-0000-0257,3.30,Americano with Milk
2024-07-04,16:37,card,ANON-0000-0000-0004,3.80,Latte
2024-07-05,07:23,card,ANON-0000-0000-0003,2.90,Americano
2024-07-05,07:47,card,ANON-0000-0000-0023,2.40,Espresso
2024-07-05,08:23,cash,,3.80,Latte
2024-07-05,08:51,card,ANON-0000-0000-0022,2.40,Espresso
2024-07-05,10:05,card,ANON-0000-0000-0007,3.80,Cappuccino
2024-07-05,15:42,cash,,2.40,Espresso
2024-07-06,09:00,card,ANON-0000-0000-0263,3.80,Latte
2024-07-06,11:32,card,ANON-0000-0000-0002,3.30,Americano with Milk
2024-07-06,13:47,card,ANON-0000-0000-0083,2.90,Americano
2024-07-06,14:00,card,ANON-0000-0000-0034,3.30,Americano with Milk
2024-07-06,15:31,card,ANON-0000-0000-0002,3.30,Americano with Milk
2024-07-06,15:46,card,ANON-0000-0000-0566,3.80,Latte
2024-07-06,18:43,card,ANON-0000-0000-0533,2.90,Americano
2024-07-07,08:51,card,ANON-0000-0000-0375,3.80,Latte
2024-07-07,09:14,card,ANON-0000-0000-0521,3.80,Cappuccino
2024-07-07,09:48,card,ANON-0000-0000-0583,3.80,Cappuccino
2024-07-07,10:19,cash,,2.90,Americano
2024-07-07,14:10,card,ANON-0000-0000-0016,3.30,Americano with Milk
2024-07-07,14:51,card,ANON-0000-0000-0493,2.90,Americano
2024-07-07,15:53,card,ANON-0000-0000-0093,3.30,Cortado
2024-07-07,20:49,card,ANON-0000-0000-0294,3.80,Cappuccino
2024-07-08,08:10,card,ANON-0000-0000-0099,3.30,Americano with Milk
2024-07-08,08:41,card,ANON-0000-0000-0472,2.90,Americano
2024-07-08,08:46,card,ANON-0000-0000-0005,2.90,Americano
2024-07-08,08:58,card,ANON-0000-0000-0239,3.80,Latte
2024-07-08,09:35,card,ANON-0000-0000-0056,3.30,Americano with Milk
2024-07-08,09:47,card,ANON-0000-0000-0001,3.30,Americano with Milk
2024-07-08,11:35,card,ANON-0000-0000-0185,3.80,Cappuccino
2024-07-08,13:01,card,ANON-0000-0000-0053,3.80,Cappuccino
2024-07-08,13:16,card,ANON-0000-0000-0001,3.80,Cappuccino
2024-07-08,13:19,card,ANON-0000-0000-0159,2.90,Americano
2024-07-08,14:48,card,ANON-0000-0000-0120,3.80,Hot Chocolate
2024-07-08,15:13,card,ANON-0000-0000-0001,3.80,Cocoa
2024-07-08,15:46,card,ANON-0000-0000-0004,2.90,Americano
2024-07-09,09:14,card,ANON-0000-0000-0039,3.30,Americano with Milk
2024-07-09,09:42,card,ANON-0000-0000-0020,3.30,Americano with Milk
2024-07-09,10:04,card,ANON-0000-0000-0521,3.30,Americano with Milk
2024-07-09,10:23,card,ANON-0000-0000-0001,3.30,Cortado
2024-07-09,16:24,card,ANON-0000-0000-0210,3.80,Cappuccino
2024-07-09,19:54,card,ANON-0000-0000-0047,3.30,Cortado
2024-07-09,20:48,card,ANON-0000-0000-0026,3.30,Cortado
2024-07-10,08:23,card,ANON-0000-0000-0353,3.30,Cortado
2024-07-10,08:43,card,ANON-0000-0000-0069,3.80,Cocoa
2024-07-10,08:54,card,ANON-0000-0000-0428,3.30,Americano with Milk
2024-07-10,11:56,card,ANON-0000-0000-0058,3.30,Americano with Milk
2024-07-10,15:09,card,ANON-0000-0000-0001,3.80,Cappuccino
2024-07-10,16:26,card,ANON-0000-0000-0028,3.30,Americano with Milk
2024-07-10,16:26,card,ANON-0000-0000-0299,3.80,Latte
2024-07-10,19:03,card,ANON-0000-0000-0017,3.30,Cortado
2024-07-11,12:58,card,ANON-0000-0000-0542,2.40,Espresso
2024-07-11,13:44,card,ANON-0000-0000-0125,3.30,Americano with Milk
2024-07-11,13:54,card,ANON-0000-0000-0053,2.90,Americano
2024-07-11,14:30,cash,,3.80,Hot Chocolate
2024-07-11,17:16,card,ANON-0000-0000-0009,2.90,Americano
2024-07-12,15:58,card,ANON-0000-0000-0164,2.90,Americano
2024-07-13,11:48,card,ANON-0000-0000-0436,3.30,Cortado
2024-07-13,14:52,card,ANON-0000-0000-0019,3.80,Hot Chocolate
2024-07-13,17:42,card,ANON-0000-0000-0002,3.80,Cocoa
2024-07-13,20:37,card,ANON-0000-0000-0001,3.30,Americano with Milk
2024-07-14,08:05,card,ANON-0000-0000-0102,3.80,Cappuccino
2024-07-14,08:23,card,ANON-0000-0000-0007,3.80,Cappuccino
2024-07-14,08:24,card,ANON-0000-0000-0022,3.80,Hot Chocolate
2024-07-14,09:28,card,ANON-0000-0000-0017,3.80,Cocoa
2024-07-14,10:27,card,ANON-0000-0000-0098,3.80,Latte
2024-07-14,10:39,card,ANON-0000-0000-0020,3.80,Hot Chocolate
2024-07-14,14:59,cash,,3.80,Latte
2024-07-15,07:31,card,ANON-0000-0000-0279,3.30,Americano with Milk
2024-07-15,08:44,card,ANON-0000-0000-0026,3.80,Cappuccino
2024-07-15,08:49,cash,,2.90,Americano
2024-07-15,09:01,card,ANON-0000-0000-0041,3.30,Americano with Milk
2024-07-15,09:25,card,ANON-0000-0000-0566,3.30,Cortado
2024-07-15,10:35,card,ANON-0000-0000-0192,3.80,Cappuccino
2024-07-15,12:05,card,ANON-0000-0000-0193,3.80,Cappuccino
2024-07-16,07:01,card,ANON-0000-0000-0052,3.80,Cappuccino
2024-07-16,08:56,card,ANON-0000-0000-0001,3.30,Americano with Milk
2024-07-16,09:45,card,ANON-0000-0000-0004,3.30,Americano with Milk
2024-07-16,09:48,card,ANON-0000-0000-0004,2.40,Espresso
2024-07-16,11:36,card,ANON-0000-0000-0410,3.30,Americano with Milk
2024-07-16,13:26,card,ANON-0000-0000-0595,3.30,Americano with Milk
2024-07-16,14:18,card,ANON-0000-0000-0149,3.30,Cortado
2024-07-16,14:37,card,ANON-0000-0000-0015,3.80,Latte
2024-07-16,15:08,card,ANON-0000-0000-0004,2.90,Americano
2024-07-16,15:56,card,ANON-0000-0000-0055,3.80,Cocoa
2024-07-16,18:06,card,ANON-0000-0000-0107,3.30,Americano with Milk
2024-07-16,20:29,cash,,3.80,Latte
2024-07-17,14:27,card,ANON-0000-0000-0320,2.90,Americano
2024-07-17,16:07,cash,,3.80,Cappuccino
2024-07-17,16:28,card,ANON-0000-0000-0041,3.80,Cappuccino
2024-07-17,16:36,card,ANON-0000-0000-0001,3.30,Cortado
2024-07-17,21:39,card,ANON-0000-0000-0021,3.30,Americano with Milk
2024-07-18,07:17,card,ANON-0000-0000-0015,3.80,Latte
2024-07-18,08:04,card,ANON-0000-0000-0014,3.80,Latte
2024-07-18,16:08,card,ANON-0000-0000-0023,2.40,Espresso
2024-07-18,16:19,cash,,3.80,Latte
2024-07-18,21:52,card,ANON-0000-0000-0251,3.80,Cocoa
2024-07-18,21:58,card,ANON-0000-0000-0154,3.80,Latte
2024-07-19,09:53,card,ANON-0000-0000-0334,3.80,Hot Chocolate
2024-07-19,10:20,card,ANON-0000-0000-0004,3.80,Latte
2024-07-19,10:46,card,ANON-0000-0000-0418,3.30,Americano with Milk
2024-07-19,14:34,cash,,2.90,Americano
2024-07-19,17:42,card,ANON-0000-0000-0047,3.80,Cappuccino
2024-07-20,07:28,card,ANON-0000-0000-0132,3.80,Hot Chocolate
2024-07-20,10:03,card,ANON-0000-0000-0002,3.80,Cappuccino
2024-07-20,18:26,card,ANON-0000-0000-0465,2.90,Americano
2024-07-20,19:10,card,ANON-0000-0000-0252,3.30,Americano with Milk
2024-07-20,20:11,card,ANON-0000-0000-0024,2.90,Americano
2024-07-20,21:29,card,ANON-0000-0000-0009,3.30,Americano with Milk
2024-07-21,10:13,card,ANON-0000-0000-0002,3.80,Cappuccino
2024-07-21,14:40,card,ANON-0000-0000-0202,2.90,Americano
2024-07-21,19:45,cash,,3.30,Americano with Milk
2024-07-22,07:09,card,ANON-0000-0000-0020,2.40,Espresso
2024-07-22,08:33,card,ANON-0000-0000-0001,3.80,Cappuccino
2024-07-22,10:49,card,ANON-0000-0000-0190,2.40,Espresso
2024-07-22,14:22,card,ANON-0000-0000-0239,3.80,Cappuccino
2024-07-22,14:25,card,ANON-0000-0000-0156,3.80,Latte
2024-07-22,14:39,card,ANON-0000-0000-0059,3.30,Americano with Milk
2024-07-23,08:51,card,ANON-0000-0000-0142,3.80,Hot Chocolate
2024-07-23,09:05,card,ANON-0000-0000-0007,2.90,Americano
2024-07-23,15:41,card,ANON-0000-0000-0203,3.30,Americano with Milk
2024-07-23,16:25,card,ANON-0000-0000-0077,3.80,Cocoa
2024-07-23,16:32,card,ANON-0000-0000-0349,3.30,Americano with Milk
2024-07-23,16:58,card,ANON-0000-0000-0083,3.30,Cortado
2024-07-23,17:08,card,ANON-0000-0000-0144,2.90,Americano
2024-07-23,18:34,card,ANON-0000-0000-0247,3.30,Cortado
2024-07-24,08:57,card,ANON-0000-0000-0003,3.80,Cappuccino
2024-07-24,09:28,card,ANON-0000-0000-0066,3.30,Cortado
2024-07-24,10:13,card,ANON-0000-0000-0073,2.90,Americano
2024-07-24,11:24,cash,,2.90,Americano
2024-07-24,12:17,card,ANON-0000-0000-0142,3.30,Cortado
2024-07-24,13:34,card,ANON-0000-0000-0481,3.30,Cortado
2024-07-24,15:12,card,ANON-0000-0000-0267,3.80,Cappuccino
2024-07-24,18:20,card,ANON-0000-0000-0020,3.80,Latte
2024-07-24,20:02,card,ANON-0000-0000-0009,3.80,Latte
2024-07-24,21:36,card,ANON-0000-0000-0069,3.80,Latte
2024-07-25,08:49,cash,,3.80,Latte
2024-07-25,09:33,card,ANON-0000-0000-0123,2.90,Americano
2024-07-25,09:46,card,ANON-0000-0000-0183,3.30,Americano with Milk
2024-07-25,09:55,card,ANON-0000-0000-0598,2.40,Espresso
2024-07-25,21:37,card,ANON-0000-0000-0022,2.90,Americano
2024-07-26,08:11,card,ANON-0000-0000-0340,2.90,Americano
2024-07-26,08:41,card,ANON-0000-0000-0022,3.80,Latte
2024-07-26,09:35,card,ANON-0000-0000-0039,3.80,Hot Chocolate
2024-07-26,09:43,card,ANON-0000-0000-0173,3.80,Hot Chocolate
2024-07-26,13:08,cash,,3.30,Cortado
2024-07-26,13:14,cash,,3.80,Cappuccino
2024-07-26,14:04,card,ANON-0000-0000-0570,3.30,Americano with Milk
2024-07-26,14:09,card,ANON-0000-0000-0503,2.90,Americano
2024-07-26,14:26,card,ANON-0000-0000-0099,2.40,Espresso
2024-07-26,15:05,card,ANON-0000-0000-0002,3.30,Americano with Milk
2024-07-26,21:27,card,ANON-0000-0000-0008,3.80,Hot Chocolate
2024-07-27,07:40,card,ANON-0000-0000-0003,3.80,Cappuccino
2024-07-27,08:15,card,ANON-0000-0000-0001,2.40,Espresso
2024-07-27,08:29,card,ANON-0000-0000-0078,3.80,Cappuccino
2024-07-27,10:37,card,ANON-0000-0000-0153,3.80,Cappuccino
2024-07-27,12:12,card,ANON-0000-0000-0001,3.80,Latte
2024-07-27,14:40,card,ANON-0000-0000-0003,3.30,Americano with Milk
2024-07-28,08:29,card,ANON-0000-0000-0119,3.80,Cappuccino
2024-07-28,08:38,card,ANON-0000-0000-0482,3.80,Latte
2024-07-28,12:08,card,ANON-0000-0000-0560,2.90,Americano
2024-07-28,15:56,cash,,3.80,Cappuccino
2024-07-28,16:17,card,ANON-0000-0000-0023,3.30,Americano with Milk
2024-07-28,19:12,card,ANON-0000-0000-0008,2.90,Americano
2024-07-29,08:29,cash,,2.90,Americano
2024-07-29,13:55,card,ANON-0000-0000-0167,3.80,Latte
2024-07-30,08:01,card,ANON-0000-0000-0454,3.80,Latte
2024-07-30,08:14,card,ANON-0000-0000-0030,3.30,Americano with Milk
2024-07-30,10:30,card,ANON-0000-0000-0012,2.90,Americano
2024-07-30,13:43,cash,,3.30,Cortado
2024-07-30,14:29,card,ANON-0000-0000-0360,3.80,Latte
2024-07-30,15:25,card,ANON-0000-0000-0529,3.80,Latte
2024-07-30,17:46,card,ANON-0000-0000-0447,3.80,Latte
2024-07-30,18:12,cash,,2.40,Espresso
2024-07-30,18:30,card,ANON-0000-0000-0069,3.80,Latte
2024-07-31,07:11,card,ANON-0000-0000-0281,3.30,Cortado
2024-07-31,08:03,cash,,3.30,Americano with Milk
2024-07-31,08:03,cash,,2.90,Americano
2024-07-31,08:40,card,ANON-0000-0000-0264,3.30,Americano with Milk
2024-07-31,11:54,card,ANON-0000-0000-0053,2.90,Americano
2024-07-31,18:25,card,ANON-0000-0000-0031,3.30,Americano with Milk
2024-07-31,18:44,card,ANON-0000-0000-0343,2.90,Americano
2024-08-01,12:22,cash,,3.30,Americano with Milk
2024-08-01,15:32,card,ANON-0000-0000-0014,3.80,Cappuccino
2024-08-01,21:02,card,ANON-0000-0000-0025,3.80,Latte
2024-08-02,09:17,card,ANON-0000-0000-0313,3.80,Cappuccino
2024-08-02,14:27,card,ANON-0000-0000-0509,3.80,Latte
2024-08-02,14:30,card,ANON-0000-0000-0003,3.80,Cappuccino
2024-08-03,08:52,card,ANON-0000-0000-0185,3.30,Cortado
2024-08-03,09:29,card,ANON-0000-0000-0074,3.80,Cappuccino
2024-08-03,12:30,card,ANON-0000-0000-0206,3.30,Americano with Milk
2024-08-03,16:23,card,ANON-0000-0000-0025,3.80,Latte
2024-08-04,09:22,card,ANON-0000-0000-0007,2.40,Espresso
2024-08-04,09:40,card,ANON-0000-0000-0001,3.80,Cappuccino
2024-08-04,12:02,card,ANON-0000-0000-0158,3.30,Americano with Milk
2024-08-04,12:23,card,ANON-0000-0000-0356,2.40,Espresso
2024-08-04,14:12,card,ANON-0000-0000-0159,2.90,Americano
2024-08-04,14:35,card,ANON-0000-0000-0194,2.90,Americano
2024-08-05,07:41,card,ANON-0000-0000-0007,3.30,Cortado
2024-08-05,07:54,card,ANON-0000-0000-0097,3.80,Hot Chocolate
2024-08-05,11:26,card,ANON-0000-0000-0005,3.30,Cortado
2024-08-05,12:02,cash,,3.80,Latte
2024-08-05,17:23,card,ANON-0000-0000-0007,3.80,Latte
2024-08-05,18:10,card,ANON-0000-0000-0123,3.30,Cortado
2024-08-05,19:28,card,ANON-0000-0000-0077,3.30,Americano with Milk
2024-08-06,08:10,card,ANON-0000-0000-0009,3.80,Hot Chocolate
2024-08-06,08:20,card,ANON-0000-0000-0291,3.30,Cortado
2024-08-06,08:31,card,ANON-0000-0000-0135,2.40,Espresso
2024-08-06,14:06,card,ANON-0000-0000-0022,3.30,Americano with Milk
2024-08-06,14:30,cash,,2.40,Espresso
2024-08-07,07:00,card,ANON-0000-0000-0390,3.80,Latte
2024-08-07,09:09,card,ANON-0000-0000-0016,3.80,Cappuccino
2024-08-07,13:53,card,ANON-0000-0000-0017,3.30,Americano with Milk
2024-08-07,16:00,card,ANON-0000-0000-0120,3.80,Latte
2024-08-07,16:30,card,ANON-0000-0000-0002,3.80,Cappuccino
2024-08-07,18:45,card,ANON-0000-0000-0343,3.80,Latte
2024-08-07,19:40,card,ANON-0000-0000-0010,3.80,Hot Chocolate
2024-08-08,07:24,card,ANON-0000-0000-0283,3.80,Latte
2024-08-08,07:45,card,ANON-0000-0000-0118,3.80,Hot Chocolate
2024-08-08,08:04,card,ANON-0000-0000-0075,3.30,Americano with Milk
2024-08-08,12:04,card,ANON-0000-0000-0152,3.80,Hot Chocolate
2024-08-08,15:40,card,ANON-0000-0000-0588,3.30,Americano with Milk
2024-08-08,16:29,card,ANON-0000-0000-0052,3.80,Latte
2024-08-08,20:47,card,ANON-0000-0000-0001,3.30,Americano with Milk
2024-08-09,07:43,cash,,2.90,Americano
2024-08-09,07:52,card,ANON-0000-0000-0019,3.80,Cappuccino
2024-08-09,09:52,cash,,2.90,Americano
2024-08-09,10:40,card,ANON-0000-0000-0013,3.80,Latte
2024-08-09,12:59,card,ANON-0000-0000-0003,2.90,Americano
2024-08-09,14:05,card,ANON-0000-0000-0020,3.80,Latte
2024-08-09,21:12,card,ANON-0000-0000-0283,3.30,Americano with Milk
2024-08-10,09:18,card,ANON-0000-0000-0120,2.90,Americano
2024-08-10,12:28,card,ANON-0000-0000-0004,2.90,Americano
2024-08-10,15:02,card,ANON-0000-0000-0468,3.30,Americano with Milk
2024-08-10,15:42,card,ANON-0000-0000-0002,3.80,Cocoa
2024-08-11,08:12,card,ANON-0000-0000-0136,2.90,Americano
2024-08-11,08:32,card,ANON-0000-0000-0047,3.80,Cocoa
2024-08-11,09:52,card,ANON-0000-0000-0114,3.80,Latte
2024-08-11,19:39,card,ANON-0000-0000-0018,3.80,Cocoa
2024-08-11,21:50,card,ANON-0000-0000-0056,3.80,Latte
2024-08-12,07:34,card,ANON-0000-0000-0448,3.30,Americano with Milk
2024-08-12,11:10,card,ANON-0000-0000-0516,3.80,Cocoa
2024-08-12,15:26,card,ANON-0000-0000-0029,3.80,Latte
2024-08-12,17:39,card,ANON-0000-0000-0007,3.80,Hot Chocolate
2024-08-13,08:49,cash,,3.80,Latte
2024-08-13,09:53,card,ANON-0000-0000-0022,3.80,Cappuccino
2024-08-13,12:41,cash,,2.90,Americano
2024-08-13,14:09,card,ANON-0000-0000-0017,2.40,Espresso
2024-08-13,15:00,card,ANON-0000-0000-0017,3.80,Cappuccino
2024-08-13,15:32,card,ANON-0000-0000-0490,2.90,Americano
2024-08-13,17:10,card,ANON-0000-0000-0345,3.80,Cocoa
2024-08-13,20:43,card,ANON-0000-0000-0014,3.80,Cappuccino
2024-08-14,08:17,card,ANON-0000-0000-0001,3.80,Hot Chocolate
2024-08-14,08:18,card,ANON-0000-0000-0001,3.30,Americano with Milk
2024-08-14,08:29,card,ANON-0000-0000-0152,3.80,Cocoa
2024-08-14,09:00,card,ANON-0000-0000-0297,2.90,Americano
2024-08-14,09:13,card,ANON-0000-0000-0023,2.90,Americano
2024-08-15,08:47,card,ANON-0000-0000-0081,3.30,Americano with Milk
2024-08-15,11:53,card,ANON-0000-0000-0025,3.30,Americano with Milk
2024-08-15,12:02,card,ANON-0000-0000-0002,3.30,Cortado
2024-08-15,15:17,card,ANON-0000-0000-0071,3.30,Americano with Milk
2024-08-16,07:06,card,ANON-0000-0000-0166,3.80,Latte
2024-08-16,07:13,card,ANON-0000-0000-0001,3.80,Cappuccino
2024-08-16,08:41,card,ANON-0000-0000-0033,2.90,Americano
2024-08-16,08:56,card,ANON-0000-0000-0269,3.80,Cappuccino
2024-08-16,09:32,card,ANON-0000-0000-0001,3.80,Latte
2024-08-16,09:59,card,ANON-0000-0000-0083,3.30,Cortado
2024-08-16,14:14,card,ANON-0000-0000-0162,2.90,Americano
2024-08-16,14:20,card,ANON-0000-0000-0170,2.40,Espresso
2024-08-16,15:34,card,ANON-0000-0000-0001,3.30,Americano with Milk
2024-08-16,18:20,card,ANON-0000-0000-0081,3.80,Hot Chocolate
2024-08-17,09:30,cash,,3.30,Americano with Milk
2024-08-17,09:42,card,ANON-0000-0000-0312,2.40,Espresso
2024-08-17,10:10,card,ANON-0000-0000-0032,3.30,Americano with Milk
2024-08-17,10:37,card,ANON-0000-0000-0160,3.30,Americano with Milk
2024-08-17,12:49,card,ANON-0000-0000-0015,2.40,Espresso
2024-08-17,16:04,cash,,3.30,Americano with Milk
2024-08-17,16:21,cash,,3.80,Latte
2024-08-18,09:14,cash,,2.90,Americano
2024-08-18,10:43,card,ANON-0000-0000-0322,3.30,Americano with Milk
2024-08-18,12:24,card,ANON-0000-0000-0145,3.80,Cappuccino
2024-08-18,16:41,card,ANON-0000-0000-0038,2.90,Americano
2024-08-19,08:59,card,ANON-0000-0000-0545,3.80,Latte
2024-08-19,10:52,card,ANON-0000-0000-0060,3.80,Cappuccino
2024-08-19,11:12,card,ANON-0000-0000-0066,2.90,Americano
2024-08-19,13:34,card,ANON-0000-0000-0007,3.80,Latte
2024-08-19,15:48,card,ANON-0000-0000-0033,3.80,Cappuccino
2024-08-19,16:14,cash,,3.30,Cortado
2024-08-19,17:51,card,ANON-0000-0000-0020,3.80,Cappuccino
2024-08-20,09:22,card,ANON-0000-0000-0005,3.30,Americano with Milk
2024-08-20,09:27,card,ANON-0000-0000-0001,3.80,Hot Chocolate
2024-08-21,09:42,card,ANON-0000-0000-0006,3.30,Cortado
2024-08-21,10:40,card,ANON-0000-0000-0101,3.30,Americano with Milk
2024-08-21,12:11,card,ANON-0000-0000-0039,3.30,Americano with Milk
2024-08-21,12:26,card,ANON-0000-0000-0154,3.30,Cortado
2024-08-21,12:32,card,ANON-0000-0000-0084,2.40,Espresso
2024-08-21,13:07,card,ANON-0000-0000-0121,2.90,Americano
2024-08-21,13:49,card,ANON-0000-0000-0465,3.80,Cocoa
2024-08-21,14:46,card,ANON-0000-0000-0001,3.80,Latte
2024-08-21,15:51,card,ANON-0000-0000-0128,2.90,Americano
2024-08-21,16:31,card,ANON-0000-0000-0088,3.30,Americano with Milk
2024-08-21,17:53,card,ANON-0000-0000-0003,3.80,Latte
2024-08-22,07:05,card,ANON-0000-0000-0577,3.80,Cappuccino
2024-08-22,08:56,card,ANON-0000-0000-0111,3.30,Cortado
2024-08-22,09:28,card,ANON-0000-0000-0015,3.30,Americano with Milk
2024-08-22,10:20,card,ANON-0000-0000-0001,3.80,Latte
2024-08-22,12:01,cash,,2.90,Americano
2024-08-22,12:40,card,ANON-0000-0000-0026,3.30,Americano with Milk
2024-08-22,14:59,card,ANON-0000-0000-0034,2.90,Americano
2024-08-22,15:40,card,ANON-0000-0000-0437,2.90,Americano
2024-08-22,20:43,cash,,3.30,Americano with Milk
2024-08-23,09:31,card,ANON-0000-0000-0006,3.80,Cappuccino
2024-08-23,10:24,card,ANON-0000-0000-0046,3.80,Cocoa
2024-08-23,16:10,card,ANON-0000-0000-0010,3.80,Cappuccino
2024-08-23,16:50,card,ANON-0000-0000-0027,3.30,Americano with Milk
2024-08-24,09:23,card,ANON-0000-0000-0020,2.90,Americano
2024-08-24,11:03,card,ANON-0000-0000-0357,3.80,Cappuccino
2024-08-24,12:15,card,ANON-0000-0000-0407,3.30,Americano with Milk
2024-08-24,18:47,cash,,2.90,Americano
2024-08-24,20:50,card,ANON-0000-0000-0137,3.80,Cocoa
2024-08-25,14:38,card,ANON-0000-0000-0031,2.90,Americano
2024-08-25,16:20,card,ANON-0000-0000-0439,2.40,Espresso
2024-08-25,16:35,card,ANON-0000-0000-0005,3.80,Latte
2024-08-26,08:03,card,ANON-0000-0000-0069,3.80,Latte
2024-08-26,11:07,cash,,2.90,Americano
2024-08-26,12:41,card,ANON-0000-0000-0009,3.30,Americano with Milk
2024-08-26,14:56,card,ANON-0000-0000-0079,3.80,Latte
2024-08-26,18:30,cash,,3.80,Latte
2024-08-26,20:41,card,ANON-0000-0000-0029,3.30,Americano with Milk
2024-08-27,09:49,card,ANON-0000-0000-0003,3.80,Latte
2024-08-27,10:50,card,ANON-0000-0000-0154,3.30,Cortado
2024-08-27,12:10,card,ANON-0000-0000-0105,3.30,Americano with Milk
2024-08-27,14:56,card,ANON-0000-0000-0087,3.80,Latte
2024-08-27,17:16,card,ANON-0000-0000-0047,3.80,Hot Chocolate
2024-08-27,17:25,card,ANON-0000-0000-0037,3.80,Cappuccino
2024-08-27,17:43,card,ANON-0000-0000-0540,3.30,Americano with Milk
2024-08-28,08:46,card,ANON-0000-0000-0120,3.80,Latte
2024-08-28,10:35,card,ANON-0000-0000-0121,3.80,Cocoa
2024-08-28,11:58,card,ANON-0000-0000-0578,3.30,Americano with Milk
2024-08-28,15:57,card,ANON-0000-0000-0337,3.80,Hot Chocolate
2024-08-28,16:56,card,ANON-0000-0000-0104,2.90,Americano
2024-08-28,16:56,card,ANON-0000-0000-0014,3.30,Americano with Milk
2024-08-28,18:19,card,ANON-0000-0000-0001,2.90,Americano
2024-08-28,18:47,cash,,3.80,Cappuccino
2024-08-29,08:33,card,ANON-0000-0000-0002,3.80,Latte
2024-08-29,09:12,card,ANON-0000-0000-0366,3.30,Americano with Milk
2024-08-29,09:13,card,ANON-0000-0000-0103,3.80,Latte
2024-08-29,09:36,card,ANON-0000-0000-0060,2.40,Espresso
2024-08-29,10:59,card,ANON-0000-0000-0047,3.30,Americano with Milk
2024-08-29,11:13,card,ANON-0000-0000-0226,3.30,Cortado
2024-08-29,11:20,card,ANON-0000-0000-0007,2.90,Americano
2024-08-29,12:57,cash,,3.80,Latte
2024-08-29,15:07,card,ANON-0000-0000-0001,2.90,Americano
2024-08-29,15:46,card,ANON-0000-0000-0371,3.80,Cocoa
2024-08-29,16:25,card,ANON-0000-0000-0326,3.80,Cappuccino
2024-08-29,17:42,card,ANON-0000-0000-0239,2.90,Americano
2024-08-30,07:04,card,ANON-0000-0000-0052,3.30,Americano with Milk
2024-08-30,07:39,card,ANON-0000-0000-0005,3.80,Cocoa
2024-08-30,09:01,card,ANON-0000-0000-0046,3.30,Cortado
2024-08-30,09:37,card,ANON-0000-0000-0035,3.80,Latte
2024-08-30,09:43,card,ANON-0000-0000-0316,3.30,Americano with Milk
2024-08-30,10:10,cash,,3.30,Cortado
2024-08-30,12:26,card,ANON-0000-0000-0011,2.40,Espresso
2024-08-30,13:59,card,ANON-0000-0000-0127,3.30,Americano with Milk
2024-08-30,14:53,card,ANON-0000-0000-0004,3.80,Hot Chocolate
2024-08-30,16:59,card,ANON-0000-0000-0152,3.80,Latte
2024-08-31,07:46,cash,,3.30,Americano with Milk
2024-08-31,08:23,card,ANON-0000-0000-0097,3.80,Latte
2024-08-31,10:53,card,ANON-0000-0000-0356,3.30,Americano with Milk
2024-08-31,11:06,card,ANON-0000-0000-0002,3.80,Cocoa
2024-08-31,11:36,card,ANON-0000-0000-0080,3.30,Cortado
2024-08-31,13:28,cash,,3.80,Latte
2024-08-31,16:20,card,ANON-0000-0000-0015,3.80,Cappuccino
2024-08-31,17:04,card,ANON-0000-0000-0005,3.30,Cortado
2024-09-01,10:37,card,ANON-0000-0000-0037,3.30,Americano with Milk
2024-09-01,11:39,card,ANON-0000-0000-0066,3.80,Latte
2024-09-01,13:06,card,ANON-0000-0000-0106,3.30,Americano with Milk
2024-09-01,15:04,card,ANON-0000-0000-0222,3.80,Cocoa
2024-09-01,19:44,card,ANON-0000-0000-0159,3.80,Latte
2024-09-02,08:14,card,ANON-0000-0000-0118,3.80,Latte
2024-09-02,14:00,card,ANON-0000-0000-0054,3.30,Cortado
2024-09-02,15:07,card,ANON-0000-0000-0011,3.80,Hot Chocolate
2024-09-02,15:46,card,ANON-0000-0000-0156,2.40,Espresso
2024-09-02,16:48,card,ANON-0000-0000-0147,3.80,Latte
2024-09-03,08:12,card,ANON-0000-0000-0025,3.30,Americano with Milk
2024-09-03,08:59,card,ANON-0000-0000-0359,2.90,Americano
2024-09-03,11:37,card,ANON-0000-0000-0009,3.80,Latte
2024-09-03,15:30,card,ANON-0000-0000-0001,3.30,Cortado
2024-09-03,17:14,card,ANON-0000-0000-0045,3.80,Latte
2024-09-03,20:15,card,ANON-0000-0000-0013,3.30,Americano with Milk
2024-09-04,08:48,card,ANON-0000-0000-0079,3.80,Hot Chocolate
2024-09-04,09:47,card,ANON-0000-0000-0005,3.80,Cappuccino
2024-09-04,10:33,card,ANON-0000-0000-0181,3.80,Latte
2024-09-04,11:36,card,ANON-0000-0000-0024,3.80,Cappuccino
2024-09-04,12:01,card,ANON-0000-0000-0014,3.80,Cappuccino
2024-09-04,15:56,card,ANON-0000-0000-0439,3.80,Cocoa
2024-09-05,09:10,card,ANON-0000-0000-0326,3.80,Cappuccino
2024-09-05,10:29,card,ANON-0000-0000-0300,3.30,Americano with Milk
2024-09-05,10:59,card,ANON-0000-0000-0226,3.80,Hot Chocolate
2024-09-05,11:33,card,ANON-0000-0000-0005,3.80,Cocoa
2024-09-05,11:52,card,ANON-0000-0000-0010,3.80,Cocoa
2024-09-05,12:55,card,ANON-0000-0000-0598,2.90,Americano
2024-09-05,16:20,card,ANON-0000-0000-0073,3.80,Hot Chocolate
2024-09-05,17:36,card,ANON-0000-0000-0081,3.30,Cortado
2024-09-05,19:13,card,ANON-0000-0000-0421,3.30,Americano with Milk
2024-09-05,19:58,card,ANON-0000-0000-0399,3.80,Latte
2024-09-05,20:05,card,ANON-0000-0000-0105,3.80,Cappuccino
2024-09-05,20:21,card,ANON-0000-0000-0021,3.80,Cappuccino
2024-09-05,20:56,card,ANON-0000-0000-0179,2.90,Americano
2024-09-06,07:51,card,ANON-0000-0000-0362,3.80,Hot Chocolate
2024-09-06,08:07,card,ANON-0000-0000-0007,3.80,Cappuccino
2024-09-06,09:38,card,ANON-0000-0000-0524,3.80,Cappuccino
2024-09-06,11:13,card,ANON-0000-0000-0403,3.80,Cocoa
2024-09-06,11:29,card,ANON-0000-0000-0012,3.30,Cortado
2024-09-06,12:21,card,ANON-0000-0000-0008,3.30,Cortado
2024-09-06,13:49,card,ANON-0000-0000-0088,3.80,Hot Chocolate
2024-09-06,15:56,card,ANON-0000-0000-0020,3.80,Latte
2024-09-06,15:59,cash,,3.80,Latte
2024-09-06,16:15,card,ANON-0000-0000-0027,3.30,Americano with Milk
2024-09-06,19:22,card,ANON-0000-0000-0037,3.30,Americano with Milk
2024-09-06,20:25,card,ANON-0000-0000-0034,3.80,Latte
2024-09-06,21:57,card,ANON-0000-0000-0033,3.80,Latte
2024-09-07,09:52,card,ANON-0000-0000-0037,3.80,Cappuccino
2024-09-07,14:06,card,ANON-0000-0000-0146,3.80,Cappuccino
2024-09-07,15:18,card,ANON-0000-0000-0004,3.80,Latte
2024-09-07,15:59,card,ANON-0000-0000-0343,3.80,Cappuccino
2024-09-07,16:31,card,ANON-0000-0000-0001,3.80,Latte
2024-09-08,08:21,card,ANON-0000-0000-0416,2.90,Americano
2024-09-08,10:09,card,ANON-0000-0000-0458,3.80,Cappuccino
2024-09-08,10:25,card,ANON-0000-0000-0244,3.80,Hot Chocolate
2024-09-08,11:02,card,ANON-0000-0000-0050,3.80,Cocoa
2024-09-08,12:57,card,ANON-0000-0000-0347,3.80,Latte
2024-09-08,12:57,cash,,3.30,Americano with Milk
2024-09-08,14:26,card,ANON-0000-0000-0004,3.30,Americano with Milk
2024-09-09,07:40,card,ANON-0000-0000-0300,2.90,Americano
2024-09-09,08:20,card,ANON-0000-0000-0094,2.40,Espresso
2024-09-09,08:44,card,ANON-0000-0000-0380,3.80,Hot Chocolate
2024-09-09,08:45,cash,,2.90,Americano
2024-09-09,15:13,card,ANON-0000-0000-0001,3.80,Hot Chocolate
2024-09-10,08:09,card,ANON-0000-0000-0013,3.80,Cappuccino
2024-09-10,08:09,card,ANON-0000-0000-0297,2.90,Americano
2024-09-10,09:15,card,ANON-0000-0000-0001,3.30,Cortado
2024-09-10,10:10,card,ANON-0000-0000-0587,3.80,Cappuccino
2024-09-10,11:29,card,ANON-0000-0000-0001,3.80,Latte
2024-09-10,11:36,card,ANON-0000-0000-0182,2.90,Americano
2024-09-10,12:01,card,ANON-0000-0000-0209,2.90,Americano
2024-09-10,13:05,card,ANON-0000-0000-0096,3.80,Latte
2024-09-10,14:14,card,ANON-0000-0000-0202,3.80,Cappuccino
2024-09-10,14:18,card,ANON-0000-0000-0002,3.80,Latte
2024-09-10,18:38,card,ANON-0000-0000-0009,2.90,Americano
2024-09-10,20:03,card,ANON-0000-0000-0147,2.90,Americano
2024-09-11,08:42,card,ANON-0000-0000-0309,3.30,Americano with Milk
2024-09-11,09:16,card,ANON-0000-0000-0461,3.80,Latte
2024-09-11,09:21,card,ANON-0000-0000-0002,3.30,Americano with Milk
2024-09-11,09:43,card,ANON-0000-0000-0037,2.40,Espresso
2024-09-11,09:52,card,ANON-0000-0000-0023,3.30,Americano with Milk
2024-09-11,12:00,card,ANON-0000-0000-0348,2.90,Americano
2024-09-11,12:29,card,ANON-0000-0000-0013,2.90,Americano
2024-09-11,12:33,card,ANON-0000-0000-0008,2.90,Americano
2024-09-11,12:52,cash,,3.80,Cappuccino
2024-09-11,16:03,card,ANON-0000-0000-0518,3.80,Cappuccino
2024-09-12,07:54,cash,,2.90,Americano
2024-09-12,08:02,card,ANON-0000-0000-0004,3.30,Cortado
2024-09-12,08:24,card,ANON-0000-0000-0129,3.30,Americano with Milk
2024-09-12,09:11,cash,,3.30,Americano with Milk
2024-09-12,09:24,card,ANON-0000-0000-0037,3.30,Americano with Milk
2024-09-12,09:29,card,ANON-0000-0000-0281,3.30,Cortado
2024-09-12,09:55,card,ANON-0000-0000-0001,2.90,Americano
2024-09-12,10:36,card,ANON-0000-0000-0403,3.80,Latte
2024-09-12,10:49,card,ANON-0000-0000-0003,3.80,Cappuccino
2024-09-12,10:55,card,ANON-0000-0000-0014,3.30,Cortado
2024-09-12,11:20,card,ANON-0000-0000-0005,2.90,Americano
2024-09-12,12:57,card,ANON-0000-0000-0098,3.80,Latte
2024-09-12,13:05,card,ANON-0000-0000-0266,2.40,Espresso
2024-09-12,13:41,card,ANON-0000-0000-0118,3.30,Americano with Milk
2024-09-12,15:57,card,ANON-0000-0000-0001,3.30,Americano with Milk
2024-09-12,18:38,card,ANON-0000-0000-0013,2.40,Espresso
2024-09-13,10:50,card,ANON-0000-0000-0211,3.80,Cappuccino
2024-09-13,10:54,card,ANON-0000-0000-0490,3.80,Latte
2024-09-13,11:16,card,ANON-0000-0000-0231,2.90,Americano
2024-09-13,11:26,card,ANON-0000-0000-0284,3.80,Cappuccino
2024-09-13,15:22,card,ANON-0000-0000-0185,3.80,Latte
2024-09-13,15:42,card,ANON-0000-0000-0060,2.90,Americano
2024-09-13,18:08,card,ANON-0000-0000-0480,3.30,Americano with Milk
2024-09-14,08:04,card,ANON-0000-0000-0008,2.40,Espresso
2024-09-14,15:58,card,ANON-0000-0000-0072,3.80,Hot Chocolate
2024-09-14,17:15,card,ANON-0000-0000-0019,2.90,Americano
2024-09-15,07:32,card,ANON-0000-0000-0013,2.90,Americano
2024-09-15,09:27,card,ANON-0000-0000-0132,3.30,Americano with Milk
2024-09-15,09:50,card,ANON-0000-0000-0197,2.40,Espresso
2024-09-15,15:37,card,ANON-0000-0000-0037,3.30,Americano with Milk
2024-09-15,16:20,card,ANON-0000-0000-0364,3.80,Latte
2024-09-16,07:33,card,ANON-0000-0000-0001,3.30,Americano with Milk
2024-09-16,08:37,card,ANON-0000-0000-0574,3.30,Cortado
2024-09-16,08:57,card,ANON-0000-0000-0023,3.80,Latte
2024-09-16,16:37,card,ANON-0000-0000-0028,3.80,Hot Chocolate
2024-09-16,17:22,card,ANON-0000-0000-0063,3.30,Americano with Milk
2024-09-16,18:28,card,ANON-0000-0000-0069,3.80,Cocoa
2024-09-17,08:29,card,ANON-0000-0000-0002,3.80,Latte
2024-09-17,09:15,card,ANON-0000-0000-0001,3.80,Cappuccino
2024-09-17,10:57,card,ANON-0000-0000-0089,3.30,Americano with Milk
2024-09-17,13:21,card,ANON-0000-0000-0190,2.40,Espresso
2024-09-17,18:07,card,ANON-0000-0000-0101,3.30,Cortado
2024-09-17,21:40,card,ANON-0000-0000-0001,3.30,Americano with Milk
2024-09-18,08:42,card,ANON-0000-0000-0225,2.90,Americano
2024-09-18,08:57,card,ANON-0000-0000-0352,3.30,Cortado
2024-09-18,09:38,card,ANON-0000-0000-0078,3.80,Cappuccino
2024-09-18,10:42,card,ANON-0000-0000-0140,3.80,Latte
2024-09-18,13:18,card,ANON-0000-0000-0026,3.30,Cortado
2024-09-18,13:56,card,ANON-0000-0000-0007,3.80,Cappuccino
2024-09-18,14:25,cash,,3.30,Cortado
2024-09-18,15:59,card,ANON-0000-0000-0018,3.80,Latte
2024-09-18,18:12,cash,,2.90,Americano
2024-09-19,08:04,card,ANON-0000-0000-0003,2.90,Americano
2024-09-19,08:20,card,ANON-0000-0000-0062,3.80,Latte
2024-09-19,09:23,card,ANON-0000-0000-0052,3.30,Americano with Milk
2024-09-19,09:38,card,ANON-0000-0000-0553,2.40,Espresso
2024-09-19,10:11,card,ANON-0000-0000-0017,2.90,Americano
2024-09-19,12:47,card,ANON-0000-0000-0145,3.80,Cappuccino
2024-09-19,15:06,card,ANON-0000-0000-0150,3.30,Americano with Milk
2024-09-19,17:38,card,ANON-0000-0000-0008,3.80,Latte
2024-09-19,21:47,card,ANON-0000-0000-0060,2.90,Americano
2024-09-20,08:45,card,ANON-0000-0000-0028,3.30,Americano with Milk
2024-09-20,09:51,card,ANON-0000-0000-0195,3.30,Cortado
2024-09-20,10:10,card,ANON-0000-0000-0290,2.40,Espresso
2024-09-20,11:01,card,ANON-0000-0000-0006,3.30,Cortado
2024-09-20,12:25,card,ANON-0000-0000-0010,3.80,Cappuccino
2024-09-20,13:03,card,ANON-0000-0000-0015,3.30,Cortado
2024-09-20,13:18,cash,,3.80,Cappuccino
2024-09-20,13:23,card,ANON-0000-0000-0068,3.80,Latte
2024-09-20,14:43,card,ANON-0000-0000-0281,3.30,Americano with Milk
2024-09-20,16:48,card,ANON-0000-0000-0006,3.30,Cortado
2024-09-20,17:05,card,ANON-0000-0000-0208,3.80,Hot Chocolate
2024-09-20,21:39,card,ANON-0000-0000-0244,3.80,Cocoa
2024-09-21,08:37,card,ANON-0000-0000-0001,3.80,Latte
2024-09-21,12:42,card,ANON-0000-0000-0096,3.80,Latte
2024-09-21,14:05,card,ANON-0000-0000-0001,3.30,Americano with Milk
2024-09-21,14:59,cash,,3.80,Latte
2024-09-22,10:35,card,ANON-0000-0000-0008,3.80,Cocoa
2024-09-22,10:54,card,ANON-0000-0000-0007,2.90,Americano
2024-09-22,11:09,card,ANON-0000-0000-0020,3.80,Cappuccino
2024-09-22,11:18,card,ANON-0000-0000-0001,3.30,Americano with Milk
2024-09-22,13:17,card,ANON-0000-0000-0059,3.80,Cappuccino
2024-09-22,15:59,card,ANON-0000-0000-0025,3.80,Cappuccino
2024-09-22,17:11,card,ANON-0000-0000-0001,3.80,Latte
2024-09-22,17:21,card,ANON-0000-0000-0216,3.80,Latte
2024-09-22,21:09,cash,,3.80,Latte
2024-09-23,12:21,card,ANON-0000-0000-0199,3.30,Americano with Milk
2024-09-23,13:00,card,ANON-0000-0000-0053,3.80,Latte
2024-09-23,14:37,card,ANON-0000-0000-0004,3.80,Latte
2024-09-23,15:01,card,ANON-0000-0000-0019,2.90,Americano
2024-09-24,07:16,cash,,3.30,Cortado
2024-09-24,08:36,card,ANON-0000-0000-0001,3.30,Americano with Milk
2024-09-24,08:54,card,ANON-0000-0000-0052,3.30,Americano with Milk
2024-09-24,09:00,card,ANON-0000-0000-0261,3.30,Americano with Milk
2024-09-24,09:05,card,ANON-0000-0000-0029,3.30,Americano with Milk
2024-09-24,09:16,card,ANON-0000-0000-0004,3.80,Cappuccino
2024-09-24,09:28,cash,,3.80,Cappuccino
2024-09-24,09:46,card,ANON-0000-0000-0002,3.80,Hot Chocolate
2024-09-24,10:53,card,ANON-0000-0000-0304,3.30,Cortado
2024-09-24,11:36,card,ANON-0000-0000-0111,3.30,Cortado
2024-09-24,11:56,card,ANON-0000-0000-0263,3.80,Cappuccino
2024-09-24,12:38,card,ANON-0000-0000-0552,3.30,Americano with Milk
2024-09-24,13:51,card,ANON-0000-0000-0099,3.80,Cappuccino
2024-09-24,14:53,card,ANON-0000-0000-0494,2.40,Espresso
2024-09-24,15:55,card,ANON-0000-0000-0016,2.90,Americano
2024-09-24,16:31,card,ANON-0000-0000-0096,2.90,Americano
2024-09-24,16:51,card,ANON-0000-0000-0096,3.80,Latte
2024-09-25,09:01,card,ANON-0000-0000-0021,3.30,Americano with Milk
2024-09-25,09:48,cash,,3.80,Hot Chocolate
2024-09-25,11:38,card,ANON-0000-0000-0195,3.80,Hot Chocolate
2024-09-25,11:53,card,ANON-0000-0000-0213,3.80,Latte
2024-09-25,14:00,card,ANON-0000-0000-0210,3.80,Latte
2024-09-25,15:24,card,ANON-0000-0000-0028,3.80,Cocoa
2024-09-26,08:12,card,ANON-0000-0000-0289,3.30,Cortado
2024-09-26,08:24,card,ANON-0000-0000-0043,3.80,Hot Chocolate
2024-09-26,08:45,card,ANON-0000-0000-0005,2.90,Americano
2024-09-26,09:36,card,ANON-0000-0000-0001,3.80,Latte
2024-09-26,11:01,cash,,3.30,Americano with Milk
2024-09-26,11:02,card,ANON-0000-0000-0110,3.30,Americano with Milk
2024-09-26,11:23,card,ANON-0000-0000-0021,3.30,Americano with Milk
2024-09-26,12:29,card,ANON-0000-0000-0063,3.80,Latte
2024-09-26,14:25,card,ANON-0000-0000-0031,3.30,Americano with Milk
2024-09-26,14:29,card,ANON-0000-0000-0419,3.30,Cortado
2024-09-26,16:06,card,ANON-0000-0000-0506,3.30,Cortado
2024-09-26,16:15,card,ANON-0000-0000-0225,3.30,Americano with Milk
2024-09-26,17:14,card,ANON-0000-0000-0008,2.90,Americano
2024-09-26,18:10,card,ANON-0000-0000-0002,3.80,Cocoa
2024-09-26,21:46,cash,,3.30,Americano with Milk
2024-09-27,09:26,card,ANON-0000-0000-0004,3.80,Cappuccino
2024-09-27,13:20,card,ANON-0000-0000-0232,3.80,Cappuccino
2024-09-27,19:16,card,ANON-0000-0000-0115,2.40,Espresso
2024-09-27,21:59,cash,,3.30,Americano with Milk
2024-09-28,08:11,cash,,3.30,Americano with Milk
2024-09-28,08:21,card,ANON-0000-0000-0150,3.30,Cortado
2024-09-28,08:45,cash,,2.90,Americano
2024-09-28,10:55,card,ANON-0000-0000-0028,3.80,Latte
2024-09-28,12:12,card,ANON-0000-0000-0017,3.30,Americano with Milk
2024-09-28,13:45,card,ANON-0000-0000-0409,3.80,Latte
2024-09-28,14:56,card,ANON-0000-0000-0003,2.90,Americano
2024-09-28,15:26,card,ANON-0000-0000-0578,3.30,Cortado
2024-09-28,15:33,card,ANON-0000-0000-0369,3.80,Latte
2024-09-29,08:44,card,ANON-0000-0000-0001,3.80,Latte
2024-09-29,10:36,card,ANON-0000-0000-0183,3.80,Cappuccino
2024-09-29,10:54,card,ANON-0000-0000-0004,3.30,Americano with Milk
2024-09-29,11:08,card,ANON-0000-0000-0118,3.30,Americano with Milk
2024-09-29,11:27,card,ANON-0000-0000-0026,3.80,Cappuccino
2024-09-29,12:51,card,ANON-0000-0000-0015,3.80,Cappuccino
2024-09-30,09:08,card,ANON-0000-0000-0107,3.80,Latte
2024-09-30,10:06,cash,,3.80,Latte
2024-09-30,10:55,cash,,2.90,Americano
2024-09-30,12:09,card,ANON-0000-0000-0078,3.80,Hot Chocolate
2024-09-30,12:56,card,ANON-0000-0000-0497,3.80,Latte
2024-09-30,14:24,card,ANON-0000-0000-0026,3.80,Latte
2024-09-30,16:03,card,ANON-0000-0000-0388,2.90,Americano
2024-09-30,16:23,card,ANON-0000-0000-0018,3.80,Cappuccino
2024-09-30,17:34,card,ANON-0000-0000-0039,3.80,Latte
2024-09-30,17:51,card,ANON-0000-0000-0319,3.80,Cappuccino
2024-09-30,18:03,card,ANON-0000-0000-0013,2.40,Espresso
2024-10-01,08:08,card,ANON-0000-0000-0056,3.80,Latte
2024-10-01,08:08,card,ANON-0000-0000-0036,3.80,Cappuccino
2024-10-01,08:16,card,ANON-0000-0000-0351,3.80,Latte
2024-10-01,08:40,card,ANON-0000-0000-0020,3.80,Hot Chocolate
2024-10-01,09:33,card,ANON-0000-0000-0160,3.80,Cappuccino
2024-10-01,10:15,card,ANON-0000-0000-0569,3.30,Cortado
2024-10-01,14:33,card,ANON-0000-0000-0001,3.80,Latte
2024-10-02,09:48,card,ANON-0000-0000-0001,3.30,Americano with Milk
2024-10-02,12:18,card,ANON-0000-0000-0003,3.80,Latte
2024-10-02,12:32,card,ANON-0000-0000-0067,3.80,Latte
2024-10-02,14:04,card,ANON-0000-0000-0002,3.80,Cocoa
2024-10-02,18:40,card,ANON-0000-0000-0033,3.30,Americano with Milk
2024-10-02,19:55,card,ANON-0000-0000-0222,3.80,Latte
2024-10-03,11:23,card,ANON-0000-0000-0198,3.30,Cortado
2024-10-03,11:23,card,ANON-0000-0000-0483,2.40,Espresso
2024-10-03,12:12,card,ANON-0000-0000-0040,2.90,Americano
2024-10-03,16:54,card,ANON-0000-0000-0003,2.90,Americano
2024-10-04,07:26,card,ANON-0000-0000-0053,3.30,Cortado
2024-10-04,08:40,card,ANON-0000-0000-0062,3.30,Americano with Milk
2024-10-04,09:37,card,ANON-0000-0000-0011,3.80,Cappuccino
2024-10-04,09:42,card,ANON-0000-0000-0002,3.80,Latte
2024-10-04,10:43,card,ANON-0000-0000-0003,3.30,Americano with Milk
2024-10-04,14:27,card,ANON-0000-0000-0123,3.30,Americano with Milk
2024-10-04,14:59,card,ANON-0000-0000-0159,3.80,Hot Chocolate
2024-10-04,15:09,card,ANON-0000-0000-0081,3.80,Latte
2024-10-04,15:32,card,ANON-0000-0000-0007,3.30,Americano with Milk
2024-10-04,16:52,card,ANON-0000-0000-0014,3.30,Cortado
2024-10-04,21:36,card,ANON-0000-0000-0002,2.90,Americano
2024-10-05,08:39,card,ANON-0000-0000-0005,3.80,Cocoa
2024-10-05,09:28,card,ANON-0000-0000-0355,3.80,Cappuccino
2024-10-05,09:55,card,ANON-0000-0000-0238,3.80,Hot Chocolate
2024-10-05,11:14,card,ANON-0000-0000-0246,3.80,Cocoa
2024-10-05,12:00,card,ANON-0000-0000-0010,3.80,Cappuccino
2024-10-05,14:55,card,ANON-0000-0000-0035,3.80,Hot Chocolate
2024-10-05,18:56,card,ANON-0000-0000-0243,2.90,Americano
2024-10-05,19:25,card,ANON-0000-0000-0002,2.40,Espresso
2024-10-06,08:03,card,ANON-0000-0000-0051,3.80,Cappuccino
2024-10-06,08:17,card,ANON-0000-0000-0130,3.80,Latte
2024-10-06,08:40,cash,,3.80,Latte
2024-10-06,09:19,cash,,3.80,Cappuccino
2024-10-06,10:39,card,ANON-0000-0000-0001,3.80,Cappuccino
2024-10-06,10:47,cash,,2.90,Americano
2024-10-06,13:23,card,ANON-0000-0000-0389,3.80,Latte
2024-10-06,16:38,cash,,3.80,Hot Chocolate
2024-10-07,09:16,card,ANON-0000-0000-0084,2.90,Americano
2024-10-07,09:26,card,ANON-0000-0000-0158,3.30,Americano with Milk
2024-10-07,11:36,card,ANON-0000-0000-0007,3.80,Latte
2024-10-07,11:52,card,ANON-0000-0000-0098,3.30,Americano with Milk
2024-10-07,12:25,card,ANON-0000-0000-0132,3.80,Latte
2024-10-07,13:28,card,ANON-0000-0000-0195,3.80,Latte
2024-10-07,14:48,card,ANON-0000-0000-0001,3.80,Hot Chocolate
2024-10-07,15:26,card,ANON-0000-0000-0528,3.80,Latte
2024-10-07,17:31,card,ANON-0000-0000-0007,3.80,Cappuccino
2024-10-08,07:50,card,ANON-0000-0000-0004,2.40,Espresso
2024-10-08,09:07,card,ANON-0000-0000-0015,3.30,Cortado
2024-10-08,09:53,card,ANON-0000-0000-0047,3.80,Latte
2024-10-08,09:54,card,ANON-0000-0000-0178,3.80,Latte
2024-10-08,11:14,card,ANON-0000-0000-0080,2.90,Americano
2024-10-08,11:24,cash,,3.30,Americano with Milk
2024-10-08,12:44,card,ANON-0000-0000-0001,3.30,Cortado
2024-10-08,14:04,card,ANON-0000-0000-0004,3.80,Latte
2024-10-08,17:24,card,ANON-0000-0000-0134,3.80,Latte
2024-10-08,19:09,card,ANON-0000-0000-0005,2.40,Espresso
2024-10-09,08:34,card,ANON-0000-0000-0124,3.30,Americano with Milk
2024-10-09,08:56,card,ANON-0000-0000-0129,3.80,Cappuccino
2024-10-09,09:31,card,ANON-0000-0000-0426,3.80,Cocoa
2024-10-09,10:29,card,ANON-0000-0000-0023,3.30,Cortado
2024-10-09,10:39,card,ANON-0000-0000-0028,3.30,Americano with Milk
2024-10-09,11:10,card,ANON-0000-0000-0035,3.30,Americano with Milk
2024-10-09,11:30,card,ANON-0000-0000-0361,3.30,Americano with Milk
2024-10-09,12:16,card,ANON-0000-0000-0246,3.80,Cocoa
2024-10-09,12:53,card,ANON-0000-0000-0209,3.80,Hot Chocolate
2024-10-09,14:20,card,ANON-0000-0000-0119,3.80,Latte
2024-10-09,14:21,card,ANON-0000-0000-0200,3.30,Americano with Milk
2024-10-09,19:44,card,ANON-0000-0000-0509,3.80,Cappuccino
2024-10-10,08:19,card,ANON-0000-0000-0036,3.80,Latte
2024-10-10,09:43,card,ANON-0000-0000-0141,3.30,Cortado
2024-10-10,12:56,card,ANON-0000-0000-0002,3.80,Cocoa
2024-10-10,13:18,card,ANON-0000-0000-0222,3.80,Latte
2024-10-10,15:11,card,ANON-0000-0000-0006,3.30,Americano with Milk
2024-10-10,15:27,card,ANON-0000-0000-0048,3.80,Cappuccino
2024-10-10,16:31,card,ANON-0000-0000-0006,2.40,Espresso
2024-10-10,16:35,card,ANON-0000-0000-0003,3.30,Americano with Milk
2024-10-10,16:46,card,ANON-0000-0000-0193,3.80,Latte
2024-10-10,21:35,card,ANON-0000-0000-0011,2.90,Americano
2024-10-11,08:13,card,ANON-0000-0000-0144,3.30,Cortado
2024-10-11,08:58,card,ANON-0000-0000-0004,3.80,Cappuccino
2024-10-11,09:39,cash,,2.90,Americano
2024-10-11,09:40,card,ANON-0000-0000-0008,2.90,Americano
2024-10-11,10:34,card,ANON-0000-0000-0301,3.30,Americano with Milk
2024-10-11,11:16,card,ANON-0000-0000-0072,3.30,Americano with Milk
2024-10-11,14:31,card,ANON-0000-0000-0026,3.80,Latte
2024-10-11,18:02,card,ANON-0000-0000-0070,2.40,Espresso
2024-10-11,19:49,card,ANON-0000-0000-0165,2.90,Americano
2024-10-12,09:13,cash,,2.90,Americano
2024-10-12,09:48,card,ANON-0000-0000-0378,3.30,Cortado
2024-10-12,10:58,cash,,3.80,Cappuccino
2024-10-12,11:01,card,ANON-0000-0000-0179,3.80,Cappuccino
2024-10-12,12:05,card,ANON-0000-0000-0486,2.90,Americano
2024-10-12,15:41,card,ANON-0000-0000-0020,3.80,Hot Chocolate
2024-10-13,08:07,card,ANON-0000-0000-0163,3.80,Latte
2024-10-13,08:53,card,ANON-0000-0000-0047,3.30,Americano with Milk
2024-10-13,10:05,card,ANON-0000-0000-0076,3.30,Americano with Milk
2024-10-13,13:14,card,ANON-0000-0000-0001,3.80,Cappuccino
2024-10-13,19:17,card,ANON-0000-0000-0001,3.80,Latte
2024-10-13,19:47,card,ANON-0000-0000-0011,3.30,Americano with Milk
2024-10-14,10:14,cash,,2.90,Americano
2024-10-14,12:01,card,ANON-0000-0000-0121,3.30,Cortado
2024-10-14,13:16,card,ANON-0000-0000-0007,2.40,Espresso
2024-10-14,15:39,card,ANON-0000-0000-0441,3.80,Cappuccino
2024-10-14,16:08,card,ANON-0000-0000-0013,2.40,Espresso
2024-10-14,16:45,card,ANON-0000-0000-0493,3.80,Hot Chocolate
2024-10-15,08:44,cash,,3.30,Americano with Milk
2024-10-15,09:09,card,ANON-0000-0000-0001,2.40,Espresso
2024-10-15,09:21,card,ANON-0000-0000-0110,2.90,Americano
2024-10-15,12:57,cash,,3.30,Cortado
2024-10-15,14:08,card,ANON-0000-0000-0003,3.80,Hot Chocolate
2024-10-15,14:30,card,ANON-0000-0000-0540,2.90,Americano
2024-10-15,17:28,card,ANON-0000-0000-0009,3.30,Americano with Milk
2024-10-15,18:22,card,ANON-0000-0000-0463,3.30,Cortado
2024-10-16,08:01,card,ANON-0000-0000-0003,3.30,Americano with Milk
2024-10-16,08:32,card,ANON-0000-0000-0394,3.30,Americano with Milk
2024-10-16,09:07,cash,,2.90,Americano
2024-10-16,09:59,card,ANON-0000-0000-0114,2.90,Americano
2024-10-16,14:54,card,ANON-0000-0000-0042,3.30,Americano with Milk
2024-10-16,15:44,card,ANON-0000-0000-0012,3.80,Cappuccino
2024-10-16,18:11,card,ANON-0000-0000-0173,3.80,Latte
2024-10-17,07:46,card,ANON-0000-0000-0434,2.90,Americano
2024-10-17,08:43,card,ANON-0000-0000-0323,3.80,Latte
2024-10-17,09:10,card,ANON-0000-0000-0011,3.80,Cappuccino
2024-10-17,09:53,card,ANON-0000-0000-0230,3.30,Americano with Milk
2024-10-17,10:11,card,ANON-0000-0000-0031,3.80,Cappuccino
2024-10-17,12:26,card,ANON-0000-0000-0108,3.30,Americano with Milk
2024-10-17,12:30,card,ANON-0000-0000-0014,3.80,Cappuccino
2024-10-17,13:34,card,ANON-0000-0000-0194,3.30,Americano with Milk
2024-10-17,14:38,card,ANON-0000-0000-0053,3.80,Latte
2024-10-17,17:05,card,ANON-0000-0000-0256,3.30,Americano with Milk
2024-10-17,19:03,card,ANON-0000-0000-0091,3.80,Latte
2024-10-17,19:12,card,ANON-0000-0000-0531,3.30,Cortado
2024-10-17,19:56,card,ANON-0000-0000-0004,3.80,Cocoa
2024-10-18,07:49,card,ANON-0000-0000-0116,3.30,Americano with Milk
2024-10-18,08:29,card,ANON-0000-0000-0007,2.90,Americano
2024-10-18,17:40,card,ANON-0000-0000-0001,3.80,Latte
2024-10-18,17:52,card,ANON-0000-0000-0425,2.90,Americano
2024-10-19,10:36,card,ANON-0000-0000-0003,3.30,Americano with Milk
2024-10-19,11:57,card,ANON-0000-0000-0460,3.30,Americano with Milk
2024-10-19,11:59,card,ANON-0000-0000-0577,3.30,Cortado
2024-10-19,12:27,card,ANON-0000-0000-0164,3.30,Cortado
2024-10-19,13:36,card,ANON-0000-0000-0112,2.90,Americano
2024-10-19,13:53,card,ANON-0000-0000-0002,3.80,Hot Chocolate
2024-10-19,15:23,card,ANON-0000-0000-0003,2.90,Americano
2024-10-19,16:19,card,ANON-0000-0000-0547,3.80,Cappuccino
2024-10-19,16:49,card,ANON-0000-0000-0001,3.80,Latte
2024-10-20,07:18,card,ANON-0000-0000-0052,2.40,Espresso
2024-10-20,08:15,card,ANON-0000-0000-0186,3.80,Cappuccino
2024-10-20,08:24,card,ANON-0000-0000-0038,3.30,Americano with Milk
2024-10-20,09:16,card,ANON-0000-0000-0114,3.80,Latte
2024-10-20,09:33,card,ANON-0000-0000-0012,3.80,Latte
2024-10-20,10:04,card,ANON-0000-0000-0036,2.40,Espresso
2024-10-20,13:55,card,ANON-0000-0000-0192,3.80,Cappuccino
2024-10-20,17:50,card,ANON-0000-0000-0586,3.80,Cocoa
2024-10-21,07:20,card,ANON-0000-0000-0459,3.80,Latte
2024-10-21,09:48,card,ANON-0000-0000-0002,3.80,Cappuccino
2024-10-21,09:56,card,ANON-0000-0000-0020,2.40,Espresso
2024-10-21,10:20,cash,,2.90,Americano
2024-10-21,10:45,card,ANON-0000-0000-0297,3.80,Cappuccino
2024-10-21,11:39,card,ANON-0000-0000-0006,3.80,Cocoa
2024-10-21,15:07,card,ANON-0000-0000-0014,3.80,Cappuccino
2024-10-21,16:24,card,ANON-0000-0000-0167,2.90,Americano
2024-10-21,16:28,cash,,2.90,Americano
2024-10-21,18:20,card,ANON-0000-0000-0001,3.80,Cappuccino
2024-10-22,09:05,card,ANON-0000-0000-0584,3.80,Hot Chocolate
2024-10-22,11:28,card,ANON-0000-0000-0047,2.90,Americano
2024-10-22,14:24,card,ANON-0000-0000-0003,3.80,Latte
2024-10-22,15:24,card,ANON-0000-0000-0004,2.40,Espresso
2024-10-22,16:48,card,ANON-0000-0000-0330,2.40,Espresso
2024-10-22,19:27,card,ANON-0000-0000-0003,2.90,Americano
2024-10-23,08:30,card,ANON-0000-0000-0063,2.40,Espresso
2024-10-23,08:48,cash,,3.80,Latte
2024-10-23,09:26,card,ANON-0000-0000-0090,3.30,Americano with Milk
2024-10-23,09:50,card,ANON-0000-0000-0007,3.30,Americano with Milk
2024-10-23,09:52,card,ANON-0000-0000-0142,3.30,Americano with Milk
2024-10-23,10:00,cash,,3.80,Hot Chocolate
2024-10-23,10:26,card,ANON-0000-0000-0091,3.30,Americano with Milk
2024-10-23,16:59,card,ANON-0000-0000-0078,3.80,Cappuccino
2024-10-23,21:28,card,ANON-0000-0000-0133,3.30,Americano with Milk
2024-10-24,08:14,card,ANON-0000-0000-0015,2.40,Espresso
2024-10-24,08:30,card,ANON-0000-0000-0111,3.80,Latte
2024-10-24,08:52,card,ANON-0000-0000-0492,2.40,Espresso
2024-10-24,09:13,card,ANON-0000-0000-0007,3.30,Americano with Milk
2024-10-24,10:33,card,ANON-0000-0000-0067,3.30,Cortado
2024-10-24,10:45,card,ANON-0000-0000-0082,3.80,Hot Chocolate
2024-10-24,15:03,card,ANON-0000-0000-0394,3.30,Americano with Milk
2024-10-24,19:33,card,ANON-0000-0000-0015,3.30,Americano with Milk
2024-10-24,20:00,card,ANON-0000-0000-0001,2.90,Americano
2024-10-24,21:08,card,ANON-0000-0000-0550,3.80,Latte
2024-10-25,09:28,card,ANON-0000-0000-0246,3.80,Cocoa
2024-10-25,09:36,card,ANON-0000-0000-0001,3.30,Americano with Milk
2024-10-25,09:53,card,ANON-0000-0000-0354,3.80,Latte
2024-10-25,11:10,cash,,2.90,Americano
2024-10-25,12:09,card,ANON-0000-0000-0002,3.30,Americano with Milk
2024-10-25,14:19,card,ANON-0000-0000-0001,3.80,Latte
2024-10-25,14:33,card,ANON-0000-0000-0002,3.30,Americano with Milk
2024-10-25,14:40,card,ANON-0000-0000-0300,3.80,Latte
2024-10-25,18:29,card,ANON-0000-0000-0327,2.40,Espresso
2024-10-25,18:45,card,ANON-0000-0000-0001,2.40,Espresso
2024-10-25,20:00,card,ANON-0000-0000-0108,3.80,Cappuccino
2024-10-25,20:34,card,ANON-0000-0000-0004,2.90,Americano
2024-10-26,07:34,card,ANON-0000-0000-0002,3.80,Hot Chocolate
2024-10-26,08:00,card,ANON-0000-0000-0358,3.80,Latte
2024-10-26,09:40,card,ANON-0000-0000-0236,3.80,Hot Chocolate
2024-10-26,09:52,card,ANON-0000-0000-0028,3.80,Latte
2024-10-26,10:01,card,ANON-0000-0000-0003,3.80,Latte
2024-10-26,10:38,card,ANON-0000-0000-0001,2.90,Americano
2024-10-26,10:41,card,ANON-0000-0000-0007,3.30,Cortado
2024-10-26,11:30,cash,,3.30,Americano with Milk
2024-10-26,20:39,card,ANON-0000-0000-0432,3.80,Latte
2024-10-27,08:14,card,ANON-0000-0000-0020,3.30,Americano with Milk
2024-10-27,09:02,card,ANON-0000-0000-0066,3.30,Americano with Milk
2024-10-27,09:08,card,ANON-0000-0000-0543,3.80,Hot Chocolate
2024-10-27,14:18,card,ANON-0000-0000-0042,3.30,Americano with Milk
2024-10-27,17:44,cash,,3.30,Americano with Milk
2024-10-28,08:12,card,ANON-0000-0000-0020,3.80,Latte
2024-10-28,08:34,card,ANON-0000-0000-0065,2.90,Americano
2024-10-28,08:37,card,ANON-0000-0000-0021,3.80,Cappuccino
2024-10-28,10:32,card,ANON-0000-0000-0029,3.80,Cappuccino
2024-10-28,11:09,card,ANON-0000-0000-0004,3.30,Cortado
2024-10-28,11:15,card,ANON-0000-0000-0004,3.30,Cortado
2024-10-28,11:28,card,ANON-0000-0000-0583,3.80,Latte
2024-10-28,16:33,card,ANON-0000-0000-0495,3.80,Latte
2024-10-28,17:22,card,ANON-0000-0000-0011,2.40,Espresso
2024-10-28,18:48,card,ANON-0000-0000-0004,2.90,Americano
2024-10-28,20:19,card,ANON-0000-0000-0363,3.30,Americano with Milk
2024-10-29,08:22,card,ANON-0000-0000-0044,2.90,Americano
2024-10-29,08:22,card,ANON-0000-0000-0410,3.80,Cappuccino
2024-10-29,09:25,card,ANON-0000-0000-0086,3.30,Americano with Milk
2024-10-29,09:45,card,ANON-0000-0000-0408,3.80,Latte
2024-10-29,10:17,card,ANON-0000-0000-0006,2.90,Americano
2024-10-29,13:49,card,ANON-0000-0000-0422,3.80,Latte
2024-10-29,15:46,card,ANON-0000-0000-0209,3.30,Americano with Milk
2024-10-29,16:21,card,ANON-0000-0000-0010,3.80,Cappuccino
2024-10-29,17:08,card,ANON-0000-0000-0002,3.30,Cortado
2024-10-30,08:09,card,ANON-0000-0000-0568,3.30,Americano with Milk
2024-10-30,08:24,card,ANON-0000-0000-0302,2.90,Americano
2024-10-30,09:07,card,ANON-0000-0000-0072,2.40,Espresso
2024-10-30,10:51,card,ANON-0000-0000-0152,3.80,Latte
2024-10-30,16:31,card,ANON-0000-0000-0032,3.80,Latte
2024-10-30,19:36,cash,,3.80,Latte
2024-10-30,20:59,card,ANON-0000-0000-0341,3.80,Cappuccino
2024-10-31,08:03,card,ANON-0000-0000-0394,3.30,Americano with Milk
2024-10-31,10:06,cash,,3.80,Latte
2024-10-31,10:12,card,ANON-0000-0000-0336,3.30,Cortado
2024-10-31,12:25,card,ANON-0000-0000-0004,3.80,Hot Chocolate
2024-10-31,14:11,cash,,3.80,Cocoa
2024-10-31,14:11,card,ANON-0000-0000-0213,3.80,Hot Chocolate
2024-10-31,14:46,card,ANON-0000-0000-0007,2.90,Americano
2024-10-31,14:51,card,ANON-0000-0000-0181,2.40,Espresso
2024-10-31,16:58,card,ANON-0000-0000-0043,3.30,Americano with Milk
2024-10-31,17:13,card,ANON-0000-0000-0482,3.80,Cappuccino
2024-11-01,08:47,card,ANON-0000-0000-0051,3.30,Cortado
2024-11-01,09:55,card,ANON-0000-0000-0104,3.80,Hot Chocolate
2024-11-01,11:09,card,ANON-0000-0000-0503,2.90,Americano
2024-11-01,16:39,card,ANON-0000-0000-0005,3.80,Latte
2024-11-02,08:09,card,ANON-0000-0000-0129,3.30,Americano with Milk
2024-11-02,09:10,card,ANON-0000-0000-0045,3.30,Americano with Milk
2024-11-02,09:12,card,ANON-0000-0000-0484,3.30,Cortado
2024-11-02,10:20,card,ANON-0000-0000-0556,2.90,Americano
2024-11-02,12:01,card,ANON-0000-0000-0100,3.80,Latte
2024-11-02,12:43,card,ANON-0000-0000-0027,3.30,Americano with Milk
2024-11-02,13:08,card,ANON-0000-0000-0004,3.30,Americano with Milk
2024-11-02,18:37,card,ANON-0000-0000-0235,2.90,Americano
2024-11-02,19:06,card,ANON-0000-0000-0001,3.80,Cappuccino
2024-11-02,21:07,card,ANON-0000-0000-0006,2.40,Espresso
2024-11-03,09:19,card,ANON-0000-0000-0487,2.40,Espresso
2024-11-03,15:52,card,ANON-0000-0000-0120,3.80,Cocoa
2024-11-03,16:27,card,ANON-0000-0000-0073,3.80,Latte
2024-11-03,17:47,card,ANON-0000-0000-0099,3.30,Cortado
2024-11-03,21:40,card,ANON-0000-0000-0117,3.30,Cortado
2024-11-04,09:21,card,ANON-0000-0000-0234,3.80,Cappuccino
2024-11-04,09:22,card,ANON-0000-0000-0028,3.30,Americano with Milk
2024-11-04,10:54,card,ANON-0000-0000-0002,3.30,Cortado
2024-11-04,11:06,card,ANON-0000-0000-0001,3.80,Hot Chocolate
2024-11-04,11:20,card,ANON-0000-0000-0103,3.80,Hot Chocolate
2024-11-04,11:52,card,ANON-0000-0000-0005,3.30,Cortado
2024-11-04,12:41,card,ANON-0000-0000-0016,2.90,Americano
2024-11-04,14:54,card,ANON-0000-0000-0097,3.80,Latte
2024-11-04,14:57,card,ANON-0000-0000-0079,3.80,Cocoa
2024-11-04,18:01,card,ANON-0000-0000-0009,3.80,Cappuccino
2024-11-04,20:39,card,ANON-0000-0000-0121,3.80,Cappuccino
2024-11-05,12:29,card,ANON-0000-0000-0001,3.80,Cocoa
2024-11-05,15:23,card,ANON-0000-0000-0032,3.30,Americano with Milk
2024-11-05,15:30,card,ANON-0000-0000-0008,3.80,Cocoa
2024-11-05,15:45,card,ANON-0000-0000-0001,3.80,Hot Chocolate
2024-11-05,20:50,card,ANON-0000-0000-0036,3.30,Americano with Milk
2024-11-06,09:08,card,ANON-0000-0000-0027,3.80,Hot Chocolate
2024-11-06,09:11,card,ANON-0000-0000-0004,3.30,Americano with Milk
2024-11-06,09:30,card,ANON-0000-0000-0004,2.90,Americano
2024-11-06,09:51,card,ANON-0000-0000-0394,3.80,Hot Chocolate
2024-11-06,10:26,card,ANON-0000-0000-0080,3.30,Americano with Milk
2024-11-06,10:49,card,ANON-0000-0000-0216,3.30,Cortado
2024-11-06,12:06,card,ANON-0000-0000-0384,2.90,Americano
2024-11-06,12:27,card,ANON-0000-0000-0050,3.80,Cocoa
2024-11-06,13:26,card,ANON-0000-0000-0020,3.80,Hot Chocolate
2024-11-06,16:17,card,ANON-0000-0000-0164,2.90,Americano
2024-11-06,18:12,card,ANON-0000-0000-0438,3.80,Latte
2024-11-06,19:50,cash,,3.80,Cappuccino
2024-11-07,07:57,card,ANON-0000-0000-0006,3.80,Cappuccino
2024-11-07,08:26,card,ANON-0000-0000-0491,3.80,Hot Chocolate
2024-11-07,08:45,card,ANON-0000-0000-0255,3.30,Americano with Milk
2024-11-07,10:40,card,ANON-0000-0000-0415,3.80,Cappuccino
2024-11-07,13:25,card,ANON-0000-0000-0040,3.80,Cappuccino
2024-11-07,14:30,card,ANON-0000-0000-0001,3.80,Cappuccino
2024-11-07,15:00,card,ANON-0000-0000-0172,3.80,Latte
2024-11-07,18:36,card,ANON-0000-0000-0001,3.30,Cortado
2024-11-07,21:26,card,ANON-0000-0000-0275,3.80,Latte
2024-11-08,07:16,card,ANON-0000-0000-0079,3.30,Americano with Milk
2024-11-08,09:07,card,ANON-0000-0000-0168,3.80,Latte
2024-11-08,09:28,cash,,3.30,Americano with Milk
2024-11-08,09:46,card,ANON-0000-0000-0064,3.30,Americano with Milk
2024-11-08,09:50,card,ANON-0000-0000-0049,3.30,Americano with Milk
2024-11-08,10:42,cash,,3.30,Americano with Milk
2024-11-08,11:58,card,ANON-0000-0000-0024,3.30,Americano with Milk
2024-11-08,13:48,card,ANON-0000-0000-0008,3.80,Latte
2024-11-08,15:59,card,ANON-0000-0000-0291,3.30,Americano with Milk
2024-11-08,17:18,cash,,3.80,Cappuccino
2024-11-08,17:22,card,ANON-0000-0000-0193,3.30,Cortado
2024-11-08,17:48,card,ANON-0000-0000-0009,2.40,Espresso
2024-11-08,19:59,card,ANON-0000-0000-0159,3.80,Latte
2024-11-08,20:03,card,ANON-0000-0000-0215,3.30,Cortado
2024-11-08,20:08,card,ANON-0000-0000-0028,3.80,Cappuccino
2024-11-09,07:34,card,ANON-0000-0000-0449,3.80,Latte
2024-11-09,08:14,card,ANON-0000-0000-0027,3.80,Cappuccino
2024-11-09,08:21,card,ANON-0000-0000-0348,3.30,Americano with Milk
2024-11-09,08:38,card,ANON-0000-0000-0165,2.90,Americano
2024-11-09,08:45,card,ANON-0000-0000-0007,3.80,Cappuccino
2024-11-09,09:33,card,ANON-0000-0000-0533,3.30,Americano with Milk
2024-11-09,10:22,card,ANON-0000-0000-0067,3.80,Latte
2024-11-09,10:27,cash,,3.30,Cortado
2024-11-09,11:35,card,ANON-0000-0000-0581,3.30,Cortado
2024-11-09,12:57,card,ANON-0000-0000-0017,3.30,Americano with Milk
2024-11-09,16:44,card,ANON-0000-0000-0039,3.30,Americano with Milk
2024-11-09,17:17,card,ANON-0000-0000-0416,3.30,Cortado
2024-11-09,17:33,card,ANON-0000-0000-0002,3.80,Cappuccino
2024-11-09,20:26,card,ANON-0000-0000-0009,3.80,Cappuccino
2024-11-10,09:32,card,ANON-0000-0000-0545,3.80,Cappuccino
2024-11-10,09:38,card,ANON-0000-0000-0257,3.30,Americano with Milk
2024-11-10,11:29,card,ANON-0000-0000-0059,3.80,Hot Chocolate
2024-11-10,12:19,card,ANON-0000-0000-0009,3.80,Hot Chocolate
2024-11-10,15:20,cash,,3.30,Americano with Milk
2024-11-11,08:50,cash,,3.80,Cappuccino
2024-11-11,10:09,card,ANON-0000-0000-0527,3.30,Americano with Milk
2024-11-11,11:56,cash,,3.80,Latte
2024-11-11,12:32,card,ANON-0000-0000-0365,3.30,Cortado
2024-11-11,14:46,card,ANON-0000-0000-0190,2.90,Americano
2024-11-11,15:13,card,ANON-0000-0000-0002,3.80,Hot Chocolate
2024-11-11,16:33,card,ANON-0000-0000-0470,3.30,Americano with Milk
2024-11-11,16:45,card,ANON-0000-0000-0071,3.80,Cappuccino
2024-11-11,16:54,card,ANON-0000-0000-0016,3.80,Cappuccino
2024-11-11,17:46,card,ANON-0000-0000-0377,3.80,Cappuccino
2024-11-11,18:36,card,ANON-0000-0000-0099,3.80,Cappuccino
2024-11-11,20:14,card,ANON-0000-0000-0433,3.80,Hot Chocolate
2024-11-12,10:15,card,ANON-0000-0000-0007,3.30,Americano with Milk
2024-11-12,10:58,card,ANON-0000-0000-0260,3.80,Hot Chocolate
2024-11-12,14:21,card,ANON-0000-0000-0006,3.30,Cortado
2024-11-12,15:25,cash,,3.80,Cocoa
2024-11-12,18:00,card,ANON-0000-0000-0006,3.80,Cocoa
2024-11-13,09:24,card,ANON-0000-0000-0106,3.30,Americano with Milk
2024-11-13,10:17,card,ANON-0000-0000-0006,3.80,Latte
2024-11-13,13:02,card,ANON-0000-0000-0161,3.80,Cocoa
2024-11-13,14:00,card,ANON-0000-0000-0002,2.40,Espresso
2024-11-13,17:05,cash,,3.80,Latte
2024-11-14,08:07,card,ANON-0000-0000-0014,3.30,Americano with Milk
2024-11-14,08:29,card,ANON-0000-0000-0027,2.90,Americano
2024-11-14,08:55,card,ANON-0000-0000-0086,3.80,Cappuccino
2024-11-14,10:32,card,ANON-0000-0000-0002,3.80,Latte
2024-11-14,10:45,card,ANON-0000-0000-0027,3.80,Cappuccino
2024-11-14,10:57,cash,,3.80,Hot Chocolate
2024-11-14,11:16,card,ANON-0000-0000-0001,3.80,Latte
2024-11-14,11:20,card,ANON-0000-0000-0384,2.90,Americano
2024-11-14,12:05,card,ANON-0000-0000-0100,3.30,Cortado
2024-11-14,13:33,card,ANON-0000-0000-0037,2.40,Espresso
2024-11-14,13:37,card,ANON-0000-0000-0551,3.80,Latte
2024-11-14,15:46,card,ANON-0000-0000-0036,3.80,Cocoa
2024-11-14,16:26,card,ANON-0000-0000-0020,3.30,Americano with Milk
2024-11-14,18:22,card,ANON-0000-0000-0212,3.80,Cappuccino
2024-11-14,18:35,card,ANON-0000-0000-0348,3.80,Latte
2024-11-14,18:39,card,ANON-0000-0000-0001,3.80,Cocoa
2024-11-15,09:28,card,ANON-0000-0000-0007,3.80,Latte
2024-11-15,10:49,card,ANON-0000-0000-0403,2.40,Espresso
2024-11-15,14:26,card,ANON-0000-0000-0012,2.90,Americano
2024-11-15,16:38,card,ANON-0000-0000-0135,3.80,Cocoa
2024-11-15,18:07,card,ANON-0000-0000-0003,3.80,Cappuccino
2024-11-15,19:10,card,ANON-0000-0000-0179,3.30,Cortado
2024-11-15,19:12,card,ANON-0000-0000-0006,3.80,Cappuccino
2024-11-15,19:17,card,ANON-0000-0000-0200,3.80,Latte
2024-11-15,19:31,card,ANON-0000-0000-0003,3.80,Latte
2024-11-16,08:11,card,ANON-0000-0000-0173,3.30,Cortado
2024-11-16,08:29,card,ANON-0000-0000-0165,3.80,Cocoa
2024-11-16,11:41,card,ANON-0000-0000-0004,3.80,Latte
2024-11-16,13:55,card,ANON-0000-0000-0007,2.90,Americano
2024-11-16,16:12,card,ANON-0000-0000-0024,3.30,Americano with Milk
2024-11-16,16:33,card,ANON-0000-0000-0003,3.30,Cortado
2024-11-16,18:43,card,ANON-0000-0000-0127,2.90,Americano
2024-11-17,09:18,card,ANON-0000-0000-0048,2.40,Espresso
2024-11-17,09:24,card,ANON-0000-0000-0227,3.30,Americano with Milk
2024-11-17,09:39,card,ANON-0000-0000-0380,2.90,Americano
2024-11-17,09:55,card,ANON-0000-0000-0171,2.40,Espresso
2024-11-17,10:07,card,ANON-0000-0000-0012,3.30,Cortado
2024-11-17,13:29,card,ANON-0000-0000-0393,2.40,Espresso
2024-11-17,14:12,card,ANON-0000-0000-0599,3.30,Cortado
2024-11-17,14:37,card,ANON-0000-0000-0009,3.80,Hot Chocolate
2024-11-17,15:38,card,ANON-0000-0000-0124,3.80,Hot Chocolate
2024-11-17,16:51,card,ANON-0000-0000-0423,3.30,Cortado
2024-11-18,07:09,card,ANON-0000-0000-0141,3.80,Cocoa
2024-11-18,08:06,card,ANON-0000-0000-0003,3.80,Latte
2024-11-18,09:07,card,ANON-0000-0000-0002,2.40,Espresso
2024-11-18,09:43,card,ANON-0000-0000-0017,3.80,Hot Chocolate
2024-11-18,10:05,card,ANON-0000-0000-0556,3.80,Cappuccino
2024-11-18,10:16,card,ANON-0000-0000-0567,3.80,Cocoa
2024-11-18,14:12,card,ANON-0000-0000-0011,3.80,Hot Chocolate
2024-11-18,14:16,card,ANON-0000-0000-0052,3.80,Cappuccino
2024-11-18,14:38,card,ANON-0000-0000-0067,3.80,Cocoa
2024-11-18,14:56,card,ANON-0000-0000-0192,3.30,Americano with Milk
2024-11-18,17:34,card,ANON-0000-0000-0009,2.90,Americano
2024-11-18,18:54,cash,,2.90,Americano
2024-11-18,20:12,card,ANON-0000-0000-0008,3.80,Cappuccino
2024-11-18,20:55,cash,,2.40,Espresso
2024-11-19,08:44,card,ANON-0000-0000-0005,3.80,Cappuccino
2024-11-19,09:43,card,ANON-0000-0000-0077,3.80,Cocoa
2024-11-19,11:52,card,ANON-0000-0000-0106,3.80,Cappuccino
2024-11-19,14:36,card,ANON-0000-0000-0003,3.80,Hot Chocolate
2024-11-19,14:55,card,ANON-0000-0000-0223,3.80,Latte
2024-11-19,16:31,card,ANON-0000-0000-0210,3.80,Hot Chocolate
2024-11-19,19:16,card,ANON-0000-0000-0065,3.80,Cocoa
2024-11-19,19:35,card,ANON-0000-0000-0570,3.30,Americano with Milk
2024-11-19,21:36,card,ANON-0000-0000-0561,3.80,Hot Chocolate
2024-11-20,08:20,card,ANON-0000-0000-0088,3.30,Americano with Milk
2024-11-20,09:40,card,ANON-0000-0000-0003,3.80,Latte
2024-11-20,10:20,card,ANON-0000-0000-0044,3.30,Cortado
2024-11-20,14:21,card,ANON-0000-0000-0071,2.90,Americano
2024-11-20,14:59,card,ANON-0000-0000-0501,3.80,Cocoa
2024-11-20,15:39,card,ANON-0000-0000-0002,3.30,Americano with Milk
2024-11-20,15:53,card,ANON-0000-0000-0044,2.90,Americano
2024-11-20,18:50,card,ANON-0000-0000-0006,3.80,Latte
2024-11-20,19:35,card,ANON-0000-0000-0184,3.30,Americano with Milk
2024-11-21,07:18,card,ANON-0000-0000-0023,2.90,Americano
2024-11-21,07:42,card,ANON-0000-0000-0453,3.80,Cappuccino
2024-11-21,09:31,card,ANON-0000-0000-0287,3.80,Latte
2024-11-21,09:55,card,ANON-0000-0000-0374,3.80,Latte
2024-11-21,10:10,card,ANON-0000-0000-0012,3.80,Cocoa
2024-11-21,10:11,card,ANON-0000-0000-0268,2.90,Americano
2024-11-21,11:41,card,ANON-0000-0000-0046,3.30,Americano with Milk
2024-11-21,13:36,card,ANON-0000-0000-0012,3.80,Latte
2024-11-21,13:59,card,ANON-0000-0000-0510,3.80,Hot Chocolate
2024-11-21,14:52,card,ANON-0000-0000-0005,3.80,Latte
2024-11-21,15:25,card,ANON-0000-0000-0474,3.80,Cappuccino
2024-11-21,16:06,card,ANON-0000-0000-0074,2.40,Espresso
2024-11-21,17:38,card,ANON-0000-0000-0022,2.40,Espresso
2024-11-21,20:10,card,ANON-0000-0000-0398,3.30,Americano with Milk
2024-11-22,08:27,card,ANON-0000-0000-0226,3.80,Latte
2024-11-22,09:00,card,ANON-0000-0000-0387,3.80,Cocoa
2024-11-22,09:47,card,ANON-0000-0000-0033,3.80,Cappuccino
2024-11-22,10:17,card,ANON-0000-0000-0321,2.40,Espresso
2024-11-22,12:27,card,ANON-0000-0000-0242,3.30,Americano with Milk
2024-11-22,15:49,card,ANON-0000-0000-0130,3.80,Latte
2024-11-22,17:39,card,ANON-0000-0000-0079,2.90,Americano
2024-11-23,08:00,card,ANON-0000-0000-0092,3.30,Americano with Milk
2024-11-23,09:15,card,ANON-0000-0000-0001,3.80,Cocoa
2024-11-23,12:20,card,ANON-0000-0000-0050,2.90,Americano
2024-11-23,14:47,cash,,3.80,Hot Chocolate
2024-11-23,15:34,card,ANON-0000-0000-0421,2.40,Espresso
2024-11-24,07:10,card,ANON-0000-0000-0077,3.80,Latte
2024-11-24,08:46,card,ANON-0000-0000-0468,3.30,Americano with Milk
2024-11-24,10:02,card,ANON-0000-0000-0073,3.80,Cappuccino
2024-11-24,10:59,card,ANON-0000-0000-0088,3.80,Latte
2024-11-24,11:00,card,ANON-0000-0000-0039,3.30,Americano with Milk
2024-11-24,11:12,card,ANON-0000-0000-0357,3.80,Hot Chocolate
2024-11-24,12:05,card,ANON-0000-0000-0014,3.80,Latte
2024-11-24,13:38,card,ANON-0000-0000-0001,2.90,Americano
2024-11-24,14:26,card,ANON-0000-0000-0034,3.80,Latte
2024-11-25,08:56,card,ANON-0000-0000-0034,3.30,Cortado
2024-11-25,11:23,card,ANON-0000-0000-0001,3.80,Hot Chocolate
2024-11-25,13:21,card,ANON-0000-0000-0031,2.90,Americano
2024-11-25,15:27,card,ANON-0000-0000-0010,2.90,Americano
2024-11-25,16:59,card,ANON-0000-0000-0125,3.80,Hot Chocolate
2024-11-25,17:38,card,ANON-0000-0000-0108,2.40,Espresso
2024-11-25,18:10,card,ANON-0000-0000-0030,3.80,Cappuccino
2024-11-26,08:03,card,ANON-0000-0000-0070,2.40,Espresso
2024-11-26,09:31,card,ANON-0000-0000-0001,3.80,Hot Chocolate
2024-11-26,10:04,card,ANON-0000-0000-0003,2.90,Americano
2024-11-26,11:01,card,ANON-0000-0000-0008,3.80,Latte
2024-11-26,11:31,card,ANON-0000-0000-0012,3.80,Cocoa
2024-11-26,12:36,card,ANON-0000-0000-0017,3.30,Americano with Milk
2024-11-26,15:50,card,ANON-0000-0000-0004,3.80,Latte
2024-11-26,17:51,card,ANON-0000-0000-0550,3.30,Cortado
2024-11-26,17:54,card,ANON-0000-0000-0369,3.80,Cappuccino
2024-11-27,08:51,card,ANON-0000-0000-0091,3.30,Cortado
2024-11-27,09:06,card,ANON-0000-0000-0391,3.80,Hot Chocolate
2024-11-27,10:06,card,ANON-0000-0000-0002,3.30,Americano with Milk
2024-11-27,10:44,card,ANON-0000-0000-0031,2.90,Americano
2024-11-27,12:51,card,ANON-0000-0000-0293,3.30,Americano with Milk
2024-11-27,14:59,cash,,3.30,Americano with Milk
2024-11-27,15:09,card,ANON-0000-0000-0324,3.80,Cappuccino
2024-11-27,16:18,card,ANON-0000-0000-0019,3.80,Hot Chocolate
2024-11-27,17:13,card,ANON-0000-0000-0002,3.80,Hot Chocolate
2024-11-27,17:55,card,ANON-0000-0000-0028,3.30,Cortado
2024-11-27,18:06,card,ANON-0000-0000-0001,3.80,Cocoa
2024-11-27,18:18,card,ANON-0000-0000-0266,3.30,Cortado
2024-11-27,18:36,card,ANON-0000-0000-0136,2.40,Espresso
2024-11-27,19:20,card,ANON-0000-0000-0061,3.80,Latte
2024-11-27,19:34,card,ANON-0000-0000-0001,2.90,Americano
2024-11-28,07:19,card,ANON-0000-0000-0054,3.30,Americano with Milk
2024-11-28,07:45,card,ANON-0000-0000-0317,3.80,Cappuccino
2024-11-28,08:07,card,ANON-0000-0000-0082,2.40,Espresso
2024-11-28,09:19,cash,,3.80,Latte
2024-11-28,10:11,card,ANON-0000-0000-0001,3.30,Cortado
2024-11-28,11:23,card,ANON-0000-0000-0083,3.80,Hot Chocolate
2024-11-28,13:08,card,ANON-0000-0000-0260,3.80,Latte
2024-11-28,13:09,card,ANON-0000-0000-0009,3.80,Latte
2024-11-28,13:49,card,ANON-0000-0000-0250,3.80,Hot Chocolate
2024-11-28,14:20,cash,,3.80,Latte
2024-11-28,14:46,card,ANON-0000-0000-0081,3.80,Latte
2024-11-28,14:50,card,ANON-0000-0000-0001,3.30,Americano with Milk
2024-11-28,15:23,cash,,3.30,Cortado
2024-11-28,17:48,card,ANON-0000-0000-0003,3.30,Americano with Milk
2024-11-28,17:58,card,ANON-0000-0000-0264,3.80,Latte
2024-11-28,18:38,card,ANON-0000-0000-0005,3.80,Cocoa
2024-11-29,07:21,card,ANON-0000-0000-0268,3.30,Americano with Milk
2024-11-29,09:11,card,ANON-0000-0000-0552,3.30,Americano with Milk
2024-11-29,10:07,card,ANON-0000-0000-0289,3.80,Latte
2024-11-29,10:31,card,ANON-0000-0000-0007,3.30,Americano with Milk
2024-11-29,13:08,card,ANON-0000-0000-0045,3.80,Latte
2024-11-29,16:47,card,ANON-0000-0000-0001,2.90,Americano
2024-11-29,17:37,card,ANON-0000-0000-0100,3.30,Americano with Milk
2024-11-29,20:56,card,ANON-0000-0000-0044,3.80,Latte
2024-11-29,21:14,card,ANON-0000-0000-0256,3.80,Cappuccino
2024-11-30,10:45,card,ANON-0000-0000-0007,2.90,Americano
2024-11-30,10:49,card,ANON-0000-0000-0243,2.90,Americano
2024-11-30,13:52,card,ANON-0000-0000-0142,3.80,Cappuccino
2024-12-01,07:56,cash,,2.40,Espresso
2024-12-01,08:30,card,ANON-0000-0000-0023,3.80,Hot Chocolate
2024-12-01,09:46,card,ANON-0000-0000-0006,3.80,Latte
2024-12-01,10:13,card,ANON-0000-0000-0010,3.80,Hot Chocolate
2024-12-01,10:15,card,ANON-0000-0000-0004,2.90,Americano
2024-12-01,12:21,card,ANON-0000-0000-0005,3.80,Cocoa
2024-12-01,12:44,card,ANON-0000-0000-0479,3.30,Americano with Milk
2024-12-01,13:53,card,ANON-0000-0000-0052,3.80,Cappuccino
2024-12-01,14:25,card,ANON-0000-0000-0004,3.80,Latte
2024-12-01,15:39,card,ANON-0000-0000-0015,3.80,Latte
2024-12-01,16:28,card,ANON-0000-0000-0001,3.80,Cocoa
2024-12-02,08:11,card,ANON-0000-0000-0061,2.90,Americano
2024-12-02,08:52,card,ANON-0000-0000-0187,3.80,Hot Chocolate
2024-12-02,10:52,card,ANON-0000-0000-0002,3.80,Cocoa
2024-12-02,14:47,card,ANON-0000-0000-0005,3.80,Hot Chocolate
2024-12-02,15:09,card,ANON-0000-0000-0407,3.80,Cocoa
2024-12-02,16:16,cash,,3.80,Hot Chocolate
2024-12-03,08:14,card,ANON-0000-0000-0002,3.80,Hot Chocolate
2024-12-03,08:37,card,ANON-0000-0000-0104,3.30,Americano with Milk
2024-12-03,09:23,card,ANON-0000-0000-0450,3.30,Americano with Milk
2024-12-03,09:40,card,ANON-0000-0000-0018,3.80,Cappuccino
2024-12-03,17:31,card,ANON-0000-0000-0002,3.80,Hot Chocolate
2024-12-03,21:13,card,ANON-0000-0000-0188,3.80,Latte
2024-12-04,07:12,card,ANON-0000-0000-0317,3.80,Cappuccino
2024-12-04,08:57,card,ANON-0000-0000-0030,3.80,Cappuccino
2024-12-04,09:14,card,ANON-0000-0000-0015,3.80,Cocoa
2024-12-04,09:53,card,ANON-0000-0000-0143,3.30,Cortado
2024-12-04,13:00,card,ANON-0000-0000-0001,3.30,Americano with Milk
2024-12-04,13:03,card,ANON-0000-0000-0049,3.80,Cocoa
2024-12-04,15:33,card,ANON-0000-0000-0013,2.90,Americano
2024-12-04,17:37,card,ANON-0000-0000-0143,3.80,Cappuccino
2024-12-05,07:39,card,ANON-0000-0000-0036,3.30,Americano with Milk
2024-12-05,08:06,card,ANON-0000-0000-0488,3.80,Latte
2024-12-05,10:00,card,ANON-0000-0000-0009,3.80,Hot Chocolate
2024-12-05,10:06,card,ANON-0000-0000-0301,3.80,Cocoa
2024-12-05,10:14,card,ANON-0000-0000-0261,3.30,Cortado
2024-12-05,10:50,card,ANON-0000-0000-0022,3.30,Americano with Milk
2024-12-05,16:53,card,ANON-0000-0000-0210,3.30,Americano with Milk
2024-12-05,18:16,cash,,3.30,Americano with Milk
2024-12-05,18:41,card,ANON-0000-0000-0018,3.80,Hot Chocolate
2024-12-05,20:16,card,ANON-0000-0000-0182,2.90,Americano
2024-12-05,20:49,card,ANON-0000-0000-0003,3.80,Cappuccino
2024-12-06,07:34,card,ANON-0000-0000-0050,3.80,Hot Chocolate
2024-12-06,07:59,card,ANON-0000-0000-0384,3.80,Cocoa
2024-12-06,11:47,card,ANON-0000-0000-0011,3.30,Americano with Milk
2024-12-06,12:14,cash,,3.30,Americano with Milk
2024-12-06,15:39,cash,,3.80,Cappuccino
2024-12-06,16:55,card,ANON-0000-0000-0002,3.80,Latte
2024-12-06,18:56,card,ANON-0000-0000-0018,3.30,Americano with Milk
2024-12-07,07:31,card,ANON-0000-0000-0004,3.30,Americano with Milk
2024-12-07,08:23,card,ANON-0000-0000-0097,3.80,Cappuccino
2024-12-07,08:53,card,ANON-0000-0000-0015,3.30,Americano with Milk
2024-12-07,09:08,card,ANON-0000-0000-0033,2.90,Americano
2024-12-07,09:31,card,ANON-0000-0000-0509,2.90,Americano
2024-12-07,11:19,card,ANON-0000-0000-0592,3.80,Hot Chocolate
2024-12-07,14:56,card,ANON-0000-0000-0005,2.90,Americano
2024-12-07,17:35,card,ANON-0000-0000-0182,2.90,Americano
2024-12-07,18:11,card,ANON-0000-0000-0021,2.90,Americano
2024-12-08,08:38,card,ANON-0000-0000-0210,2.90,Americano
2024-12-08,09:07,card,ANON-0000-0000-0077,3.80,Cocoa
2024-12-08,09:41,card,ANON-0000-0000-0072,3.80,Hot Chocolate
2024-12-08,09:48,card,ANON-0000-0000-0008,3.30,Cortado
2024-12-08,13:05,card,ANON-0000-0000-0007,3.30,Americano with Milk
2024-12-08,13:25,card,ANON-0000-0000-0269,3.80,Cappuccino
2024-12-08,14:44,card,ANON-0000-0000-0169,3.80,Cocoa
2024-12-08,16:19,cash,,3.80,Cocoa
2024-12-09,08:31,card,ANON-0000-0000-0154,3.80,Cappuccino
2024-12-09,08:43,card,ANON-0000-0000-0012,3.80,Cocoa
2024-12-09,09:30,card,ANON-0000-0000-0141,3.30,Americano with Milk
2024-12-09,13:40,card,ANON-0000-0000-0126,3.30,Americano with Milk
2024-12-09,13:43,card,ANON-0000-0000-0021,3.80,Latte
2024-12-09,14:21,card,ANON-0000-0000-0079,2.90,Americano
2024-12-09,14:30,card,ANON-0000-0000-0001,3.80,Cocoa
2024-12-09,15:33,card,ANON-0000-0000-0001,3.30,Americano with Milk
2024-12-09,18:49,card,ANON-0000-0000-0158,3.80,Cappuccino
2024-12-09,19:21,card,ANON-0000-0000-0035,3.30,Americano with Milk
2024-12-09,19:42,card,ANON-0000-0000-0001,3.30,Cortado
2024-12-09,20:48,card,ANON-0000-0000-0007,2.40,Espresso
2024-12-10,07:09,card,ANON-0000-0000-0032,3.80,Cappuccino
2024-12-10,08:57,card,ANON-0000-0000-0036,3.30,Americano with Milk
2024-12-10,09:00,card,ANON-0000-0000-0184,3.80,Hot Chocolate
2024-12-10,11:47,card,ANON-0000-0000-0027,3.80,Latte
2024-12-10,12:12,card,ANON-0000-0000-0001,2.40,Espresso
2024-12-10,13:50,card,ANON-0000-0000-0009,3.30,Cortado
2024-12-10,14:12,card,ANON-0000-0000-0020,3.30,Cortado
2024-12-10,16:52,cash,,3.80,Latte
2024-12-11,07:38,cash,,2.90,Americano
2024-12-11,09:07,card,ANON-0000-0000-0111,3.80,Hot Chocolate
2024-12-11,09:10,card,ANON-0000-0000-0002,2.40,Espresso
2024-12-11,10:14,card,ANON-0000-0000-0015,2.90,Americano
2024-12-11,12:18,card,ANON-0000-0000-0217,3.80,Cocoa
2024-12-11,14:09,card,ANON-0000-0000-0117,3.80,Hot Chocolate
2024-12-11,14:35,card,ANON-0000-0000-0003,2.90,Americano
2024-12-11,14:58,card,ANON-0000-0000-0001,3.30,Americano with Milk
2024-12-11,15:47,card,ANON-0000-0000-0548,3.80,Latte
2024-12-11,16:14,card,ANON-0000-0000-0549,3.30,Americano with Milk
2024-12-11,16:16,card,ANON-0000-0000-0015,3.80,Latte
2024-12-11,16:20,cash,,3.80,Latte
2024-12-11,16:24,card,ANON-0000-0000-0102,3.80,Latte
2024-12-11,18:54,card,ANON-0000-0000-0468,3.80,Cappuccino
2024-12-12,07:14,card,ANON-0000-0000-0056,3.80,Hot Chocolate
2024-12-12,08:56,card,ANON-0000-0000-0162,3.80,Cocoa
2024-12-12,10:51,cash,,3.80,Cocoa
2024-12-12,12:20,card,ANON-0000-0000-0022,3.80,Cappuccino
2024-12-12,14:07,card,ANON-0000-0000-0005,3.80,Latte
2024-12-12,15:41,card,ANON-0000-0000-0002,3.30,Americano with Milk
2024-12-12,15:56,card,ANON-0000-0000-0001,2.90,Americano
2024-12-12,17:45,card,ANON-0000-0000-0062,3.30,Cortado
2024-12-12,18:16,card,ANON-0000-0000-0249,3.80,Latte
2024-12-13,08:29,card,ANON-0000-0000-0001,3.30,Cortado
2024-12-13,09:00,card,ANON-0000-0000-0156,2.90,Americano
2024-12-13,09:25,card,ANON-0000-0000-0028,3.80,Latte
2024-12-13,09:59,card,ANON-0000-0000-0001,2.90,Americano
2024-12-13,10:28,card,ANON-0000-0000-0430,3.80,Cocoa
2024-12-13,10:30,card,ANON-0000-0000-0199,3.80,Cappuccino
2024-12-13,10:43,card,ANON-0000-0000-0083,3.30,Cortado
2024-12-13,10:57,cash,,3.80,Cappuccino
2024-12-13,12:38,card,ANON-0000-0000-0036,2.40,Espresso
2024-12-13,15:51,cash,,3.80,Hot Chocolate
2024-12-13,21:08,card,ANON-0000-0000-0182,3.80,Cappuccino
2024-12-14,10:05,card,ANON-0000-0000-0037,2.40,Espresso
2024-12-14,14:00,card,ANON-0000-0000-0024,3.80,Cappuccino
2024-12-14,14:58,card,ANON-0000-0000-0109,3.30,Cortado
2024-12-14,20:26,card,ANON-0000-0000-0371,3.80,Latte
2024-12-15,08:46,card,ANON-0000-0000-0002,3.30,Americano with Milk
2024-12-15,12:15,cash,,3.80,Cocoa
2024-12-15,15:25,cash,,3.80,Cocoa
2024-12-15,15:46,card,ANON-0000-0000-0221,3.80,Cocoa
2024-12-15,18:36,card,ANON-0000-0000-0169,3.30,Americano with Milk
2024-12-15,20:00,card,ANON-0000-0000-0572,3.30,Americano with Milk
2024-12-16,07:57,card,ANON-0000-0000-0036,3.80,Latte
2024-12-16,08:01,card,ANON-0000-0000-0499,3.30,Americano with Milk
2024-12-16,09:46,card,ANON-0000-0000-0011,3.80,Cocoa
2024-12-16,11:38,card,ANON-0000-0000-0482,3.80,Cocoa
2024-12-16,12:05,card,ANON-0000-0000-0025,3.80,Latte
2024-12-16,14:52,card,ANON-0000-0000-0007,3.80,Latte
2024-12-16,15:58,cash,,3.80,Latte
2024-12-16,18:17,card,ANON-0000-0000-0004,3.80,Latte
2024-12-16,19:57,card,ANON-0000-0000-0120,2.90,Americano
2024-12-16,20:14,card,ANON-0000-0000-0125,2.90,Americano
2024-12-16,20:25,card,ANON-0000-0000-0285,3.30,Americano with Milk
2024-12-16,21:21,card,ANON-0000-0000-0404,3.80,Hot Chocolate
2024-12-17,10:38,card,ANON-0000-0000-0006,2.40,Espresso
2024-12-17,14:49,cash,,3.80,Cappuccino
2024-12-17,15:13,card,ANON-0000-0000-0008,3.30,Americano with Milk
2024-12-17,17:09,card,ANON-0000-0000-0168,3.80,Cocoa
2024-12-17,18:26,card,ANON-0000-0000-0009,2.90,Americano
2024-12-18,09:07,card,ANON-0000-0000-0006,3.80,Hot Chocolate
2024-12-18,09:16,card,ANON-0000-0000-0556,3.80,Cocoa
2024-12-18,11:07,card,ANON-0000-0000-0174,3.80,Cappuccino
2024-12-18,13:12,card,ANON-0000-0000-0002,3.80,Latte
2024-12-18,13:24,card,ANON-0000-0000-0001,3.30,Americano with Milk
2024-12-18,14:34,card,ANON-0000-0000-0004,3.80,Latte
2024-12-18,15:20,card,ANON-0000-0000-0010,2.40,Espresso
2024-12-18,18:45,card,ANON-0000-0000-0002,3.30,Americano with Milk
2024-12-19,08:54,card,ANON-0000-0000-0010,3.80,Cappuccino
2024-12-19,08:56,cash,,3.80,Latte
2024-12-19,09:45,card,ANON-0000-0000-0008,3.30,Americano with Milk
2024-12-19,10:57,cash,,3.80,Latte
2024-12-19,11:21,cash,,3.80,Latte
2024-12-19,11:47,card,ANON-0000-0000-0120,3.80,Cocoa
2024-12-19,12:45,cash,,3.80,Cappuccino
2024-12-19,13:05,card,ANON-0000-0000-0002,3.30,Americano with Milk
2024-12-19,13:06,card,ANON-0000-0000-0054,3.30,Americano with Milk
2024-12-19,14:28,card,ANON-0000-0000-0045,2.90,Americano
2024-12-19,16:49,card,ANON-0000-0000-0263,3.80,Latte
2024-12-19,20:13,cash,,3.30,Cortado
2024-12-19,20:52,card,ANON-0000-0000-0005,2.40,Espresso
2024-12-20,11:42,card,ANON-0000-0000-0070,3.80,Hot Chocolate
2024-12-20,11:46,card,ANON-0000-0000-0164,3.30,Americano with Milk
2024-12-20,15:25,card,ANON-0000-0000-0218,2.90,Americano
2024-12-20,15:31,card,ANON-0000-0000-0167,3.30,Americano with Milk
2024-12-20,16:11,card,ANON-0000-0000-0128,2.40,Espresso
2024-12-20,16:14,card,ANON-0000-0000-0006,3.80,Cappuccino
2024-12-20,18:47,card,ANON-0000-0000-0001,2.40,Espresso
2024-12-20,20:30,card,ANON-0000-0000-0016,3.30,Americano with Milk
2024-12-20,21:52,card,ANON-0000-0000-0346,3.80,Cocoa
2024-12-21,08:58,card,ANON-0000-0000-0068,3.30,Americano with Milk
2024-12-21,10:24,card,ANON-0000-0000-0409,3.80,Cappuccino
2024-12-21,11:19,card,ANON-0000-0000-0318,3.30,Americano with Milk
2024-12-21,20:31,card,ANON-0000-0000-0358,3.80,Latte
2024-12-22,07:27,card,ANON-0000-0000-0008,3.30,Cortado
2024-12-22,09:27,cash,,3.80,Latte
2024-12-22,10:49,card,ANON-0000-0000-0302,3.80,Cocoa
2024-12-22,11:20,card,ANON-0000-0000-0010,3.80,Cappuccino
2024-12-22,14:01,card,ANON-0000-0000-0025,3.80,Hot Chocolate
2024-12-22,16:36,card,ANON-0000-0000-0052,3.30,Americano with Milk
2024-12-22,18:51,card,ANON-0000-0000-0043,2.90,Americano
2024-12-22,20:42,card,ANON-0000-0000-0002,3.30,Americano with Milk
2024-12-23,08:01,card,ANON-0000-0000-0009,3.80,Cocoa
2024-12-23,08:21,card,ANON-0000-0000-0316,3.30,Americano with Milk
2024-12-23,08:34,card,ANON-0000-0000-0566,3.30,Americano with Milk
2024-12-23,08:55,card,ANON-0000-0000-0397,2.40,Espresso
2024-12-23,08:56,card,ANON-0000-0000-0565,2.90,Americano
2024-12-23,09:07,cash,,3.80,Cocoa
2024-12-23,09:28,card,ANON-0000-0000-0335,3.80,Cappuccino
2024-12-23,09:47,card,ANON-0000-0000-0375,3.80,Cappuccino
2024-12-23,11:01,card,ANON-0000-0000-0002,3.30,Americano with Milk
2024-12-23,14:44,card,ANON-0000-0000-0423,3.80,Latte
2024-12-23,14:56,card,ANON-0000-0000-0038,2.90,Americano
2024-12-23,15:35,card,ANON-0000-0000-0500,3.80,Latte
2024-12-23,15:38,card,ANON-0000-0000-0075,3.80,Cappuccino
2024-12-23,16:02,card,ANON-0000-0000-0035,3.30,Americano with Milk
2024-12-23,16:31,card,ANON-0000-0000-0002,3.30,Americano with Milk
2024-12-23,17:28,card,ANON-0000-0000-0003,3.80,Cappuccino
2024-12-23,19:08,card,ANON-0000-0000-0055,3.80,Cappuccino
2024-12-23,19:52,card,ANON-0000-0000-0005,3.80,Cappuccino
2024-12-24,08:02,card,ANON-0000-0000-0064,2.90,Americano
2024-12-24,08:04,card,ANON-0000-0000-0005,3.80,Cocoa
2024-12-24,08:16,card,ANON-0000-0000-0171,3.80,Cocoa
2024-12-24,08:57,card,ANON-0000-0000-0515,3.80,Latte
2024-12-24,09:23,card,ANON-0000-0000-0519,2.90,Americano
2024-12-24,09:34,card,ANON-0000-0000-0047,3.80,Cocoa
2024-12-24,09:53,card,ANON-0000-0000-0033,3.80,Latte
2024-12-24,10:48,card,ANON-0000-0000-0007,3.80,Hot Chocolate
2024-12-24,11:06,card,ANON-0000-0000-0221,2.90,Americano
2024-12-24,11:38,card,ANON-0000-0000-0169,3.80,Cocoa
2024-12-24,12:17,card,ANON-0000-0000-0031,3.80,Hot Chocolate
2024-12-24,14:59,card,ANON-0000-0000-0508,2.40,Espresso
2024-12-24,15:57,card,ANON-0000-0000-0366,3.30,Americano with Milk
2024-12-24,17:22,card,ANON-0000-0000-0222,3.80,Hot Chocolate
2024-12-24,17:53,card,ANON-0000-0000-0038,2.90,Americano
2024-12-25,08:44,card,ANON-0000-0000-0024,3.30,Cortado
2024-12-25,08:55,card,ANON-0000-0000-0034,3.30,Americano with Milk
2024-12-25,08:57,cash,,3.80,Hot Chocolate
2024-12-25,09:36,card,ANON-0000-0000-0016,3.80,Cappuccino
2024-12-25,10:04,card,ANON-0000-0000-0016,3.80,Hot Chocolate
2024-12-25,11:39,cash,,2.90,Americano
2024-12-25,12:45,card,ANON-0000-0000-0057,2.40,Espresso
2024-12-25,13:46,card,ANON-0000-0000-0031,3.80,Latte
2024-12-25,14:15,card,ANON-0000-0000-0001,3.80,Latte
2024-12-25,14:48,card,ANON-0000-0000-0045,2.90,Americano
2024-12-25,14:53,card,ANON-0000-0000-0012,2.40,Espresso
2024-12-25,17:15,card,ANON-0000-0000-0383,3.80,Cappuccino
2024-12-26,08:50,card,ANON-0000-0000-0217,3.80,Hot Chocolate
2024-12-26,08:54,cash,,3.30,Americano with Milk
2024-12-26,09:04,card,ANON-0000-0000-0051,3.80,Latte
2024-12-26,09:29,cash,,3.80,Cappuccino
2024-12-26,10:01,card,ANON-0000-0000-0438,3.30,Americano with Milk
2024-12-26,10:02,card,ANON-0000-0000-0008,3.30,Americano with Milk
2024-12-26,10:02,card,ANON-0000-0000-0413,3.80,Cappuccino
2024-12-26,10:14,card,ANON-0000-0000-0026,3.80,Cappuccino
2024-12-26,10:56,card,ANON-0000-0000-0001,3.80,Cappuccino
2024-12-26,11:58,card,ANON-0000-0000-0044,3.30,Americano with Milk
2024-12-26,14:16,card,ANON-0000-0000-0014,2.90,Americano
2024-12-26,14:19,card,ANON-0000-0000-0017,3.30,Cortado
2024-12-26,17:36,card,ANON-0000-0000-0003,3.80,Cappuccino
2024-12-26,18:28,card,ANON-0000-0000-0004,3.80,Cappuccino
2024-12-26,21:54,card,ANON-0000-0000-0305,3.80,Hot Chocolate
2024-12-27,08:03,card,ANON-0000-0000-0007,3.80,Cappuccino
2024-12-27,08:15,card,ANON-0000-0000-0005,3.80,Latte
2024-12-27,08:21,cash,,3.30,Americano with Milk
2024-12-27,09:08,card,ANON-0000-0000-0258,3.80,Latte
2024-12-27,09:28,cash,,3.30,Americano with Milk
2024-12-27,09:53,card,ANON-0000-0000-0258,3.80,Cocoa
2024-12-27,11:20,cash,,3.30,Americano with Milk
2024-12-27,12:07,card,ANON-0000-0000-0012,3.80,Hot Chocolate
2024-12-27,14:45,card,ANON-0000-0000-0569,3.30,Americano with Milk
2024-12-27,15:36,card,ANON-0000-0000-0075,3.80,Latte
2024-12-27,15:50,card,ANON-0000-0000-0040,3.80,Cappuccino
2024-12-27,16:18,card,ANON-0000-0000-0002,3.30,Americano with Milk
2024-12-27,16:53,card,ANON-0000-0000-0192,3.80,Cocoa
2024-12-27,17:12,card,ANON-0000-0000-0185,3.80,Latte
2024-12-27,18:45,card,ANON-0000-0000-0012,3.80,Hot Chocolate
2024-12-28,08:03,card,ANON-0000-0000-0113,2.90,Americano
2024-12-28,08:41,card,ANON-0000-0000-0002,2.90,Americano
2024-12-28,08:43,card,ANON-0000-0000-0050,3.80,Hot Chocolate
2024-12-28,09:34,card,ANON-0000-0000-0319,3.30,Cortado
2024-12-28,12:02,cash,,3.30,Cortado
2024-12-28,12:48,card,ANON-0000-0000-0534,3.80,Hot Chocolate
2024-12-28,17:04,card,ANON-0000-0000-0008,3.30,Americano with Milk
2024-12-28,18:45,cash,,3.80,Hot Chocolate
2024-12-29,08:30,card,ANON-0000-0000-0170,2.90,Americano
2024-12-29,10:58,cash,,3.80,Latte
2024-12-29,16:09,card,ANON-0000-0000-0122,3.80,Cocoa
2024-12-30,07:18,card,ANON-0000-0000-0012,3.80,Latte
2024-12-30,07:59,card,ANON-0000-0000-0024,3.80,Cappuccino
2024-12-30,08:47,card,ANON-0000-0000-0002,3.80,Cappuccino
2024-12-30,11:01,card,ANON-0000-0000-0516,3.80,Hot Chocolate
2024-12-30,16:43,card,ANON-0000-0000-0001,3.30,Americano with Milk
2024-12-30,17:09,card,ANON-0000-0000-0020,3.30,Americano with Milk
2024-12-30,18:03,card,ANON-0000-0000-0337,3.30,Americano with Milk
2024-12-30,21:47,card,ANON-0000-0000-0003,3.30,Americano with Milk
2024-12-31,07:09,card,ANON-0000-0000-0201,3.80,Cappuccino
2024-12-31,09:01,card,ANON-0000-0000-0054,3.80,Latte
2024-12-31,12:42,card,ANON-0000-0000-0060,3.30,Cortado
2024-12-31,14:06,card,ANON-0000-0000-0002,3.80,Cocoa
2024-12-31,14:32,card,ANON-0000-0000-0115,3.80,Cappuccino
2024-12-31,15:00,card,ANON-0000-0000-0142,3.30,Cortado
2024-12-31,15:01,card,ANON-0000-0000-0009,2.90,Americano
2024-12-31,15:02,card,ANON-0000-0000-0002,3.30,Americano with Milk
2024-12-31,15:19,card,ANON-0000-0000-0129,3.80,Latte
2024-12-31,16:19,cash,,3.80,Hot Chocolate
2024-12-31,17:42,card,ANON-0000-0000-0006,2.90,Americano
2024-12-31,18:12,card,ANON-0000-0000-0038,3.30,Cortado
2025-01-01,08:22,card,ANON-0000-0000-0066,3.50,Cortado
2025-01-01,09:03,cash,,4.00,Cappuccino
2025-01-01,09:25,card,ANON-0000-0000-0494,4.00,Cappuccino
2025-01-01,10:10,card,ANON-0000-0000-0078,4.00,Cappuccino
2025-01-01,10:44,card,ANON-0000-0000-0002,3.50,Americano with Milk
2025-01-01,10:45,card,ANON-0000-0000-0189,3.10,Americano
2025-01-01,10:49,card,ANON-0000-0000-0002,4.00,Latte
2025-01-01,11:11,card,ANON-0000-0000-0062,4.00,Cappuccino
2025-01-01,12:34,card,ANON-0000-0000-0127,4.00,Latte
2025-01-01,12:56,card,ANON-0000-0000-0056,3.50,Americano with Milk
2025-01-01,14:35,card,ANON-0000-0000-0128,3.50,Americano with Milk
2025-01-01,14:35,card,ANON-0000-0000-0006,4.00,Cappuccino
2025-01-01,15:47,cash,,4.00,Latte
2025-01-01,16:27,card,ANON-0000-0000-0045,3.50,Americano with Milk
2025-01-01,16:47,card,ANON-0000-0000-0020,3.10,Americano
2025-01-01,17:08,card,ANON-0000-0000-0107,3.50,Cortado
2025-01-01,18:52,cash,,4.00,Cappuccino
2025-01-01,19:05,card,ANON-0000-0000-0385,3.50,Cortado
2025-01-01,20:47,card,ANON-0000-0000-0148,3.10,Americano
2025-01-02,07:04,card,ANON-0000-0000-0138,2.50,Espresso
2025-01-02,08:09,card,ANON-0000-0000-0131,3.50,Cortado
2025-01-02,08:21,card,ANON-0000-0000-0156,4.00,Latte
2025-01-02,08:51,card,ANON-0000-0000-0077,4.00,Latte
2025-01-02,11:05,card,ANON-0000-0000-0001,3.50,Cortado
2025-01-02,11:33,card,ANON-0000-0000-0295,3.50,Cortado
2025-01-02,12:29,cash,,3.50,Americano with Milk
2025-01-02,12:39,cash,,3.50,Cortado
2025-01-02,15:28,card,ANON-0000-0000-0003,4.00,Cappuccino
2025-01-02,15:36,card,ANON-0000-0000-0420,4.00,Cappuccino
2025-01-02,18:31,card,ANON-0000-0000-0158,4.00,Cappuccino
2025-01-02,19:00,cash,,4.00,Cappuccino
2025-01-02,19:45,card,ANON-0000-0000-0015,4.00,Latte
2025-01-02,21:00,card,ANON-0000-0000-0224,4.00,Cappuccino
2025-01-02,21:02,cash,,3.50,Americano with Milk
2025-01-02,21:37,cash,,4.00,Latte
2025-01-03,08:47,card,ANON-0000-0000-0022,3.50,Cortado
2025-01-03,08:48,card,ANON-0000-0000-0006,4.00,Cappuccino
2025-01-03,09:37,card,ANON-0000-0000-0004,4.00,Hot Chocolate
2025-01-03,09:44,card,ANON-0000-0000-0018,4.00,Cappuccino
2025-01-03,10:02,cash,,4.00,Latte
2025-01-03,10:10,card,ANON-0000-0000-0399,4.00,Hot Chocolate
2025-01-03,10:37,card,ANON-0000-0000-0010,4.00,Hot Chocolate
2025-01-03,11:20,card,ANON-0000-0000-0110,3.50,Americano with Milk
2025-01-03,11:23,card,ANON-0000-0000-0002,3.10,Americano
2025-01-03,11:32,cash,,4.00,Hot Chocolate
2025-01-03,14:03,card,ANON-0000-0000-0002,3.10,Americano
2025-01-03,17:03,card,ANON-0000-0000-0250,3.10,Americano
2025-01-03,18:46,card,ANON-0000-0000-0069,2.50,Espresso
2025-01-04,09:54,card,ANON-0000-0000-0086,3.10,Americano
2025-01-04,10:51,card,ANON-0000-0000-0552,4.00,Cocoa
2025-01-04,11:08,card,ANON-0000-0000-0476,4.00,Cocoa
2025-01-04,11:25,card,ANON-0000-0000-0343,4.00,Hot Chocolate
2025-01-04,11:45,card,ANON-0000-0000-0331,3.50,Americano with Milk
2025-01-04,12:16,card,ANON-0000-0000-0007,4.00,Latte
2025-01-04,15:03,card,ANON-0000-0000-0095,4.00,Latte
2025-01-04,16:32,card,ANON-0000-0000-0324,3.50,Americano with Milk
2025-01-04,18:56,card,ANON-0000-0000-0002,4.00,Latte
2025-01-05,07:38,card,ANON-0000-0000-0001,3.10,Americano
2025-01-05,09:00,card,ANON-0000-0000-0003,4.00,Latte
2025-01-05,10:00,cash,,4.00,Latte
2025-01-05,10:16,card,ANON-0000-0000-0059,4.00,Hot Chocolate
2025-01-05,11:58,card,ANON-0000-0000-0014,4.00,Cappuccino
2025-01-05,13:08,card,ANON-0000-0000-0004,4.00,Cappuccino
2025-01-05,13:24,card,ANON-0000-0000-0263,3.10,Americano
2025-01-05,15:05,card,ANON-0000-0000-0047,3.10,Americano
2025-01-05,15:58,card,ANON-0000-0000-0509,4.00,Cocoa
2025-01-05,16:59,card,ANON-0000-0000-0542,4.00,Cappuccino
2025-01-05,18:53,card,ANON-0000-0000-0005,3.50,Americano with Milk
2025-01-05,19:25,card,ANON-0000-0000-0005,4.00,Hot Chocolate
2025-01-06,07:08,card,ANON-0000-0000-0001,4.00,Cappuccino
2025-01-06,07:13,card,ANON-0000-0000-0017,4.00,Latte
2025-01-06,07:21,cash,,4.00,Latte
2025-01-06,07:33,card,ANON-0000-0000-0014,4.00,Cappuccino
2025-01-06,08:23,card,ANON-0000-0000-0004,2.50,Espresso
2025-01-06,09:45,card,ANON-0000-0000-0001,3.10,Americano
2025-01-06,10:02,card,ANON-0000-0000-0375,3.10,Americano
2025-01-06,13:09,cash,,4.00,Hot Chocolate
2025-01-06,14:55,card,ANON-0000-0000-0013,4.00,Latte
2025-01-06,16:03,card,ANON-0000-0000-0075,2.50,Espresso
2025-01-06,16:32,card,ANON-0000-0000-0001,3.10,Americano
2025-01-06,17:57,card,ANON-0000-0000-0031,3.50,Cortado
2025-01-06,19:27,card,ANON-0000-0000-0009,4.00,Cocoa
2025-01-07,08:44,card,ANON-0000-0000-0492,4.00,Cappuccino
2025-01-07,09:07,card,ANON-0000-0000-0094,4.00,Hot Chocolate
2025-01-07,10:26,card,ANON-0000-0000-0034,3.50,Americano with Milk
2025-01-07,10:58,card,ANON-0000-0000-0020,3.50,Americano with Milk
2025-01-07,11:55,card,ANON-0000-0000-0001,4.00,Cappuccino
2025-01-07,12:05,card,ANON-0000-0000-0011,4.00,Latte
2025-01-07,12:52,card,ANON-0000-0000-0572,4.00,Cocoa
2025-01-07,15:06,card,ANON-0000-0000-0013,3.10,Americano
2025-01-07,18:43,card,ANON-0000-0000-0243,4.00,Cocoa
2025-01-07,19:07,card,ANON-0000-0000-0523,4.00,Hot Chocolate
2025-01-08,08:02,card,ANON-0000-0000-0021,4.00,Hot Chocolate
2025-01-08,08:10,cash,,4.00,Hot Chocolate
2025-01-08,09:03,card,ANON-0000-0000-0104,4.00,Cocoa
2025-01-08,09:06,card,ANON-0000-0000-0010,3.10,Americano
2025-01-08,09:52,card,ANON-0000-0000-0160,3.50,Americano with Milk
2025-01-08,10:59,card,ANON-0000-0000-0008,4.00,Cocoa
2025-01-08,13:48,card,ANON-0000-0000-0206,4.00,Cappuccino
2025-01-08,14:06,card,ANON-0000-0000-0022,3.50,Cortado
2025-01-08,19:31,card,ANON-0000-0000-0025,4.00,Latte
2025-01-08,19:53,cash,,3.50,Cortado
2025-01-08,20:55,card,ANON-0000-0000-0182,3.10,Americano
2025-01-09,08:00,cash,,4.00,Latte
2025-01-09,08:04,card,ANON-0000-0000-0356,4.00,Cappuccino
2025-01-09,08:12,card,ANON-0000-0000-0017,3.50,Americano with Milk
2025-01-09,08:13,card,ANON-0000-0000-0588,3.50,Americano with Milk
2025-01-09,09:09,card,ANON-0000-0000-0046,3.50,Cortado
2025-01-09,09:15,card,ANON-0000-0000-0112,4.00,Latte
2025-01-09,10:18,card,ANON-0000-0000-0054,4.00,Latte
2025-01-09,10:53,card,ANON-0000-0000-0282,4.00,Cocoa
2025-01-09,10:55,card,ANON-0000-0000-0289,4.00,Hot Chocolate
2025-01-09,12:32,card,ANON-0000-0000-0163,3.10,Americano
2025-01-09,13:02,card,ANON-0000-0000-0022,4.00,Cappuccino
2025-01-09,13:51,card,ANON-0000-0000-0148,3.50,Americano with Milk
2025-01-09,13:54,card,ANON-0000-0000-0003,4.00,Latte
2025-01-09,14:39,card,ANON-0000-0000-0006,4.00,Hot Chocolate
2025-01-09,15:41,card,ANON-0000-0000-0134,3.10,Americano
2025-01-09,17:23,card,ANON-0000-0000-0016,4.00,Latte
2025-01-09,18:39,card,ANON-0000-0000-0020,3.50,Americano with Milk
2025-01-09,20:15,card,ANON-0000-0000-0120,3.50,Americano with Milk
2025-01-10,07:27,card,ANON-0000-0000-0372,4.00,Cocoa
2025-01-10,07:28,card,ANON-0000-0000-0351,4.00,Cappuccino
2025-01-10,09:37,card,ANON-0000-0000-0425,2.50,Espresso
2025-01-10,11:56,card,ANON-0000-0000-0172,3.50,Cortado
2025-01-10,12:22,card,ANON-0000-0000-0454,4.00,Latte
2025-01-10,13:07,cash,,4.00,Cocoa
2025-01-10,13:53,card,ANON-0000-0000-0028,2.50,Espresso
2025-01-10,14:20,card,ANON-0000-0000-0006,4.00,Cappuccino
2025-01-10,16:35,cash,,4.00,Hot Chocolate
2025-01-10,16:43,card,ANON-0000-0000-0064,3.10,Americano
2025-01-10,16:56,card,ANON-0000-0000-0514,3.50,Americano with Milk
2025-01-11,07:21,card,ANON-0000-0000-0055,4.00,Cappuccino
2025-01-11,08:17,card,ANON-0000-0000-0001,3.50,Americano with Milk
2025-01-11,08:37,card,ANON-0000-0000-0101,4.00,Latte
2025-01-11,09:19,card,ANON-0000-0000-0002,3.50,Cortado
2025-01-11,09:47,cash,,2.50,Espresso
2025-01-11,10:28,card,ANON-0000-0000-0012,4.00,Cappuccino
2025-01-11,10:37,card,ANON-0000-0000-0047,3.10,Americano
2025-01-11,12:55,cash,,2.50,Espresso
2025-01-11,13:49,card,ANON-0000-0000-0234,3.50,Americano with Milk
2025-01-11,17:08,card,ANON-0000-0000-0211,3.50,Americano with Milk
2025-01-11,17:10,card,ANON-0000-0000-0001,4.00,Latte
2025-01-12,07:19,card,ANON-0000-0000-0021,4.00,Latte
2025-01-12,07:55,card,ANON-0000-0000-0492,4.00,Cappuccino
2025-01-12,08:44,card,ANON-0000-0000-0443,2.50,Espresso
2025-01-12,09:00,card,ANON-0000-0000-0002,2.50,Espresso
2025-01-12,09:32,card,ANON-0000-0000-0508,3.50,Americano with Milk
2025-01-12,10:34,card,ANON-0000-0000-0013,3.50,Cortado
2025-01-12,10:37,card,ANON-0000-0000-0276,4.00,Latte
2025-01-12,12:34,card,ANON-0000-0000-0137,4.00,Cappuccino
2025-01-12,13:35,card,ANON-0000-0000-0084,3.10,Americano
2025-01-12,13:39,card,ANON-0000-0000-0018,3.10,Americano
2025-01-12,14:14,card,ANON-0000-0000-0009,3.50,Americano with Milk
2025-01-12,16:57,card,ANON-0000-0000-0089,4.00,Cocoa
2025-01-12,17:04,card,ANON-0000-0000-0198,4.00,Hot Chocolate
2025-01-12,17:43,card,ANON-0000-0000-0001,4.00,Latte
2025-01-12,17:58,card,ANON-0000-0000-0011,3.50,Americano with Milk
2025-01-12,19:55,card,ANON-0000-0000-0001,4.00,Cappuccino
2025-01-13,08:40,card,ANON-0000-0000-0521,3.10,Americano
2025-01-13,09:44,card,ANON-0000-0000-0020,4.00,Cocoa
2025-01-13,10:37,cash,,4.00,Cappuccino
2025-01-13,10:39,card,ANON-0000-0000-0002,3.50,Americano with Milk
2025-01-13,12:31,card,ANON-0000-0000-0002,4.00,Latte
2025-01-13,13:39,card,ANON-0000-0000-0043,3.50,Cortado
2025-01-13,14:33,card,ANON-0000-0000-0249,4.00,Cappuccino
2025-01-13,14:58,card,ANON-0000-0000-0009,3.50,Americano with Milk
2025-01-13,16:47,card,ANON-0000-0000-0084,4.00,Latte
2025-01-13,20:02,card,ANON-0000-0000-0128,2.50,Espresso
2025-01-14,07:00,card,ANON-0000-0000-0327,3.50,Americano with Milk
2025-01-14,09:44,card,ANON-0000-0000-0094,4.00,Cocoa
2025-01-14,10:14,card,ANON-0000-0000-0094,4.00,Cappuccino
2025-01-14,10:45,card,ANON-0000-0000-0001,3.50,Cortado
2025-01-14,11:09,card,ANON-0000-0000-0004,3.50,Cortado
2025-01-14,11:42,card,ANON-0000-0000-0001,3.50,Cortado
2025-01-14,11:57,card,ANON-0000-0000-0030,4.00,Cappuccino
2025-01-14,12:11,card,ANON-0000-0000-0032,3.10,Americano
2025-01-14,12:32,card,ANON-0000-0000-0006,3.50,Americano with Milk
2025-01-14,13:36,card,ANON-0000-0000-0005,3.50,Americano with Milk
2025-01-14,13:40,card,ANON-0000-0000-0067,3.50,Americano with Milk
2025-01-14,14:14,card,ANON-0000-0000-0556,4.00,Latte
2025-01-14,14:21,card,ANON-0000-0000-0260,4.00,Latte
2025-01-14,17:11,card,ANON-0000-0000-0109,4.00,Latte
2025-01-14,18:08,card,ANON-0000-0000-0019,3.50,Americano with Milk
2025-01-14,18:17,card,ANON-0000-0000-0338,3.50,Cortado
2025-01-14,20:45,card,ANON-0000-0000-0595,3.10,Americano
2025-01-15,08:02,cash,,4.00,Cocoa
2025-01-15,08:07,cash,,3.50,Americano with Milk
2025-01-15,08:30,card,ANON-0000-0000-0494,4.00,Latte
2025-01-15,08:30,card,ANON-0000-0000-0005,3.50,Americano with Milk
2025-01-15,09:24,card,ANON-0000-0000-0001,4.00,Hot Chocolate
2025-01-15,09:24,card,ANON-0000-0000-0184,4.00,Latte
2025-01-15,10:50,card,ANON-0000-0000-0004,4.00,Cocoa
2025-01-15,12:04,card,ANON-0000-0000-0210,3.50,Americano with Milk
2025-01-15,12:42,cash,,3.10,Americano
2025-01-15,13:30,cash,,3.50,Cortado
2025-01-15,13:37,card,ANON-0000-0000-0263,3.50,Americano with Milk
2025-01-15,15:53,card,ANON-0000-0000-0361,4.00,Cappuccino
2025-01-15,19:03,card,ANON-0000-0000-0386,4.00,Latte
2025-01-15,20:07,card,ANON-0000-0000-0061,4.00,Cocoa
2025-01-16,08:31,card,ANON-0000-0000-0167,3.50,Americano with Milk
2025-01-16,08:50,card,ANON-0000-0000-0162,3.50,Americano with Milk
2025-01-16,09:29,card,ANON-0000-0000-0011,4.00,Hot Chocolate
2025-01-16,09:35,card,ANON-0000-0000-0519,2.50,Espresso
2025-01-16,09:42,card,ANON-0000-0000-0001,4.00,Cappuccino
2025-01-16,09:45,cash,,4.00,Cocoa
2025-01-16,10:19,card,ANON-0000-0000-0015,3.50,Americano with Milk
2025-01-16,10:38,card,ANON-0000-0000-0044,4.00,Cappuccino
2025-01-16,10:48,card,ANON-0000-0000-0168,4.00,Latte
2025-01-16,11:25,card,ANON-0000-0000-0580,4.00,Cappuccino
2025-01-16,12:08,cash,,4.00,Cappuccino
2025-01-16,12:21,card,ANON-0000-0000-0464,4.00,Latte
2025-01-16,12:30,card,ANON-0000-0000-0002,4.00,Cocoa
2025-01-16,13:15,cash,,4.00,Hot Chocolate
2025-01-16,13:55,card,ANON-0000-0000-0004,4.00,Latte
2025-01-16,15:10,card,ANON-0000-0000-0241,3.50,Cortado
2025-01-16,15:57,card,ANON-0000-0000-0007,3.50,Cortado
2025-01-16,16:10,card,ANON-0000-0000-0007,2.50,Espresso
2025-01-17,09:31,cash,,3.50,Cortado
2025-01-17,09:33,card,ANON-0000-0000-0012,4.00,Cocoa
2025-01-17,11:19,card,ANON-0000-0000-0131,3.50,Cortado
2025-01-17,12:30,card,ANON-0000-0000-0028,4.00,Cappuccino
2025-01-17,13:55,card,ANON-0000-0000-0091,3.50,Americano with Milk
2025-01-17,14:24,card,ANON-0000-0000-0008,4.00,Hot Chocolate
2025-01-17,15:44,card,ANON-0000-0000-0076,3.50,Americano with Milk
2025-01-17,18:32,card,ANON-0000-0000-0035,4.00,Latte
2025-01-18,08:48,card,ANON-0000-0000-0008,4.00,Hot Chocolate
2025-01-18,09:32,cash,,3.50,Cortado
2025-01-18,09:35,card,ANON-0000-0000-0089,4.00,Latte
2025-01-18,11:17,card,ANON-0000-0000-0308,2.50,Espresso
2025-01-18,12:02,card,ANON-0000-0000-0049,4.00,Cocoa
2025-01-18,17:08,card,ANON-0000-0000-0112,4.00,Latte
2025-01-18,18:41,card,ANON-0000-0000-0040,3.50,Cortado
2025-01-18,20:25,card,ANON-0000-0000-0369,4.00,Cappuccino
2025-01-19,07:09,card,ANON-0000-0000-0004,4.00,Latte
2025-01-19,08:28,cash,,3.10,Americano
2025-01-19,08:44,card,ANON-0000-0000-0002,4.00,Latte
2025-01-19,11:05,cash,,4.00,Latte
2025-01-19,11:55,card,ANON-0000-0000-0051,3.50,Americano with Milk
2025-01-19,12:31,card,ANON-0000-0000-0050,4.00,Hot Chocolate
2025-01-19,12:33,card,ANON-0000-0000-0037,4.00,Latte
2025-01-19,12:58,card,ANON-0000-0000-0002,4.00,Cappuccino
2025-01-19,14:41,cash,,3.50,Americano with Milk
2025-01-19,15:04,card,ANON-0000-0000-0017,4.00,Latte
2025-01-19,16:58,card,ANON-0000-0000-0026,4.00,Hot Chocolate
2025-01-19,17:21,card,ANON-0000-0000-0453,3.50,Americano with Milk
2025-01-20,07:25,cash,,3.10,Americano
2025-01-20,08:22,card,ANON-0000-0000-0038,3.50,Cortado
2025-01-20,08:43,card,ANON-0000-0000-0059,4.00,Cocoa
2025-01-20,09:22,card,ANON-0000-0000-0474,4.00,Cocoa
2025-01-20,09:28,card,ANON-0000-0000-0433,3.50,Cortado
2025-01-20,09:55,card,ANON-0000-0000-0144,3.50,Americano with Milk
2025-01-20,11:15,card,ANON-0000-0000-0029,3.50,Cortado
2025-01-20,11:45,card,ANON-0000-0000-0579,4.00,Latte
2025-01-20,12:03,card,ANON-0000-0000-0408,4.00,Cocoa
2025-01-20,12:59,card,ANON-0000-0000-0037,4.00,Latte
2025-01-20,14:30,card,ANON-0000-0000-0277,3.50,Americano with Milk
2025-01-20,14:49,card,ANON-0000-0000-0001,4.00,Cocoa
2025-01-20,16:00,card,ANON-0000-0000-0076,3.50,Cortado
2025-01-20,16:43,card,ANON-0000-0000-0456,3.50,Cortado
2025-01-20,20:04,card,ANON-0000-0000-0218,4.00,Latte
2025-01-20,20:08,card,ANON-0000-0000-0105,4.00,Cappuccino
2025-01-20,20:34,card,ANON-0000-0000-0008,3.50,Cortado
2025-01-20,20:45,card,ANON-0000-0000-0235,4.00,Cocoa
2025-01-21,07:08,card,ANON-0000-0000-0072,3.10,Americano
2025-01-21,08:50,card,ANON-0000-0000-0008,4.00,Cocoa
2025-01-21,09:13,cash,,4.00,Latte
2025-01-21,10:54,card,ANON-0000-0000-0358,3.10,Americano
2025-01-21,13:38,card,ANON-0000-0000-0035,4.00,Hot Chocolate
2025-01-21,14:17,card,ANON-0000-0000-0116,3.50,Cortado
2025-01-21,14:51,card,ANON-0000-0000-0141,3.50,Americano with Milk
2025-01-21,16:03,card,ANON-0000-0000-0073,4.00,Cocoa
2025-01-21,18:00,cash,,4.00,Hot Chocolate
2025-01-21,18:40,card,ANON-0000-0000-0095,4.00,Latte
2025-01-21,18:42,card,ANON-0000-0000-0079,4.00,Hot Chocolate
2025-01-21,19:40,card,ANON-0000-0000-0001,4.00,Latte
2025-01-21,19:41,card,ANON-0000-0000-0005,4.00,Latte
2025-01-21,21:12,card,ANON-0000-0000-0425,3.50,Cortado
2025-01-21,21:52,card,ANON-0000-0000-0011,3.10,Americano
2025-01-22,07:30,card,ANON-0000-0000-0007,4.00,Latte
2025-01-22,07:57,cash,,4.00,Latte
2025-01-22,08:11,card,ANON-0000-0000-0012,3.50,Cortado
2025-01-22,08:23,card,ANON-0000-0000-0001,4.00,Hot Chocolate
2025-01-22,08:27,card,ANON-0000-0000-0014,3.50,Americano with Milk
2025-01-22,08:51,card,ANON-0000-0000-0058,4.00,Cocoa
2025-01-22,09:04,card,ANON-0000-0000-0021,3.50,Cortado
2025-01-22,09:10,card,ANON-0000-0000-0016,4.00,Latte
2025-01-22,09:55,card,ANON-0000-0000-0060,3.50,Americano with Milk
2025-01-22,11:15,card,ANON-0000-0000-0010,4.00,Hot Chocolate
2025-01-22,12:43,card,ANON-0000-0000-0003,4.00,Cappuccino
2025-01-22,12:43,card,ANON-0000-0000-0169,4.00,Cocoa
2025-01-22,14:37,card,ANON-0000-0000-0024,3.50,Americano with Milk
2025-01-22,16:39,card,ANON-0000-0000-0081,4.00,Latte
2025-01-22,17:42,card,ANON-0000-0000-0070,3.50,Cortado
2025-01-22,18:14,card,ANON-0000-0000-0005,3.50,Americano with Milk
2025-01-22,18:50,card,ANON-0000-0000-0008,4.00,Cappuccino
2025-01-22,18:53,card,ANON-0000-0000-0556,3.50,Cortado
2025-01-22,19:15,card,ANON-0000-0000-0161,4.00,Hot Chocolate
2025-01-22,21:54,card,ANON-0000-0000-0060,4.00,Cocoa
2025-01-23,08:43,cash,,4.00,Latte
2025-01-23,09:08,card,ANON-0000-0000-0078,4.00,Latte
2025-01-23,09:21,card,ANON-0000-0000-0041,3.50,Americano with Milk
2025-01-23,10:50,card,ANON-0000-0000-0014,4.00,Latte
2025-01-23,10:57,cash,,4.00,Cappuccino
2025-01-23,12:13,card,ANON-0000-0000-0031,4.00,Latte
2025-01-23,12:52,card,ANON-0000-0000-0306,3.50,Cortado
2025-01-23,14:18,card,ANON-0000-0000-0059,4.00,Cocoa
2025-01-23,16:57,card,ANON-0000-0000-0023,4.00,Cocoa
2025-01-23,17:39,card,ANON-0000-0000-0071,3.50,Americano with Milk
2025-01-23,20:59,cash,,4.00,Latte
2025-01-23,21:50,card,ANON-0000-0000-0326,3.50,Americano with Milk
2025-01-24,07:49,card,ANON-0000-0000-0045,3.10,Americano
2025-01-24,08:06,card,ANON-0000-0000-0022,4.00,Latte
2025-01-24,08:18,card,ANON-0000-0000-0260,2.50,Espresso
2025-01-24,10:34,card,ANON-0000-0000-0003,4.00,Hot Chocolate
2025-01-24,11:03,card,ANON-0000-0000-0243,3.50,Cortado
2025-01-24,11:18,card,ANON-0000-0000-0403,4.00,Cocoa
2025-01-24,17:42,card,ANON-0000-0000-0001,3.50,Americano with Milk
2025-01-24,17:58,card,ANON-0000-0000-0001,3.50,Americano with Milk
2025-01-25,07:41,card,ANON-0000-0000-0017,4.00,Cappuccino
2025-01-25,09:11,card,ANON-0000-0000-0011,4.00,Latte
2025-01-25,09:52,card,ANON-0000-0000-0240,4.00,Cappuccino
2025-01-25,11:00,card,ANON-0000-0000-0013,3.50,Americano with Milk
2025-01-25,12:15,card,ANON-0000-0000-0182,4.00,Cappuccino
2025-01-25,12:42,card,ANON-0000-0000-0005,3.50,Americano with Milk
2025-01-25,13:41,card,ANON-0000-0000-0479,4.00,Latte
2025-01-25,15:32,cash,,4.00,Latte
2025-01-25,16:09,card,ANON-0000-0000-0002,4.00,Latte
2025-01-25,19:12,card,ANON-0000-0000-0026,4.00,Cappuccino
2025-01-26,08:10,card,ANON-0000-0000-0100,2.50,Espresso
2025-01-26,09:19,card,ANON-0000-0000-0196,4.00,Hot Chocolate
2025-01-26,09:26,card,ANON-0000-0000-0238,4.00,Cappuccino
2025-01-26,09:42,card,ANON-0000-0000-0017,4.00,Latte
2025-01-26,09:58,card,ANON-0000-0000-0207,4.00,Cocoa
2025-01-26,11:02,card,ANON-0000-0000-0031,3.50,Cortado
2025-01-26,12:10,cash,,4.00,Latte
2025-01-26,14:12,card,ANON-0000-0000-0003,3.50,Cortado
2025-01-26,15:16,card,ANON-0000-0000-0005,3.50,Cortado
2025-01-26,16:08,card,ANON-0000-0000-0197,3.50,Cortado
2025-01-26,16:35,card,ANON-0000-0000-0134,4.00,Hot Chocolate
2025-01-26,17:52,card,ANON-0000-0000-0024,2.50,Espresso
2025-01-27,07:02,card,ANON-0000-0000-0186,4.00,Cappuccino
2025-01-27,07:13,card,ANON-0000-0000-0114,4.00,Latte
2025-01-27,07:18,card,ANON-0000-0000-0006,4.00,Latte
2025-01-27,08:09,card,ANON-0000-0000-0002,3.10,Americano
2025-01-27,08:20,cash,,4.00,Hot Chocolate
2025-01-27,08:57,card,ANON-0000-0000-0001,3.50,Americano with Milk
2025-01-27,09:23,card,ANON-0000-0000-0025,4.00,Cocoa
2025-01-27,10:38,card,ANON-0000-0000-0001,4.00,Cocoa
2025-01-27,10:41,card,ANON-0000-0000-0001,4.00,Cappuccino
2025-01-27,12:49,card,ANON-0000-0000-0011,4.00,Hot Chocolate
2025-01-27,13:23,cash,,4.00,Latte
2025-01-27,14:15,card,ANON-0000-0000-0270,3.50,Americano with Milk
2025-01-27,14:40,card,ANON-0000-0000-0113,3.10,Americano
2025-01-27,21:25,card,ANON-0000-0000-0057,3.50,Americano with Milk
2025-01-28,07:51,card,ANON-0000-0000-0060,4.00,Cappuccino
2025-01-28,08:01,card,ANON-0000-0000-0225,3.50,Americano with Milk
2025-01-28,08:11,card,ANON-0000-0000-0084,3.10,Americano
2025-01-28,10:36,card,ANON-0000-0000-0009,3.10,Americano
2025-01-28,12:02,card,ANON-0000-0000-0122,3.10,Americano
2025-01-28,12:12,card,ANON-0000-0000-0024,4.00,Cocoa
2025-01-28,13:03,card,ANON-0000-0000-0261,4.00,Hot Chocolate
2025-01-28,13:09,card,ANON-0000-0000-0153,4.00,Hot Chocolate
2025-01-28,13:59,card,ANON-0000-0000-0021,4.00,Cocoa
2025-01-28,14:40,card,ANON-0000-0000-0041,4.00,Latte
2025-01-28,15:17,card,ANON-0000-0000-0467,4.00,Cappuccino
2025-01-28,15:58,card,ANON-0000-0000-0119,4.00,Hot Chocolate
2025-01-28,19:50,card,ANON-0000-0000-0183,3.50,Cortado
2025-01-28,19:51,card,ANON-0000-0000-0329,3.10,Americano
2025-01-28,19:54,card,ANON-0000-0000-0002,3.50,Americano with Milk
2025-01-29,07:45,card,ANON-0000-0000-0314,3.50,Americano with Milk
2025-01-29,08:13,card,ANON-0000-0000-0116,4.00,Cocoa
2025-01-29,08:24,card,ANON-0000-0000-0216,3.10,Americano
2025-01-29,08:45,card,ANON-0000-0000-0004,4.00,Latte
2025-01-29,10:04,card,ANON-0000-0000-0001,3.50,Americano with Milk
2025-01-29,10:16,card,ANON-0000-0000-0163,4.00,Cocoa
2025-01-29,10:44,card,ANON-0000-0000-0008,3.10,Americano
2025-01-29,13:30,card,ANON-0000-0000-0015,3.10,Americano
2025-01-29,13:58,card,ANON-0000-0000-0019,4.00,Latte
2025-01-29,14:34,card,ANON-0000-0000-0032,4.00,Cappuccino
2025-01-29,15:23,card,ANON-0000-0000-0279,3.10,Americano
2025-01-29,15:32,card,ANON-0000-0000-0101,2.50,Espresso
2025-01-29,15:34,card,ANON-0000-0000-0011,4.00,Cocoa
2025-01-29,15:57,card,ANON-0000-0000-0016,4.00,Cocoa
2025-01-29,16:59,card,ANON-0000-0000-0102,4.00,Latte
2025-01-29,18:18,card,ANON-0000-0000-0328,4.00,Latte
2025-01-29,19:24,card,ANON-0000-0000-0115,3.50,Cortado
2025-01-29,19:29,card,ANON-0000-0000-0195,3.50,Cortado
2025-01-30,08:36,card,ANON-0000-0000-0093,3.50,Americano with Milk
2025-01-30,09:00,card,ANON-0000-0000-0005,3.50,Americano with Milk
2025-01-30,09:05,card,ANON-0000-0000-0037,4.00,Cocoa
2025-01-30,10:37,card,ANON-0000-0000-0018,3.50,Cortado
2025-01-30,11:25,card,ANON-0000-0000-0066,3.50,Cortado
2025-01-30,12:09,cash,,3.10,Americano
2025-01-30,13:17,card,ANON-0000-0000-0005,3.10,Americano
2025-01-30,14:03,cash,,3.50,Americano with Milk
2025-01-30,14:13,card,ANON-0000-0000-0093,3.50,Americano with Milk
2025-01-30,15:24,card,ANON-0000-0000-0280,3.50,Americano with Milk
2025-01-30,16:09,card,ANON-0000-0000-0007,3.50,Americano with Milk
2025-01-30,19:02,card,ANON-0000-0000-0029,3.10,Americano
2025-01-30,21:23,card,ANON-0000-0000-0272,4.00,Latte
2025-01-31,07:46,card,ANON-0000-0000-0100,3.10,Americano
2025-01-31,08:11,card,ANON-0000-0000-0115,4.00,Hot Chocolate
2025-01-31,09:23,card,ANON-0000-0000-0001,4.00,Latte
2025-01-31,13:36,card,ANON-0000-0000-0125,3.50,Americano with Milk
2025-01-31,15:19,card,ANON-0000-0000-0359,4.00,Hot Chocolate
2025-01-31,16:17,card,ANON-0000-0000-0140,4.00,Latte
2025-01-31,16:41,card,ANON-0000-0000-0485,4.00,Latte
2025-01-31,17:07,card,ANON-0000-0000-0012,4.00,Hot Chocolate
2025-01-31,18:42,card,ANON-0000-0000-0076,3.50,Americano with Milk
2025-01-31,21:21,card,ANON-0000-0000-0519,4.00,Hot Chocolate
2025-02-01,07:16,card,ANON-0000-0000-0474,4.00,Cocoa
2025-02-01,09:14,card,ANON-0000-0000-0258,3.50,Americano with Milk
2025-02-01,10:40,card,ANON-0000-0000-0296,3.10,Americano
2025-02-01,12:22,card,ANON-0000-0000-0002,4.00,Cappuccino
2025-02-01,12:42,card,ANON-0000-0000-0004,4.00,Latte
2025-02-01,12:50,card,ANON-0000-0000-0169,3.50,Americano with Milk
2025-02-01,15:20,card,ANON-0000-0000-0005,4.00,Cappuccino
2025-02-01,15:38,card,ANON-0000-0000-0317,3.50,Cortado
2025-02-01,17:25,card,ANON-0000-0000-0170,4.00,Hot Chocolate
2025-02-02,07:24,card,ANON-0000-0000-0359,2.50,Espresso
2025-02-02,08:54,card,ANON-0000-0000-0380,4.00,Hot Chocolate
2025-02-02,09:51,card,ANON-0000-0000-0036,3.10,Americano
2025-02-02,10:26,card,ANON-0000-0000-0007,3.50,Americano with Milk
2025-02-02,11:34,card,ANON-0000-0000-0049,3.10,Americano
2025-02-02,15:26,card,ANON-0000-0000-0066,3.50,Cortado
2025-02-02,16:11,card,ANON-0000-0000-0153,4.00,Cocoa
2025-02-02,20:20,card,ANON-0000-0000-0037,4.00,Latte
2025-02-03,07:24,card,ANON-0000-0000-0002,4.00,Cocoa
2025-02-03,08:43,card,ANON-0000-0000-0219,4.00,Cocoa
2025-02-03,08:58,card,ANON-0000-0000-0108,4.00,Cocoa
2025-02-03,09:02,card,ANON-0000-0000-0002,3.50,Cortado
2025-02-03,09:09,card,ANON-0000-0000-0411,4.00,Latte
2025-02-03,10:41,card,ANON-0000-0000-0086,3.50,Americano with Milk
2025-02-03,11:17,card,ANON-0000-0000-0218,4.00,Cappuccino
2025-02-03,13:37,card,ANON-0000-0000-0421,4.00,Cocoa
2025-02-03,13:50,card,ANON-0000-0000-0088,4.00,Hot Chocolate
2025-02-03,20:00,card,ANON-0000-0000-0183,3.50,Americano with Milk
2025-02-04,08:26,card,ANON-0000-0000-0200,4.00,Cocoa
2025-02-04,09:18,card,ANON-0000-0000-0409,4.00,Latte
2025-02-04,09:31,card,ANON-0000-0000-0021,3.50,Americano with Milk
2025-02-04,11:54,card,ANON-0000-0000-0004,4.00,Latte
2025-02-04,11:56,card,ANON-0000-0000-0247,4.00,Cappuccino
2025-02-04,12:04,card,ANON-0000-0000-0002,4.00,Hot Chocolate
2025-02-04,12:28,card,ANON-0000-0000-0404,4.00,Hot Chocolate
2025-02-04,12:47,card,ANON-0000-0000-0093,3.10,Americano
2025-02-04,13:00,card,ANON-0000-0000-0179,4.00,Cappuccino
2025-02-04,13:41,card,ANON-0000-0000-0089,4.00,Latte
2025-02-04,14:20,card,ANON-0000-0000-0112,4.00,Hot Chocolate
2025-02-04,15:23,card,ANON-0000-0000-0033,3.10,Americano
2025-02-04,15:25,card,ANON-0000-0000-0156,4.00,Latte
2025-02-04,16:04,card,ANON-0000-0000-0106,4.00,Cocoa
2025-02-04,17:03,card,ANON-0000-0000-0027,4.00,Cocoa
2025-02-04,17:07,card,ANON-0000-0000-0254,3.50,Americano with Milk
2025-02-04,18:25,card,ANON-0000-0000-0001,4.00,Cappuccino
2025-02-05,08:01,card,ANON-0000-0000-0157,4.00,Latte
2025-02-05,08:40,cash,,4.00,Hot Chocolate
2025-02-05,08:55,card,ANON-0000-0000-0231,4.00,Latte
2025-02-05,09:26,card,ANON-0000-0000-0004,4.00,Hot Chocolate
2025-02-05,09:58,card,ANON-0000-0000-0020,3.50,Cortado
2025-02-05,10:11,card,ANON-0000-0000-0067,3.50,Americano with Milk
2025-02-05,10:47,card,ANON-0000-0000-0005,4.00,Latte
2025-02-05,10:51,cash,,3.50,Americano with Milk
2025-02-05,11:40,card,ANON-0000-0000-0035,4.00,Cocoa
2025-02-05,12:06,card,ANON-0000-0000-0004,4.00,Latte
2025-02-05,16:26,card,ANON-0000-0000-0536,4.00,Latte
2025-02-05,16:54,card,ANON-0000-0000-0220,3.10,Americano
2025-02-05,17:43,card,ANON-0000-0000-0001,4.00,Latte
2025-02-05,18:43,card,ANON-0000-0000-0245,3.50,Americano with Milk
2025-02-05,21:04,card,ANON-0000-0000-0051,4.00,Latte
2025-02-06,08:00,cash,,4.00,Latte
2025-02-06,08:01,card,ANON-0000-0000-0001,4.00,Cappuccino
2025-02-06,08:20,card,ANON-0000-0000-0012,4.00,Cappuccino
2025-02-06,08:25,card,ANON-0000-0000-0080,3.10,Americano
2025-02-06,08:28,card,ANON-0000-0000-0232,3.50,Americano with Milk
2025-02-06,09:26,card,ANON-0000-0000-0093,3.10,Americano
2025-02-06,14:34,card,ANON-0000-0000-0441,4.00,Cappuccino
2025-02-06,15:15,cash,,4.00,Hot Chocolate
2025-02-06,18:05,card,ANON-0000-0000-0152,4.00,Cappuccino
2025-02-07,08:49,card,ANON-0000-0000-0001,3.50,Americano with Milk
2025-02-07,09:02,card,ANON-0000-0000-0038,3.50,Americano with Milk
2025-02-07,09:22,card,ANON-0000-0000-0387,4.00,Cappuccino
2025-02-07,09:49,card,ANON-0000-0000-0586,4.00,Latte
2025-02-07,09:49,card,ANON-0000-0000-0224,4.00,Latte
2025-02-07,10:34,card,ANON-0000-0000-0075,4.00,Latte
2025-02-07,12:19,card,ANON-0000-0000-0025,3.50,Americano with Milk
2025-02-07,12:20,card,ANON-0000-0000-0004,4.00,Latte
2025-02-07,12:23,card,ANON-0000-0000-0055,4.00,Latte
2025-02-07,12:59,card,ANON-0000-0000-0465,3.50,Americano with Milk
2025-02-07,14:00,card,ANON-0000-0000-0166,3.10,Americano
2025-02-07,14:45,card,ANON-0000-0000-0482,4.00,Cappuccino
2025-02-07,17:42,card,ANON-0000-0000-0594,4.00,Hot Chocolate
2025-02-07,18:39,card,ANON-0000-0000-0061,3.50,Americano with Milk
2025-02-08,08:16,card,ANON-0000-0000-0012,4.00,Cappuccino
2025-02-08,09:03,card,ANON-0000-0000-0164,3.50,Americano with Milk
2025-02-08,10:59,card,ANON-0000-0000-0001,4.00,Latte
2025-02-08,11:53,card,ANON-0000-0000-0003,3.10,Americano
2025-02-08,12:00,card,ANON-0000-0000-0032,3.10,Americano
2025-02-08,12:24,card,ANON-0000-0000-0317,3.50,Cortado
2025-02-08,12:29,cash,,4.00,Latte
2025-02-08,13:46,card,ANON-0000-0000-0003,4.00,Latte
2025-02-08,15:04,card,ANON-0000-0000-0010,4.00,Hot Chocolate
2025-02-08,17:01,card,ANON-0000-0000-0311,3.10,Americano
2025-02-09,08:10,card,ANON-0000-0000-0221,4.00,Latte
2025-02-09,08:37,cash,,4.00,Latte
2025-02-09,08:42,card,ANON-0000-0000-0028,4.00,Hot Chocolate
2025-02-09,08:46,card,ANON-0000-0000-0422,4.00,Latte
2025-02-09,09:19,card,ANON-0000-0000-0065,4.00,Hot Chocolate
2025-02-09,10:47,card,ANON-0000-0000-0014,3.50,Americano with Milk
2025-02-09,12:34,card,ANON-0000-0000-0554,3.50,Americano with Milk
2025-02-09,12:50,card,ANON-0000-0000-0009,4.00,Cappuccino
2025-02-09,14:29,cash,,3.50,Americano with Milk
2025-02-09,15:06,card,ANON-0000-0000-0015,4.00,Latte
2025-02-09,16:28,cash,,3.50,Americano with Milk
2025-02-09,16:30,card,ANON-0000-0000-0056,4.00,Cappuccino
2025-02-09,17:41,card,ANON-0000-0000-0117,3.50,Americano with Milk
2025-02-09,18:50,card,ANON-0000-0000-0288,3.10,Americano
2025-02-09,21:06,card,ANON-0000-0000-0001,4.00,Latte
2025-02-10,07:07,card,ANON-0000-0000-0348,3.10,Americano
2025-02-10,07:24,card,ANON-0000-0000-0012,3.50,Cortado
2025-02-10,07:38,card,ANON-0000-0000-0001,2.50,Espresso
2025-02-10,08:42,card,ANON-0000-0000-0010,4.00,Cocoa
2025-02-10,09:56,card,ANON-0000-0000-0049,3.10,Americano
2025-02-10,10:14,card,ANON-0000-0000-0158,4.00,Latte
2025-02-10,10:44,card,ANON-0000-0000-0003,3.50,Americano with Milk
2025-02-10,10:50,card,ANON-0000-0000-0004,3.50,Americano with Milk
2025-02-10,10:53,card,ANON-0000-0000-0333,3.50,Cortado
2025-02-10,13:13,card,ANON-0000-0000-0377,4.00,Cappuccino
2025-02-10,13:42,card,ANON-0000-0000-0097,3.50,Americano with Milk
2025-02-10,14:37,card,ANON-0000-0000-0001,4.00,Cappuccino
2025-02-10,15:34,card,ANON-0000-0000-0443,4.00,Cocoa
2025-02-10,15:35,card,ANON-0000-0000-0075,3.50,Americano with Milk
2025-02-10,16:03,card,ANON-0000-0000-0012,4.00,Cappuccino
2025-02-10,16:46,card,ANON-0000-0000-0030,4.00,Cappuccino
2025-02-10,18:35,card,ANON-0000-0000-0183,4.00,Latte
2025-02-10,20:17,card,ANON-0000-0000-0424,3.50,Americano with Milk
2025-02-10,21:34,cash,,4.00,Cappuccino
2025-02-11,08:28,card,ANON-0000-0000-0178,4.00,Latte
2025-02-11,08:36,card,ANON-0000-0000-0038,2.50,Espresso
2025-02-11,08:45,card,ANON-0000-0000-0008,4.00,Latte
2025-02-11,11:14,card,ANON-0000-0000-0278,4.00,Cocoa
2025-02-11,12:26,card,ANON-0000-0000-0001,4.00,Latte
2025-02-11,14:01,card,ANON-0000-0000-0352,3.50,Cortado
2025-02-11,14:41,card,ANON-0000-0000-0281,3.50,Americano with Milk
2025-02-11,15:43,card,ANON-0000-0000-0128,4.00,Cocoa
2025-02-11,16:18,cash,,2.50,Espresso
2025-02-11,17:39,card,ANON-0000-0000-0248,4.00,Cocoa
2025-02-12,08:03,card,ANON-0000-0000-0063,4.00,Hot Chocolate
2025-02-12,09:29,card,ANON-0000-0000-0038,2.50,Espresso
2025-02-12,09:57,cash,,4.00,Cappuccino
2025-02-12,11:56,card,ANON-0000-0000-0500,4.00,Latte
2025-02-12,14:15,card,ANON-0000-0000-0339,3.10,Americano
2025-02-12,14:38,card,ANON-0000-0000-0019,3.50,Americano with Milk
2025-02-12,14:45,card,ANON-0000-0000-0003,4.00,Latte
2025-02-12,15:02,card,ANON-0000-0000-0429,3.50,Cortado
2025-02-12,16:35,card,ANON-0000-0000-0280,4.00,Cappuccino
2025-02-12,18:23,card,ANON-0000-0000-0010,4.00,Latte
2025-02-12,18:36,card,ANON-0000-0000-0014,3.50,Americano with Milk
2025-02-12,18:56,card,ANON-0000-0000-0049,3.50,Americano with Milk
2025-02-12,20:34,card,ANON-0000-0000-0269,3.50,Cortado
2025-02-12,20:46,card,ANON-0000-0000-0353,4.00,Cappuccino
2025-02-13,07:52,cash,,4.00,Latte
2025-02-13,09:07,card,ANON-0000-0000-0344,4.00,Cocoa
2025-02-13,10:01,card,ANON-0000-0000-0345,4.00,Cocoa
2025-02-13,10:12,card,ANON-0000-0000-0002,3.50,Americano with Milk
2025-02-13,13:09,card,ANON-0000-0000-0057,3.10,Americano
2025-02-13,14:21,card,ANON-0000-0000-0038,3.50,Americano with Milk
2025-02-13,14:29,card,ANON-0000-0000-0589,3.50,Cortado
2025-02-13,14:32,card,ANON-0000-0000-0002,4.00,Hot Chocolate
2025-02-13,16:55,cash,,4.00,Cappuccino
2025-02-13,17:51,card,ANON-0000-0000-0240,4.00,Cappuccino
2025-02-13,18:20,card,ANON-0000-0000-0048,3.50,Americano with Milk
2025-02-13,19:54,card,ANON-0000-0000-0164,4.00,Hot Chocolate
2025-02-13,21:54,card,ANON-0000-0000-0008,4.00,Cocoa
2025-02-14,08:39,card,ANON-0000-0000-0173,4.00,Cappuccino
2025-02-14,08:39,card,ANON-0000-0000-0338,4.00,Hot Chocolate
2025-02-14,10:38,card,ANON-0000-0000-0278,4.00,Latte
2025-02-14,10:54,cash,,3.50,Americano with Milk
2025-02-14,11:33,cash,,4.00,Latte
2025-02-14,12:04,card,ANON-0000-0000-0476,3.50,Cortado
2025-02-14,15:03,card,ANON-0000-0000-0235,4.00,Cocoa
2025-02-14,15:50,card,ANON-0000-0000-0005,4.00,Cocoa
2025-02-14,17:52,card,ANON-0000-0000-0011,3.50,Americano with Milk
2025-02-14,19:13,card,ANON-0000-0000-0113,4.00,Latte
2025-02-14,20:07,card,ANON-0000-0000-0188,3.50,Americano with Milk
2025-02-15,08:12,card,ANON-0000-0000-0116,4.00,Latte
2025-02-15,08:13,card,ANON-0000-0000-0013,4.00,Cappuccino
2025-02-15,12:10,card,ANON-0000-0000-0002,2.50,Espresso
2025-02-15,13:10,cash,,3.10,Americano
2025-02-15,13:27,card,ANON-0000-0000-0007,3.10,Americano
2025-02-15,13:35,cash,,4.00,Hot Chocolate
2025-02-15,16:26,cash,,2.50,Espresso
2025-02-15,18:34,card,ANON-0000-0000-0097,4.00,Hot Chocolate
2025-02-16,07:19,cash,,3.50,Cortado
2025-02-16,09:14,card,ANON-0000-0000-0032,4.00,Cappuccino
2025-02-16,10:34,card,ANON-0000-0000-0378,4.00,Cocoa
2025-02-16,11:00,cash,,4.00,Cappuccino
2025-02-16,13:49,card,ANON-0000-0000-0009,3.10,Americano
2025-02-16,18:33,card,ANON-0000-0000-0175,4.00,Cappuccino
2025-02-16,21:27,card,ANON-0000-0000-0012,4.00,Cocoa
2025-02-17,07:12,card,ANON-0000-0000-0093,3.50,Americano with Milk
2025-02-17,08:22,card,ANON-0000-0000-0112,3.50,Cortado
2025-02-17,08:51,card,ANON-0000-0000-0107,4.00,Hot Chocolate
2025-02-17,09:14,card,ANON-0000-0000-0049,4.00,Latte
2025-02-17,10:17,cash,,3.50,Americano with Milk
2025-02-17,12:03,card,ANON-0000-0000-0001,4.00,Latte
2025-02-17,15:21,card,ANON-0000-0000-0040,3.10,Americano
2025-02-17,15:25,card,ANON-0000-0000-0007,4.00,Cocoa
2025-02-17,15:46,card,ANON-0000-0000-0013,2.50,Espresso
2025-02-17,16:09,cash,,3.10,Americano
2025-02-17,16:15,card,ANON-0000-0000-0085,4.00,Latte
2025-02-17,17:09,card,ANON-0000-0000-0003,3.50,Americano with Milk
2025-02-17,17:14,card,ANON-0000-0000-0004,4.00,Latte
2025-02-17,19:41,card,ANON-0000-0000-0004,3.50,Cortado
2025-02-17,21:26,card,ANON-0000-0000-0033,4.00,Cappuccino
2025-02-18,07:09,card,ANON-0000-0000-0216,3.50,Americano with Milk
2025-02-18,08:15,card,ANON-0000-0000-0125,4.00,Cappuccino
2025-02-18,08:21,card,ANON-0000-0000-0001,4.00,Cappuccino
2025-02-18,09:00,cash,,3.50,Americano with Milk
2025-02-18,09:31,card,ANON-0000-0000-0024,4.00,Cocoa
2025-02-18,10:15,card,ANON-0000-0000-0232,4.00,Latte
2025-02-18,11:14,card,ANON-0000-0000-0003,4.00,Latte
2025-02-18,14:17,card,ANON-0000-0000-0010,3.50,Americano with Milk
2025-02-18,14:27,card,ANON-0000-0000-0201,4.00,Hot Chocolate
2025-02-18,14:36,card,ANON-0000-0000-0033,3.50,Americano with Milk
2025-02-18,15:07,card,ANON-0000-0000-0167,2.50,Espresso
2025-02-18,15:10,card,ANON-0000-0000-0411,3.50,Cortado
2025-02-18,15:50,cash,,4.00,Cocoa
2025-02-18,16:02,card,ANON-0000-0000-0125,4.00,Hot Chocolate
2025-02-18,17:38,card,ANON-0000-0000-0076,4.00,Latte
2025-02-19,07:17,card,ANON-0000-0000-0301,3.50,Americano with Milk
2025-02-19,07:23,card,ANON-0000-0000-0239,3.10,Americano
2025-02-19,08:25,card,ANON-0000-0000-0448,4.00,Cocoa
2025-02-19,08:45,card,ANON-0000-0000-0013,4.00,Latte
2025-02-19,09:50,card,ANON-0000-0000-0484,4.00,Latte
2025-02-19,10:05,card,ANON-0000-0000-0006,4.00,Hot Chocolate
2025-02-19,10:15,cash,,3.50,Americano with Milk
2025-02-19,10:56,card,ANON-0000-0000-0013,4.00,Latte
2025-02-19,11:17,card,ANON-0000-0000-0002,3.50,Cortado
2025-02-19,12:42,card,ANON-0000-0000-0004,3.10,Americano
2025-02-19,14:04,card,ANON-0000-0000-0001,4.00,Hot Chocolate
2025-02-19,16:10,card,ANON-0000-0000-0026,4.00,Cappuccino
2025-02-19,18:25,card,ANON-0000-0000-0118,3.10,Americano
2025-02-19,18:26,card,ANON-0000-0000-0168,3.50,Cortado
2025-02-20,09:13,card,ANON-0000-0000-0001,4.00,Hot Chocolate
2025-02-20,10:31,cash,,4.00,Hot Chocolate
2025-02-20,10:50,card,ANON-0000-0000-0015,4.00,Latte
2025-02-20,12:21,card,ANON-0000-0000-0126,3.50,Americano with Milk
2025-02-20,12:41,cash,,4.00,Latte
2025-02-20,14:01,card,ANON-0000-0000-0002,4.00,Latte
2025-02-20,14:06,card,ANON-0000-0000-0247,4.00,Latte
2025-02-20,16:57,card,ANON-0000-0000-0122,4.00,Hot Chocolate
2025-02-20,17:08,card,ANON-0000-0000-0500,3.50,Cortado
2025-02-20,19:45,card,ANON-0000-0000-0003,3.50,Americano with Milk
2025-02-20,20:58,card,ANON-0000-0000-0009,4.00,Latte
2025-02-20,21:38,card,ANON-0000-0000-0052,3.50,Americano with Milk
2025-02-21,08:03,cash,,4.00,Latte
2025-02-21,10:36,card,ANON-0000-0000-0079,4.00,Cocoa
2025-02-21,10:56,card,ANON-0000-0000-0112,3.50,Americano with Milk
2025-02-21,12:19,card,ANON-0000-0000-0002,3.10,Americano
2025-02-21,13:36,card,ANON-0000-0000-0532,3.50,Americano with Milk
2025-02-21,14:31,card,ANON-0000-0000-0110,4.00,Cappuccino
2025-02-21,15:18,card,ANON-0000-0000-0003,3.50,Cortado
2025-02-21,15:41,card,ANON-0000-0000-0561,4.00,Hot Chocolate
2025-02-21,16:17,cash,,4.00,Cocoa
2025-02-21,17:23,card,ANON-0000-0000-0184,3.50,Americano with Milk
2025-02-21,17:59,card,ANON-0000-0000-0064,3.50,Americano with Milk
2025-02-22,08:59,card,ANON-0000-0000-0022,4.00,Hot Chocolate
2025-02-22,10:27,card,ANON-0000-0000-0174,4.00,Latte
2025-02-22,12:31,cash,,3.50,Americano with Milk
2025-02-22,13:57,card,ANON-0000-0000-0019,4.00,Cocoa
2025-02-22,14:57,card,ANON-0000-0000-0219,3.50,Americano with Milk
2025-02-22,15:05,card,ANON-0000-0000-0004,2.50,Espresso
2025-02-22,17:06,cash,,4.00,Cocoa
2025-02-22,19:43,card,ANON-0000-0000-0017,3.50,Americano with Milk
2025-02-23,07:04,card,ANON-0000-0000-0023,4.00,Hot Chocolate
2025-02-23,08:13,card,ANON-0000-0000-0002,3.50,Cortado
2025-02-23,09:26,card,ANON-0000-0000-0103,4.00,Hot Chocolate
2025-02-23,11:31,card,ANON-0000-0000-0003,2.50,Espresso
2025-02-23,12:38,card,ANON-0000-0000-0003,2.50,Espresso
2025-02-23,13:26,card,ANON-0000-0000-0313,3.50,Americano with Milk
2025-02-23,15:35,card,ANON-0000-0000-0373,4.00,Cappuccino
2025-02-23,16:47,card,ANON-0000-0000-0512,4.00,Latte
2025-02-23,17:03,card,ANON-0000-0000-0018,3.50,Americano with Milk
2025-02-23,17:28,card,ANON-0000-0000-0022,4.00,Cappuccino
2025-02-23,18:04,card,ANON-0000-0000-0030,3.50,Cortado
2025-02-23,21:11,card,ANON-0000-0000-0002,4.00,Latte
2025-02-24,07:08,card,ANON-0000-0000-0535,4.00,Cappuccino
2025-02-24,08:31,cash,,4.00,Cappuccino
2025-02-24,10:51,card,ANON-0000-0000-0120,2.50,Espresso
2025-02-24,14:38,card,ANON-0000-0000-0151,4.00,Cappuccino
2025-02-24,15:00,card,ANON-0000-0000-0019,4.00,Cocoa
2025-02-24,17:49,card,ANON-0000-0000-0080,4.00,Latte
2025-02-24,17:59,card,ANON-0000-0000-0008,4.00,Latte
2025-02-24,18:02,card,ANON-0000-0000-0004,3.10,Americano
2025-02-24,21:42,card,ANON-0000-0000-0031,3.50,Americano with Milk
2025-02-25,07:41,card,ANON-0000-0000-0446,3.10,Americano
2025-02-25,08:00,card,ANON-0000-0000-0030,3.10,Americano
2025-02-25,08:34,card,ANON-0000-0000-0003,4.00,Latte
2025-02-25,08:54,card,ANON-0000-0000-0190,4.00,Cocoa
2025-02-25,09:53,card,ANON-0000-0000-0049,3.50,Cortado
2025-02-25,10:22,card,ANON-0000-0000-0302,4.00,Latte
2025-02-25,10:50,card,ANON-0000-0000-0018,3.50,Americano with Milk
2025-02-25,10:54,card,ANON-0000-0000-0324,3.50,Americano with Milk
2025-02-25,12:02,card,ANON-0000-0000-0033,3.50,Cortado
2025-02-25,12:37,card,ANON-0000-0000-0001,3.50,Cortado
2025-02-25,13:41,card,ANON-0000-0000-0001,3.10,Americano
2025-02-25,15:18,card,ANON-0000-0000-0024,2.50,Espresso
2025-02-25,15:22,card,ANON-0000-0000-0218,4.00,Latte
2025-02-25,17:53,card,ANON-0000-0000-0346,4.00,Hot Chocolate
2025-02-25,19:24,card,ANON-0000-0000-0355,4.00,Cappuccino
2025-02-25,21:21,card,ANON-0000-0000-0223,4.00,Cocoa
2025-02-26,07:20,card,ANON-0000-0000-0001,3.10,Americano
2025-02-26,09:44,card,ANON-0000-0000-0435,4.00,Cappuccino
2025-02-26,10:08,cash,,4.00,Cappuccino
2025-02-26,10:20,card,ANON-0000-0000-0372,4.00,Cappuccino
2025-02-26,11:52,cash,,4.00,Latte
2025-02-26,13:21,card,ANON-0000-0000-0215,4.00,Latte
2025-02-26,13:47,card,ANON-0000-0000-0001,4.00,Cappuccino
2025-02-26,14:35,card,ANON-0000-0000-0297,4.00,Latte
2025-02-26,15:15,card,ANON-0000-0000-0027,3.50,Cortado
2025-02-26,15:47,card,ANON-0000-0000-0573,3.50,Americano with Milk
2025-02-26,17:06,cash,,3.10,Americano
2025-02-26,19:54,card,ANON-0000-0000-0237,4.00,Latte
2025-02-26,20:44,card,ANON-0000-0000-0185,4.00,Latte
2025-02-27,08:05,card,ANON-0000-0000-0029,3.10,Americano
2025-02-27,08:08,card,ANON-0000-0000-0172,4.00,Latte
2025-02-27,08:10,card,ANON-0000-0000-0178,4.00,Latte
2025-02-27,09:52,card,ANON-0000-0000-0002,4.00,Cocoa
2025-02-27,09:55,card,ANON-0000-0000-0482,3.10,Americano
2025-02-27,11:36,card,ANON-0000-0000-0009,3.10,Americano
2025-02-27,11:49,card,ANON-0000-0000-0258,2.50,Espresso
2025-02-27,12:28,card,ANON-0000-0000-0600,4.00,Latte
2025-02-27,14:03,card,ANON-0000-0000-0001,4.00,Latte
2025-02-27,14:04,card,ANON-0000-0000-0117,4.00,Cappuccino
2025-02-27,14:18,card,ANON-0000-0000-0056,3.10,Americano
2025-02-27,14:32,card,ANON-0000-0000-0026,3.50,Americano with Milk
2025-02-27,15:16,card,ANON-0000-0000-0505,3.50,Americano with Milk
2025-02-27,17:12,card,ANON-0000-0000-0293,4.00,Latte
2025-02-27,17:40,card,ANON-0000-0000-0003,4.00,Cocoa
2025-02-27,18:50,card,ANON-0000-0000-0454,4.00,Hot Chocolate
2025-02-27,21:25,card,ANON-0000-0000-0014,3.50,Americano with Milk
2025-02-28,07:46,card,ANON-0000-0000-0286,3.50,Americano with Milk
2025-02-28,08:31,card,ANON-0000-0000-0527,3.50,Cortado
2025-02-28,09:35,card,ANON-0000-0000-0012,3.10,Americano
2025-02-28,09:36,card,ANON-0000-0000-0005,4.00,Hot Chocolate
2025-02-28,09:36,card,ANON-0000-0000-0031,4.00,Latte
2025-02-28,09:46,card,ANON-0000-0000-0001,3.50,Cortado
2025-02-28,10:55,card,ANON-0000-0000-0416,3.10,Americano
2025-02-28,11:20,card,ANON-0000-0000-0012,4.00,Cappuccino
2025-02-28,12:06,card,ANON-0000-0000-0001,3.10,Americano
2025-02-28,12:26,cash,,3.50,Americano with Milk
2025-02-28,13:10,card,ANON-0000-0000-0003,4.00,Latte
2025-02-28,18:49,card,ANON-0000-0000-0298,3.10,Americano
2025-02-28,19:52,card,ANON-0000-0000-0536,4.00,Hot Chocolate
2025-02-28,19:54,card,ANON-0000-0000-0005,4.00,Latte
2025-03-01,07:59,card,ANON-0000-0000-0265,3.50,Americano with Milk
2025-03-01,08:33,card,ANON-0000-0000-0059,4.00,Cappuccino
2025-03-01,08:33,card,ANON-0000-0000-0371,3.50,Cortado
2025-03-01,10:40,card,ANON-0000-0000-0338,4.00,Cocoa
2025-03-01,12:00,cash,,4.00,Latte
2025-03-01,12:06,card,ANON-0000-0000-0008,4.00,Latte
2025-03-01,13:12,card,ANON-0000-0000-0001,4.00,Latte
2025-03-01,17:58,cash,,4.00,Latte
2025-03-01,18:37,card,ANON-0000-0000-0241,3.50,Americano with Milk
2025-03-01,19:56,cash,,2.50,Espresso
2025-03-01,20:36,card,ANON-0000-0000-0130,3.50,Americano with Milk
2025-03-02,08:46,card,ANON-0000-0000-0005,4.00,Cocoa
2025-03-02,08:51,card,ANON-0000-0000-0023,4.00,Latte
2025-03-02,09:07,cash,,4.00,Latte
2025-03-02,09:41,cash,,4.00,Latte
2025-03-02,09:51,card,ANON-0000-0000-0487,3.50,Cortado
2025-03-02,10:14,cash,,4.00,Latte
2025-03-02,10:33,card,ANON-0000-0000-0091,3.10,Americano
2025-03-02,11:05,card,ANON-0000-0000-0025,4.00,Cappuccino
2025-03-02,12:06,card,ANON-0000-0000-0088,3.50,Americano with Milk
2025-03-02,17:45,card,ANON-0000-0000-0086,4.00,Latte
2025-03-02,17:54,card,ANON-0000-0000-0546,3.10,Americano
2025-03-03,07:51,card,ANON-0000-0000-0022,4.00,Cappuccino
2025-03-03,08:09,card,ANON-0000-0000-0003,4.00,Cocoa
2025-03-03,08:11,card,ANON-0000-0000-0303,3.50,Cortado
2025-03-03,08:57,card,ANON-0000-0000-0478,3.50,Americano with Milk
2025-03-03,09:27,card,ANON-0000-0000-0071,4.00,Hot Chocolate
2025-03-03,09:51,card,ANON-0000-0000-0301,4.00,Latte
2025-03-03,09:55,card,ANON-0000-0000-0251,4.00,Cappuccino
2025-03-03,10:43,card,ANON-0000-0000-0050,4.00,Cappuccino
2025-03-03,12:45,card,ANON-0000-0000-0054,4.00,Cappuccino
2025-03-03,14:09,card,ANON-0000-0000-0001,2.50,Espresso
2025-03-03,15:54,card,ANON-0000-0000-0576,4.00,Cappuccino
2025-03-03,16:33,card,ANON-0000-0000-0132,3.50,Cortado
2025-03-03,16:57,cash,,3.50,Americano with Milk
2025-03-03,17:41,card,ANON-0000-0000-0002,3.50,Cortado
2025-03-03,17:53,card,ANON-0000-0000-0139,4.00,Cappuccino
2025-03-03,18:17,card,ANON-0000-0000-0018,3.50,Americano with Milk
2025-03-03,20:17,card,ANON-0000-0000-0579,2.50,Espresso
2025-03-03,21:34,card,ANON-0000-0000-0095,4.00,Latte
2025-03-04,08:01,card,ANON-0000-0000-0008,4.00,Cappuccino
2025-03-04,08:22,cash,,4.00,Latte
2025-03-04,08:25,card,ANON-0000-0000-0470,4.00,Cappuccino
2025-03-04,08:42,card,ANON-0000-0000-0019,4.00,Cocoa
2025-03-04,08:52,cash,,4.00,Cappuccino
2025-03-04,08:58,cash,,3.50,Cortado
2025-03-04,10:35,card,ANON-0000-0000-0364,4.00,Cocoa
2025-03-04,12:02,card,ANON-0000-0000-0012,4.00,Latte
2025-03-04,15:06,card,ANON-0000-0000-0056,4.00,Latte
2025-03-05,07:54,cash,,4.00,Cocoa
2025-03-05,08:39,card,ANON-0000-0000-0443,4.00,Latte
2025-03-05,10:08,card,ANON-0000-0000-0016,4.00,Hot Chocolate
2025-03-05,12:07,card,ANON-0000-0000-0043,4.00,Hot Chocolate
2025-03-05,12:10,card,ANON-0000-0000-0026,4.00,Latte
2025-03-05,14:21,card,ANON-0000-0000-0149,3.10,Americano
2025-03-05,14:21,card,ANON-0000-0000-0018,3.10,Americano
2025-03-05,15:19,card,ANON-0000-0000-0017,4.00,Cappuccino
2025-03-05,16:43,card,ANON-0000-0000-0581,4.00,Latte
2025-03-05,20:17,card,ANON-0000-0000-0326,4.00,Cappuccino
2025-03-05,20:41,card,ANON-0000-0000-0525,3.10,Americano
2025-03-06,07:57,cash,,4.00,Latte
2025-03-06,08:12,card,ANON-0000-0000-0295,4.00,Hot Chocolate
2025-03-06,10:17,card,ANON-0000-0000-0011,4.00,Latte
2025-03-06,10:31,card,ANON-0000-0000-0569,4.00,Cocoa
2025-03-06,12:11,card,ANON-0000-0000-0001,4.00,Cappuccino
2025-03-06,12:52,card,ANON-0000-0000-0013,4.00,Latte
2025-03-06,13:52,card,ANON-0000-0000-0024,4.00,Latte
2025-03-06,13:52,card,ANON-0000-0000-0049,4.00,Cocoa
2025-03-06,14:37,card,ANON-0000-0000-0033,4.00,Cocoa
2025-03-06,15:19,card,ANON-0000-0000-0071,3.50,Cortado
2025-03-06,16:09,cash,,4.00,Latte
2025-03-06,16:56,card,ANON-0000-0000-0263,4.00,Cappuccino
2025-03-06,19:08,card,ANON-0000-0000-0130,3.50,Cortado
2025-03-06,21:03,card,ANON-0000-0000-0046,4.00,Hot Chocolate
2025-03-07,08:14,card,ANON-0000-0000-0028,4.00,Cocoa
2025-03-07,08:36,card,ANON-0000-0000-0389,4.00,Hot Chocolate
2025-03-07,08:37,card,ANON-0000-0000-0151,3.10,Americano
2025-03-07,09:02,card,ANON-0000-0000-0554,3.50,Americano with Milk
2025-03-07,09:24,card,ANON-0000-0000-0219,3.10,Americano
2025-03-07,10:36,card,ANON-0000-0000-0060,3.10,Americano
2025-03-07,11:57,card,ANON-0000-0000-0047,4.00,Cappuccino
2025-03-07,12:58,cash,,3.10,Americano
2025-03-07,15:19,card,ANON-0000-0000-0002,3.10,Americano
2025-03-07,16:31,card,ANON-0000-0000-0111,3.50,Americano with Milk
2025-03-07,16:40,cash,,4.00,Hot Chocolate
2025-03-07,21:30,card,ANON-0000-0000-0018,4.00,Hot Chocolate
2025-03-07,21:51,card,ANON-0000-0000-0084,4.00,Cocoa
2025-03-08,07:04,card,ANON-0000-0000-0260,4.00,Cappuccino
2025-03-08,09:29,card,ANON-0000-0000-0041,4.00,Cappuccino
2025-03-08,09:35,cash,,3.10,Americano
2025-03-08,14:48,card,ANON-0000-0000-0002,4.00,Latte
2025-03-08,15:39,card,ANON-0000-0000-0395,4.00,Latte
2025-03-08,19:59,card,ANON-0000-0000-0504,4.00,Latte
2025-03-08,20:19,card,ANON-0000-0000-0182,4.00,Hot Chocolate
2025-03-08,21:53,card,ANON-0000-0000-0055,4.00,Cocoa
2025-03-09,07:19,card,ANON-0000-0000-0139,3.50,Americano with Milk
2025-03-09,09:24,cash,,4.00,Cocoa
2025-03-09,10:47,card,ANON-0000-0000-0178,3.10,Americano
2025-03-09,12:55,card,ANON-0000-0000-0001,2.50,Espresso
2025-03-09,14:37,card,ANON-0000-0000-0015,3.50,Americano with Milk
2025-03-09,15:03,card,ANON-0000-0000-0263,3.50,Americano with Milk
2025-03-09,15:08,card,ANON-0000-0000-0048,3.10,Americano
2025-03-09,17:43,card,ANON-0000-0000-0007,3.10,Americano
2025-03-10,07:31,card,ANON-0000-0000-0257,3.50,Americano with Milk
2025-03-10,09:05,card,ANON-0000-0000-0003,4.00,Hot Chocolate
2025-03-10,10:47,card,ANON-0000-0000-0039,3.50,Americano with Milk
2025-03-10,12:05,card,ANON-0000-0000-0046,4.00,Cappuccino
2025-03-10,12:30,card,ANON-0000-0000-0279,2.50,Espresso
2025-03-10,13:00,card,ANON-0000-0000-0045,4.00,Hot Chocolate
2025-03-10,14:39,card,ANON-0000-0000-0132,4.00,Latte
2025-03-10,14:44,cash,,3.50,Cortado
2025-03-10,14:50,card,ANON-0000-0000-0491,4.00,Latte
2025-03-10,15:28,card,ANON-0000-0000-0078,3.10,Americano
2025-03-10,18:30,card,ANON-0000-0000-0382,4.00,Latte
2025-03-11,08:03,card,ANON-0000-0000-0594,4.00,Cappuccino
2025-03-11,08:55,card,ANON-0000-0000-0206,3.10,Americano
2025-03-11,12:57,card,ANON-0000-0000-0051,4.00,Cappuccino
2025-03-11,13:42,card,ANON-0000-0000-0105,4.00,Hot Chocolate
2025-03-11,13:52,card,ANON-0000-0000-0025,4.00,Hot Chocolate
2025-03-11,16:09,cash,,3.50,Americano with Milk
2025-03-11,16:15,card,ANON-0000-0000-0261,4.00,Cappuccino
2025-03-11,18:54,card,ANON-0000-0000-0002,3.50,Americano with Milk
2025-03-11,20:59,card,ANON-0000-0000-0574,3.10,Americano
2025-03-12,08:47,card,ANON-0000-0000-0004,3.50,Cortado
2025-03-12,08:51,card,ANON-0000-0000-0241,3.50,Americano with Milk
2025-03-12,09:46,cash,,4.00,Hot Chocolate
2025-03-12,09:58,card,ANON-0000-0000-0022,4.00,Latte
2025-03-12,09:59,card,ANON-0000-0000-0004,4.00,Cocoa
2025-03-12,10:16,card,ANON-0000-0000-0073,4.00,Cappuccino
2025-03-12,10:44,card,ANON-0000-0000-0068,3.50,Americano with Milk
2025-03-12,12:43,card,ANON-0000-0000-0234,4.00,Hot Chocolate
2025-03-12,14:22,card,ANON-0000-0000-0032,4.00,Latte
2025-03-12,15:18,card,ANON-0000-0000-0007,3.50,Americano with Milk
2025-03-12,16:10,card,ANON-0000-0000-0109,4.00,Cocoa
2025-03-12,16:21,card,ANON-0000-0000-0368,4.00,Latte
2025-03-12,17:17,card,ANON-0000-0000-0001,3.10,Americano
2025-03-12,17:38,card,ANON-0000-0000-0006,4.00,Hot Chocolate
2025-03-12,18:28,card,ANON-0000-0000-0071,3.50,Americano with Milk
2025-03-12,19:13,card,ANON-0000-0000-0273,4.00,Latte
2025-03-13,07:06,cash,,4.00,Hot Chocolate
2025-03-13,08:01,card,ANON-0000-0000-0007,4.00,Hot Chocolate
2025-03-13,08:16,card,ANON-0000-0000-0049,4.00,Cocoa
2025-03-13,08:56,card,ANON-0000-0000-0062,3.10,Americano
2025-03-13,09:45,card,ANON-0000-0000-0477,4.00,Cappuccino
2025-03-13,10:21,card,ANON-0000-0000-0001,4.00,Cocoa
2025-03-13,11:59,card,ANON-0000-0000-0015,3.50,Americano with Milk
2025-03-13,12:08,card,ANON-0000-0000-0009,4.00,Cappuccino
2025-03-13,13:41,card,ANON-0000-0000-0232,3.50,Americano with Milk
2025-03-13,14:32,card,ANON-0000-0000-0321,4.00,Latte
2025-03-13,15:30,card,ANON-0000-0000-0011,3.50,Cortado
2025-03-13,15:56,card,ANON-0000-0000-0078,3.50,Americano with Milk
2025-03-13,17:48,card,ANON-0000-0000-0001,4.00,Cappuccino
2025-03-13,18:24,card,ANON-0000-0000-0036,4.00,Cocoa
2025-03-13,18:30,card,ANON-0000-0000-0213,4.00,Cappuccino
2025-03-13,19:04,card,ANON-0000-0000-0045,4.00,Latte
2025-03-14,08:00,cash,,3.50,Americano with Milk
2025-03-14,08:07,card,ANON-0000-0000-0274,4.00,Hot Chocolate
2025-03-14,08:13,card,ANON-0000-0000-0105,4.00,Latte
2025-03-14,08:36,card,ANON-0000-0000-0045,4.00,Cocoa
2025-03-14,10:43,card,ANON-0000-0000-0072,4.00,Cappuccino
2025-03-14,11:14,card,ANON-0000-0000-0044,3.50,Cortado
2025-03-14,11:30,card,ANON-0000-0000-0017,4.00,Cappuccino
2025-03-14,12:42,card,ANON-0000-0000-0334,4.00,Cocoa
2025-03-14,14:46,card,ANON-0000-0000-0018,3.50,Americano with Milk
2025-03-14,16:21,card,ANON-0000-0000-0221,3.50,Americano with Milk
2025-03-14,17:51,card,ANON-0000-0000-0009,3.50,Americano with Milk
2025-03-14,19:02,card,ANON-0000-0000-0220,3.50,Americano with Milk
2025-03-14,19:58,card,ANON-0000-0000-0008,3.10,Americano
2025-03-14,20:02,card,ANON-0000-0000-0045,3.10,Americano
2025-03-14,20:37,card,ANON-0000-0000-0158,3.50,Cortado
2025-03-15,13:55,card,ANON-0000-0000-0162,3.50,Americano with Milk
2025-03-15,16:25,card,ANON-0000-0000-0001,4.00,Cappuccino
2025-03-16,08:32,card,ANON-0000-0000-0093,3.50,Americano with Milk
2025-03-16,09:04,card,ANON-0000-0000-0006,3.10,Americano
2025-03-16,09:24,card,ANON-0000-0000-0025,3.50,Americano with Milk
2025-03-16,11:49,card,ANON-0000-0000-0001,2.50,Espresso
2025-03-16,16:08,card,ANON-0000-0000-0524,3.50,Americano with Milk
2025-03-16,20:30,card,ANON-0000-0000-0074,3.50,Americano with Milk
2025-03-17,08:11,card,ANON-0000-0000-0150,3.50,Americano with Milk
2025-03-17,08:15,card,ANON-0000-0000-0119,4.00,Hot Chocolate
2025-03-17,09:29,card,ANON-0000-0000-0009,4.00,Hot Chocolate
2025-03-17,09:30,card,ANON-0000-0000-0073,3.50,Americano with Milk
2025-03-17,10:32,card,ANON-0000-0000-0180,3.10,Americano
2025-03-17,11:25,card,ANON-0000-0000-0001,3.50,Americano with Milk
2025-03-17,12:29,card,ANON-0000-0000-0373,4.00,Cocoa
2025-03-17,13:05,cash,,4.00,Cocoa
2025-03-17,16:11,card,ANON-0000-0000-0011,4.00,Hot Chocolate
2025-03-17,17:22,card,ANON-0000-0000-0048,3.50,Americano with Milk
2025-03-17,21:55,card,ANON-0000-0000-0030,3.50,Cortado
2025-03-18,09:52,card,ANON-0000-0000-0060,4.00,Latte
2025-03-18,10:02,card,ANON-0000-0000-0330,4.00,Latte
2025-03-18,10:51,card,ANON-0000-0000-0290,4.00,Latte
2025-03-18,11:26,card,ANON-0000-0000-0554,4.00,Hot Chocolate
2025-03-18,13:00,card,ANON-0000-0000-0381,4.00,Cappuccino
2025-03-18,13:48,card,ANON-0000-0000-0492,4.00,Latte
2025-03-18,17:42,card,ANON-0000-0000-0056,4.00,Cocoa
2025-03-18,20:05,card,ANON-0000-0000-0012,3.50,Cortado
2025-03-18,20:54,card,ANON-0000-0000-0375,3.50,Americano with Milk
2025-03-19,07:21,card,ANON-0000-0000-0016,3.50,Americano with Milk
2025-03-19,07:48,card,ANON-0000-0000-0002,4.00,Hot Chocolate
2025-03-19,08:04,card,ANON-0000-0000-0004,3.50,Cortado
2025-03-19,09:11,cash,,3.50,Americano with Milk
2025-03-19,11:06,card,ANON-0000-0000-0015,3.50,Americano with Milk
2025-03-19,12:15,card,ANON-0000-0000-0184,4.00,Latte
2025-03-19,13:09,card,ANON-0000-0000-0003,4.00,Cocoa
2025-03-19,14:09,card,ANON-0000-0000-0026,4.00,Cappuccino
2025-03-19,14:41,cash,,4.00,Latte
2025-03-19,14:52,card,ANON-0000-0000-0005,4.00,Cappuccino
2025-03-19,18:43,card,ANON-0000-0000-0367,3.50,Cortado
2025-03-19,19:22,card,ANON-0000-0000-0004,4.00,Hot Chocolate
2025-03-20,07:07,card,ANON-0000-0000-0101,4.00,Latte
2025-03-20,07:34,card,ANON-0000-0000-0004,3.50,Americano with Milk
2025-03-20,11:47,card,ANON-0000-0000-0003,3.10,Americano
2025-03-20,12:05,card,ANON-0000-0000-0002,4.00,Hot Chocolate
2025-03-20,12:17,card,ANON-0000-0000-0308,4.00,Hot Chocolate
2025-03-20,12:39,card,ANON-0000-0000-0244,3.50,Americano with Milk
2025-03-20,12:52,card,ANON-0000-0000-0352,4.00,Latte
2025-03-20,16:21,card,ANON-0000-0000-0056,3.10,Americano
2025-03-20,16:57,card,ANON-0000-0000-0457,4.00,Latte
2025-03-20,18:59,card,ANON-0000-0000-0187,3.10,Americano
2025-03-20,20:26,card,ANON-0000-0000-0062,4.00,Latte
2025-03-20,21:24,card,ANON-0000-0000-0103,4.00,Cocoa
2025-03-21,08:52,card,ANON-0000-0000-0118,3.50,Americano with Milk
2025-03-21,09:00,card,ANON-0000-0000-0184,4.00,Latte
2025-03-21,10:50,card,ANON-0000-0000-0010,4.00,Latte
2025-03-21,16:05,card,ANON-0000-0000-0090,3.10,Americano
2025-03-21,17:25,card,ANON-0000-0000-0010,3.50,Cortado
2025-03-21,19:55,cash,,4.00,Cocoa
2025-03-22,08:57,card,ANON-0000-0000-0025,4.00,Hot Chocolate
2025-03-22,09:17,cash,,4.00,Cappuccino
2025-03-22,10:07,card,ANON-0000-0000-0001,4.00,Hot Chocolate
2025-03-22,10:57,card,ANON-0000-0000-0019,3.50,Americano with Milk
2025-03-22,11:45,card,ANON-0000-0000-0017,4.00,Cappuccino
2025-03-22,12:37,card,ANON-0000-0000-0009,3.50,Americano with Milk
2025-03-22,15:33,card,ANON-0000-0000-0044,4.00,Latte
2025-03-22,15:43,cash,,4.00,Hot Chocolate
2025-03-22,16:52,card,ANON-0000-0000-0019,4.00,Latte
2025-03-23,07:02,card,ANON-0000-0000-0110,4.00,Latte
2025-03-23,09:31,card,ANON-0000-0000-0144,3.10,Americano
2025-03-23,13:34,card,ANON-0000-0000-0294,3.10,Americano
2025-03-23,20:23,card,ANON-0000-0000-0007,4.00,Cocoa
2025-03-24,14:24,card,ANON-0000-0000-0071,4.00,Latte
2025-03-24,14:34,card,ANON-0000-0000-0001,3.50,Americano with Milk
2025-03-24,14:50,card,ANON-0000-0000-0053,4.00,Latte
2025-03-24,15:08,cash,,4.00,Cappuccino
2025-03-24,16:31,card,ANON-0000-0000-0023,3.50,Americano with Milk
2025-03-24,18:07,card,ANON-0000-0000-0033,4.00,Latte
2025-03-25,10:21,card,ANON-0000-0000-0002,3.10,Americano
2025-03-25,10:21,card,ANON-0000-0000-0004,3.50,Americano with Milk
2025-03-25,11:26,card,ANON-0000-0000-0244,4.00,Cappuccino
2025-03-25,11:35,card,ANON-0000-0000-0003,2.50,Espresso
2025-03-25,12:16,card,ANON-0000-0000-0003,4.00,Cappuccino
2025-03-25,12:45,card,ANON-0000-0000-0068,4.00,Cappuccino
2025-03-25,13:15,cash,,3.50,Americano with Milk
2025-03-25,14:34,card,ANON-0000-0000-0003,3.50,Americano with Milk
2025-03-25,18:39,card,ANON-0000-0000-0203,4.00,Cappuccino
2025-03-25,18:48,cash,,4.00,Cappuccino
2025-03-26,08:27,card,ANON-0000-0000-0004,3.50,Americano with Milk
2025-03-26,08:35,card,ANON-0000-0000-0252,3.10,Americano
2025-03-26,08:36,card,ANON-0000-0000-0064,3.50,Cortado
2025-03-26,09:52,card,ANON-0000-0000-0283,4.00,Cappuccino
2025-03-26,09:58,card,ANON-0000-0000-0005,4.00,Hot Chocolate
2025-03-26,09:59,card,ANON-0000-0000-0008,3.50,Americano with Milk
2025-03-26,11:02,card,ANON-0000-0000-0034,4.00,Latte
2025-03-26,12:01,card,ANON-0000-0000-0332,4.00,Hot Chocolate
2025-03-26,12:21,cash,,4.00,Cappuccino
2025-03-26,12:49,cash,,3.50,Americano with Milk
2025-03-26,13:07,card,ANON-0000-0000-0093,4.00,Latte
2025-03-26,16:27,card,ANON-0000-0000-0161,3.50,Americano with Milk
2025-03-26,16:56,card,ANON-0000-0000-0009,3.50,Americano with Milk
2025-03-26,17:12,card,ANON-0000-0000-0280,3.10,Americano
2025-03-26,17:37,card,ANON-0000-0000-0068,3.50,Cortado
2025-03-26,18:24,card,ANON-0000-0000-0009,3.10,Americano
2025-03-27,07:04,cash,,4.00,Latte
2025-03-27,09:24,card,ANON-0000-0000-0234,3.50,Cortado
2025-03-27,09:32,card,ANON-0000-0000-0022,2.50,Espresso
2025-03-27,09:50,card,ANON-0000-0000-0048,4.00,Hot Chocolate
2025-03-27,11:15,card,ANON-0000-0000-0278,4.00,Latte
2025-03-27,11:57,card,ANON-0000-0000-0019,2.50,Espresso
2025-03-27,11:58,card,ANON-0000-0000-0002,4.00,Cocoa
2025-03-27,12:17,cash,,3.10,Americano
2025-03-27,12:57,card,ANON-0000-0000-0471,3.10,Americano
2025-03-27,16:36,card,ANON-0000-0000-0405,4.00,Hot Chocolate
2025-03-27,18:40,cash,,3.10,Americano
2025-03-27,20:57,card,ANON-0000-0000-0031,4.00,Latte
2025-03-28,07:50,card,ANON-0000-0000-0059,4.00,Latte
2025-03-28,08:53,card,ANON-0000-0000-0127,4.00,Cappuccino
2025-03-28,11:39,card,ANON-0000-0000-0266,3.50,Americano with Milk
2025-03-28,11:49,card,ANON-0000-0000-0240,4.00,Cappuccino
2025-03-28,11:51,card,ANON-0000-0000-0362,4.00,Cocoa
2025-03-28,11:59,card,ANON-0000-0000-0579,4.00,Latte
2025-03-28,12:27,card,ANON-0000-0000-0005,4.00,Hot Chocolate
2025-03-28,12:49,card,ANON-0000-0000-0001,3.10,Americano
2025-03-28,16:09,card,ANON-0000-0000-0077,3.50,Americano with Milk
2025-03-28,16:12,card,ANON-0000-0000-0006,3.50,Cortado
2025-03-28,17:56,card,ANON-0000-0000-0004,4.00,Cappuccino
2025-03-29,07:17,card,ANON-0000-0000-0200,4.00,Cappuccino
2025-03-29,11:39,cash,,4.00,Cappuccino
2025-03-29,15:38,card,ANON-0000-0000-0076,3.50,Cortado
2025-03-29,20:15,cash,,4.00,Hot Chocolate
2025-03-30,08:49,card,ANON-0000-0000-0316,3.50,Cortado
2025-03-30,09:55,card,ANON-0000-0000-0015,4.00,Latte
2025-03-30,11:19,card,ANON-0000-0000-0216,4.00,Cocoa
2025-03-30,15:09,card,ANON-0000-0000-0003,3.50,Americano with Milk
2025-03-31,08:55,card,ANON-0000-0000-0055,4.00,Cocoa
2025-03-31,09:49,card,ANON-0000-0000-0398,4.00,Hot Chocolate
2025-03-31,10:44,card,ANON-0000-0000-0123,4.00,Hot Chocolate
2025-03-31,10:54,card,ANON-0000-0000-0010,4.00,Cocoa
2025-03-31,15:20,card,ANON-0000-0000-0001,3.10,Americano
2025-03-31,15:35,card,ANON-0000-0000-0011,3.50,Americano with Milk
2025-03-31,16:12,card,ANON-0000-0000-0069,4.00,Latte
2025-03-31,16:51,card,ANON-0000-0000-0043,3.10,Americano
2025-03-31,16:53,card,ANON-0000-0000-0519,4.00,Cocoa
2025-03-31,19:00,card,ANON-0000-0000-0125,4.00,Cappuccino
2025-03-31,19:58,cash,,4.00,Cappuccino
2025-04-01,07:45,card,ANON-0000-0000-0093,2.50,Espresso
2025-04-01,09:14,card,ANON-0000-0000-0004,4.00,Cappuccino
2025-04-01,10:24,card,ANON-0000-0000-0098,4.00,Cappuccino
2025-04-01,11:08,cash,,4.00,Cappuccino
2025-04-01,12:06,card,ANON-0000-0000-0185,4.00,Cappuccino
2025-04-01,12:48,card,ANON-0000-0000-0008,3.50,Americano with Milk
2025-04-01,12:55,cash,,3.10,Americano
2025-04-01,15:11,card,ANON-0000-0000-0009,3.50,Cortado
2025-04-01,19:37,card,ANON-0000-0000-0002,2.50,Espresso
2025-04-02,08:47,card,ANON-0000-0000-0034,4.00,Latte
2025-04-02,09:14,card,ANON-0000-0000-0026,3.50,Americano with Milk
2025-04-02,09:27,card,ANON-0000-0000-0048,3.50,Cortado
2025-04-02,09:52,card,ANON-0000-0000-0019,3.10,Americano
2025-04-02,10:04,card,ANON-0000-0000-0052,3.10,Americano
2025-04-02,11:10,card,ANON-0000-0000-0063,4.00,Cocoa
2025-04-02,11:43,card,ANON-0000-0000-0019,3.50,Cortado
2025-04-02,17:01,cash,,2.50,Espresso
2025-04-03,08:38,cash,,4.00,Cappuccino
2025-04-03,09:06,card,ANON-0000-0000-0236,3.50,Cortado
2025-04-03,09:44,card,ANON-0000-0000-0005,4.00,Hot Chocolate
2025-04-03,09:57,card,ANON-0000-0000-0019,3.50,Cortado
2025-04-03,11:03,card,ANON-0000-0000-0499,4.00,Latte
2025-04-03,12:01,card,ANON-0000-0000-0447,4.00,Latte
2025-04-03,12:07,card,ANON-0000-0000-0049,4.00,Hot Chocolate
2025-04-03,12:08,card,ANON-0000-0000-0282,3.50,Americano with Milk
2025-04-03,12:47,card,ANON-0000-0000-0014,4.00,Cappuccino
2025-04-03,14:55,card,ANON-0000-0000-0176,4.00,Latte
2025-04-03,16:11,card,ANON-0000-0000-0208,3.50,Cortado
2025-04-03,18:22,card,ANON-0000-0000-0003,4.00,Cappuccino
2025-04-03,20:56,card,ANON-0000-0000-0009,3.50,Americano with Milk
2025-04-04,08:39,card,ANON-0000-0000-0088,3.10,Americano
2025-04-04,11:22,card,ANON-0000-0000-0250,4.00,Latte
2025-04-04,12:41,card,ANON-0000-0000-0002,3.50,Cortado
2025-04-04,15:36,card,ANON-0000-0000-0013,4.00,Latte
2025-04-04,15:59,cash,,3.50,Cortado
2025-04-04,16:38,card,ANON-0000-0000-0546,3.50,Americano with Milk
2025-04-04,17:48,card,ANON-0000-0000-0315,3.50,Americano with Milk
2025-04-05,07:55,cash,,3.10,Americano
2025-04-05,09:29,card,ANON-0000-0000-0070,3.10,Americano
2025-04-05,10:52,card,ANON-0000-0000-0218,3.50,Cortado
2025-04-05,12:27,card,ANON-0000-0000-0002,4.00,Hot Chocolate
2025-04-05,15:36,card,ANON-0000-0000-0548,4.00,Latte
2025-04-05,15:49,card,ANON-0000-0000-0016,3.50,Americano with Milk
2025-04-05,16:26,card,ANON-0000-0000-0006,4.00,Cappuccino
2025-04-06,07:42,card,ANON-0000-0000-0007,4.00,Cappuccino
2025-04-06,08:17,card,ANON-0000-0000-0002,2.50,Espresso
2025-04-06,08:18,card,ANON-0000-0000-0415,3.10,Americano
2025-04-06,09:05,card,ANON-0000-0000-0001,4.00,Hot Chocolate
2025-04-06,09:20,cash,,4.00,Cocoa
2025-04-06,10:07,card,ANON-0000-0000-0139,3.50,Americano with Milk
2025-04-06,10:33,card,ANON-0000-0000-0042,4.00,Hot Chocolate
2025-04-06,13:15,card,ANON-0000-0000-0112,4.00,Latte
2025-04-06,15:11,cash,,2.50,Espresso
2025-04-06,18:01,card,ANON-0000-0000-0008,4.00,Cocoa
2025-04-07,08:13,card,ANON-0000-0000-0005,3.50,Americano with Milk
2025-04-07,08:48,card,ANON-0000-0000-0001,3.10,Americano
2025-04-07,12:41,card,ANON-0000-0000-0181,4.00,Latte
2025-04-07,16:01,card,ANON-0000-0000-0448,4.00,Latte
2025-04-07,17:32,card,ANON-0000-0000-0013,3.50,Americano with Milk
2025-04-07,17:38,card,ANON-0000-0000-0001,4.00,Latte
2025-04-07,19:24,card,ANON-0000-0000-0012,4.00,Latte
2025-04-08,08:14,card,ANON-0000-0000-0185,4.00,Latte
2025-04-08,08:41,card,ANON-0000-0000-0001,4.00,Cappuccino
2025-04-08,08:56,card,ANON-0000-0000-0212,2.50,Espresso
2025-04-08,09:39,card,ANON-0000-0000-0013,4.00,Latte
2025-04-08,09:50,card,ANON-0000-0000-0006,4.00,Latte
2025-04-08,10:19,card,ANON-0000-0000-0023,4.00,Cappuccino
2025-04-08,11:28,cash,,4.00,Cocoa
2025-04-08,12:28,card,ANON-0000-0000-0001,3.10,Americano
2025-04-08,13:58,card,ANON-0000-0000-0120,4.00,Latte
2025-04-08,14:05,card,ANON-0000-0000-0066,4.00,Latte
2025-04-08,14:34,card,ANON-0000-0000-0002,4.00,Latte
2025-04-08,15:48,card,ANON-0000-0000-0037,3.50,Americano with Milk
2025-04-08,17:07,cash,,4.00,Hot Chocolate
2025-04-08,18:20,card,ANON-0000-0000-0417,4.00,Latte
2025-04-09,08:13,card,ANON-0000-0000-0003,3.50,Americano with Milk
2025-04-09,08:38,card,ANON-0000-0000-0334,3.10,Americano
2025-04-09,08:40,card,ANON-0000-0000-0409,4.00,Cappuccino
2025-04-09,09:56,card,ANON-0000-0000-0018,3.50,Americano with Milk
2025-04-09,10:15,card,ANON-0000-0000-0007,4.00,Latte
2025-04-09,10:22,card,ANON-0000-0000-0009,4.00,Latte
2025-04-09,12:29,card,ANON-0000-0000-0001,4.00,Latte
2025-04-09,16:56,card,ANON-0000-0000-0313,3.50,Americano with Milk
2025-04-09,17:39,card,ANON-0000-0000-0038,4.00,Latte
2025-04-09,18:56,cash,,3.50,Cortado
2025-04-09,20:39,card,ANON-0000-0000-0184,4.00,Cappuccino
2025-04-10,08:14,card,ANON-0000-0000-0047,4.00,Latte
2025-04-10,09:04,card,ANON-0000-0000-0034,4.00,Latte
2025-04-10,09:16,card,ANON-0000-0000-0249,3.50,Americano with Milk
2025-04-10,10:21,card,ANON-0000-0000-0286,4.00,Latte
2025-04-10,10:35,card,ANON-0000-0000-0008,3.50,Cortado
2025-04-10,10:53,card,ANON-0000-0000-0359,3.50,Cortado
2025-04-10,12:50,card,ANON-0000-0000-0002,2.50,Espresso
2025-04-10,13:25,card,ANON-0000-0000-0037,3.50,Cortado
2025-04-10,14:07,card,ANON-0000-0000-0001,4.00,Cocoa
2025-04-10,15:21,card,ANON-0000-0000-0004,4.00,Latte
2025-04-10,15:22,card,ANON-0000-0000-0210,3.50,Americano with Milk
2025-04-10,15:34,card,ANON-0000-0000-0067,4.00,Latte
2025-04-10,15:47,card,ANON-0000-0000-0011,3.50,Americano with Milk
2025-04-10,16:28,card,ANON-0000-0000-0006,3.10,Americano
2025-04-10,18:04,card,ANON-0000-0000-0275,3.50,Cortado
2025-04-10,18:07,card,ANON-0000-0000-0103,4.00,Cappuccino
2025-04-10,18:41,card,ANON-0000-0000-0353,4.00,Cappuccino
2025-04-11,07:13,card,ANON-0000-0000-0036,3.10,Americano
2025-04-11,07:41,card,ANON-0000-0000-0574,4.00,Cappuccino
2025-04-11,08:45,card,ANON-0000-0000-0103,4.00,Latte
2025-04-11,09:33,card,ANON-0000-0000-0001,4.00,Cocoa
2025-04-11,10:07,card,ANON-0000-0000-0236,4.00,Latte
2025-04-11,11:00,card,ANON-0000-0000-0069,3.10,Americano
2025-04-11,11:13,card,ANON-0000-0000-0003,3.10,Americano
2025-04-11,11:51,card,ANON-0000-0000-0162,2.50,Espresso
2025-04-11,11:51,card,ANON-0000-0000-0226,4.00,Latte
2025-04-11,14:21,card,ANON-0000-0000-0109,4.00,Latte
2025-04-11,15:53,card,ANON-0000-0000-0231,3.50,Americano with Milk
2025-04-11,17:22,card,ANON-0000-0000-0019,2.50,Espresso
2025-04-11,17:55,card,ANON-0000-0000-0008,3.50,Cortado
2025-04-11,18:14,card,ANON-0000-0000-0148,4.00,Latte
2025-04-11,18:17,card,ANON-0000-0000-0190,3.10,Americano
2025-04-11,18:59,card,ANON-0000-0000-0095,4.00,Latte
2025-04-12,08:35,card,ANON-0000-0000-0547,3.50,Americano with Milk
2025-04-12,09:37,card,ANON-0000-0000-0036,3.50,Americano with Milk
2025-04-12,09:43,card,ANON-0000-0000-0484,3.50,Cortado
2025-04-12,09:50,card,ANON-0000-0000-0001,4.00,Latte
2025-04-12,10:46,card,ANON-0000-0000-0028,4.00,Latte
2025-04-12,12:42,card,ANON-0000-0000-0116,4.00,Latte
2025-04-12,12:45,card,ANON-0000-0000-0232,4.00,Latte
2025-04-12,14:03,card,ANON-0000-0000-0052,4.00,Cocoa
2025-04-12,14:36,card,ANON-0000-0000-0016,2.50,Espresso
2025-04-12,16:46,card,ANON-0000-0000-0062,4.00,Latte
2025-04-12,21:44,card,ANON-0000-0000-0217,4.00,Latte
2025-04-13,08:26,card,ANON-0000-0000-0126,4.00,Latte
2025-04-13,10:20,card,ANON-0000-0000-0001,3.10,Americano
2025-04-13,10:27,card,ANON-0000-0000-0028,4.00,Cocoa
2025-04-13,12:12,card,ANON-0000-0000-0055,4.00,Latte
2025-04-13,14:17,card,ANON-0000-0000-0001,2.50,Espresso
2025-04-13,16:49,card,ANON-0000-0000-0005,4.00,Latte
2025-04-14,08:00,card,ANON-0000-0000-0018,3.50,Americano with Milk
2025-04-14,09:00,card,ANON-0000-0000-0360,4.00,Latte
2025-04-14,09:33,card,ANON-0000-0000-0038,3.50,Americano with Milk
2025-04-14,09:34,card,ANON-0000-0000-0028,4.00,Cappuccino
2025-04-14,11:37,card,ANON-0000-0000-0076,3.50,Cortado
2025-04-14,11:42,card,ANON-0000-0000-0032,3.50,Cortado
2025-04-14,12:24,card,ANON-0000-0000-0276,3.50,Americano with Milk
2025-04-14,13:00,card,ANON-0000-0000-0001,4.00,Cappuccino
2025-04-14,14:00,card,ANON-0000-0000-0064,3.50,Americano with Milk
2025-04-14,14:21,card,ANON-0000-0000-0094,3.50,Americano with Milk
2025-04-14,14:26,cash,,3.50,Cortado
2025-04-14,14:28,cash,,3.50,Cortado
2025-04-14,15:00,card,ANON-0000-0000-0012,4.00,Latte
2025-04-14,16:02,card,ANON-0000-0000-0270,2.50,Espresso
2025-04-14,16:47,card,ANON-0000-0000-0203,4.00,Latte
2025-04-14,18:08,card,ANON-0000-0000-0004,3.50,Cortado
2025-04-14,19:36,card,ANON-0000-0000-0066,3.50,Americano with Milk
2025-04-15,08:06,card,ANON-0000-0000-0087,3.10,Americano
2025-04-15,11:15,card,ANON-0000-0000-0027,4.00,Cappuccino
2025-04-15,11:27,card,ANON-0000-0000-0011,4.00,Latte
2025-04-15,12:09,cash,,4.00,Cappuccino
2025-04-15,12:44,card,ANON-0000-0000-0131,3.50,Americano with Milk
2025-04-15,13:27,card,ANON-0000-0000-0110,4.00,Latte
2025-04-15,15:33,card,ANON-0000-0000-0544,2.50,Espresso
2025-04-15,15:56,card,ANON-0000-0000-0002,4.00,Latte
2025-04-15,18:00,card,ANON-0000-0000-0045,4.00,Hot Chocolate
2025-04-16,09:10,card,ANON-0000-0000-0032,3.50,Cortado
2025-04-16,09:45,cash,,4.00,Cappuccino
2025-04-16,09:51,card,ANON-0000-0000-0367,3.50,Americano with Milk
2025-04-16,10:42,cash,,3.50,Cortado
2025-04-16,12:22,card,ANON-0000-0000-0022,2.50,Espresso
2025-04-16,12:54,card,ANON-0000-0000-0008,3.50,Americano with Milk
2025-04-16,15:05,card,ANON-0000-0000-0017,4.00,Cocoa
2025-04-16,19:15,card,ANON-0000-0000-0067,4.00,Cappuccino
2025-04-16,20:06,card,ANON-0000-0000-0082,2.50,Espresso
2025-04-17,07:01,card,ANON-0000-0000-0078,4.00,Cocoa
2025-04-17,08:58,card,ANON-0000-0000-0021,3.50,Americano with Milk
2025-04-17,09:22,card,ANON-0000-0000-0197,4.00,Latte
2025-04-17,09:32,card,ANON-0000-0000-0182,2.50,Espresso
2025-04-17,10:13,card,ANON-0000-0000-0521,3.50,Cortado
2025-04-17,10:20,card,ANON-0000-0000-0047,3.50,Americano with Milk
2025-04-17,10:38,card,ANON-0000-0000-0048,3.50,Americano with Milk
2025-04-17,11:51,cash,,4.00,Hot Chocolate
2025-04-17,12:53,card,ANON-0000-0000-0002,4.00,Latte
2025-04-17,14:38,card,ANON-0000-0000-0254,3.50,Americano with Milk
2025-04-17,14:40,cash,,4.00,Latte
2025-04-17,15:00,card,ANON-0000-0000-0041,3.10,Americano
2025-04-17,15:42,cash,,3.50,Cortado
2025-04-17,17:09,card,ANON-0000-0000-0054,4.00,Cappuccino
2025-04-17,21:11,card,ANON-0000-0000-0016,4.00,Cappuccino
2025-04-18,07:06,card,ANON-0000-0000-0014,4.00,Latte
2025-04-18,08:57,card,ANON-0000-0000-0029,4.00,Latte
2025-04-18,09:49,card,ANON-0000-0000-0069,4.00,Cocoa
2025-04-18,10:33,card,ANON-0000-0000-0023,4.00,Cappuccino
2025-04-18,10:39,card,ANON-0000-0000-0125,3.50,Americano with Milk
2025-04-18,10:51,card,ANON-0000-0000-0464,3.50,Cortado
2025-04-18,11:01,card,ANON-0000-0000-0251,3.50,Americano with Milk
2025-04-18,11:22,card,ANON-0000-0000-0063,3.10,Americano
2025-04-18,12:17,card,ANON-0000-0000-0007,4.00,Cocoa
2025-04-18,12:40,card,ANON-0000-0000-0026,4.00,Latte
2025-04-18,13:38,card,ANON-0000-0000-0005,3.50,Cortado
2025-04-18,15:10,card,ANON-0000-0000-0001,4.00,Latte
2025-04-18,15:11,card,ANON-0000-0000-0004,3.10,Americano
2025-04-18,15:20,card,ANON-0000-0000-0195,3.50,Americano with Milk
2025-04-18,15:38,card,ANON-0000-0000-0429,4.00,Latte
2025-04-18,15:45,card,ANON-0000-0000-0003,4.00,Hot Chocolate
2025-04-18,16:56,card,ANON-0000-0000-0415,3.10,Americano
2025-04-18,17:56,card,ANON-0000-0000-0002,4.00,Cocoa
2025-04-18,18:11,card,ANON-0000-0000-0022,4.00,Cappuccino
2025-04-18,19:22,card,ANON-0000-0000-0091,4.00,Latte
2025-04-19,07:25,card,ANON-0000-0000-0040,4.00,Hot Chocolate
2025-04-19,07:30,card,ANON-0000-0000-0001,4.00,Latte
2025-04-19,07:40,cash,,4.00,Latte
2025-04-19,08:34,card,ANON-0000-0000-0074,4.00,Latte
2025-04-19,09:19,card,ANON-0000-0000-0001,4.00,Cappuccino
2025-04-19,10:25,card,ANON-0000-0000-0022,4.00,Cappuccino
2025-04-19,10:27,card,ANON-0000-0000-0004,4.00,Cappuccino
2025-04-19,15:22,card,ANON-0000-0000-0058,4.00,Latte
2025-04-20,07:24,card,ANON-0000-0000-0003,3.50,Americano with Milk
2025-04-20,14:11,card,ANON-0000-0000-0023,2.50,Espresso
2025-04-20,15:03,card,ANON-0000-0000-0487,3.50,Americano with Milk
2025-04-20,16:02,card,ANON-0000-0000-0272,4.00,Latte
2025-04-20,18:23,card,ANON-0000-0000-0439,3.50,Cortado
2025-04-20,19:00,card,ANON-0000-0000-0002,4.00,Cappuccino
2025-04-20,19:43,card,ANON-0000-0000-0157,4.00,Latte
2025-04-21,08:08,card,ANON-0000-0000-0009,3.50,Americano with Milk
2025-04-21,08:17,cash,,4.00,Latte
2025-04-21,09:38,card,ANON-0000-0000-0027,4.00,Latte
2025-04-21,12:28,card,ANON-0000-0000-0305,4.00,Latte
2025-04-21,14:42,card,ANON-0000-0000-0417,3.50,Americano with Milk
2025-04-21,14:49,card,ANON-0000-0000-0006,4.00,Cocoa
2025-04-21,15:46,card,ANON-0000-0000-0053,3.50,Americano with Milk
2025-04-21,17:36,card,ANON-0000-0000-0007,3.50,Cortado
2025-04-22,08:15,card,ANON-0000-0000-0022,3.50,Americano with Milk
2025-04-22,09:26,card,ANON-0000-0000-0003,4.00,Latte
2025-04-22,10:29,card,ANON-0000-0000-0237,3.50,Cortado
2025-04-22,11:02,card,ANON-0000-0000-0018,4.00,Cappuccino
2025-04-22,11:05,card,ANON-0000-0000-0002,4.00,Cocoa
2025-04-22,11:21,card,ANON-0000-0000-0001,3.50,Americano with Milk
2025-04-22,11:59,card,ANON-0000-0000-0018,3.10,Americano
2025-04-22,13:15,card,ANON-0000-0000-0002,4.00,Cappuccino
2025-04-22,13:46,card,ANON-0000-0000-0003,3.10,Americano
2025-04-22,16:01,card,ANON-0000-0000-0061,4.00,Cocoa
2025-04-22,16:56,card,ANON-0000-0000-0367,4.00,Hot Chocolate
2025-04-22,17:37,card,ANON-0000-0000-0165,3.50,Americano with Milk
2025-04-22,18:18,card,ANON-0000-0000-0490,3.50,Americano with Milk
2025-04-22,18:29,card,ANON-0000-0000-0001,4.00,Latte
2025-04-22,21:37,card,ANON-0000-0000-0004,3.10,Americano
2025-04-23,08:48,card,ANON-0000-0000-0049,3.10,Americano
2025-04-23,09:40,card,ANON-0000-0000-0011,4.00,Latte
2025-04-23,09:41,card,ANON-0000-0000-0120,3.50,Cortado
2025-04-23,10:30,card,ANON-0000-0000-0001,4.00,Latte
2025-04-23,10:34,card,ANON-0000-0000-0014,4.00,Latte
2025-04-23,10:41,cash,,4.00,Cappuccino
2025-04-23,11:24,card,ANON-0000-0000-0032,3.50,Cortado
2025-04-23,15:45,card,ANON-0000-0000-0011,3.10,Americano
2025-04-23,15:55,card,ANON-0000-0000-0010,3.10,Americano
2025-04-23,20:21,card,ANON-0000-0000-0346,3.50,Americano with Milk
2025-04-24,07:11,card,ANON-0000-0000-0008,3.50,Americano with Milk
2025-04-24,10:22,card,ANON-0000-0000-0146,4.00,Latte
2025-04-24,12:55,card,ANON-0000-0000-0326,3.10,Americano
2025-04-24,13:20,card,ANON-0000-0000-0004,4.00,Latte
2025-04-24,14:16,card,ANON-0000-0000-0092,4.00,Latte
2025-04-24,15:31,cash,,4.00,Cappuccino
2025-04-24,16:01,card,ANON-0000-0000-0044,3.50,Americano with Milk
2025-04-24,16:21,card,ANON-0000-0000-0068,3.50,Americano with Milk
2025-04-24,19:50,card,ANON-0000-0000-0051,4.00,Cappuccino
2025-04-25,07:57,card,ANON-0000-0000-0206,4.00,Latte
2025-04-25,08:10,card,ANON-0000-0000-0220,4.00,Latte
2025-04-25,09:18,card,ANON-0000-0000-0306,3.50,Americano with Milk
2025-04-25,09:41,card,ANON-0000-0000-0005,4.00,Hot Chocolate
2025-04-25,10:04,card,ANON-0000-0000-0266,4.00,Latte
2025-04-25,10:53,cash,,4.00,Latte
2025-04-25,10:55,card,ANON-0000-0000-0497,4.00,Latte
2025-04-25,11:17,card,ANON-0000-0000-0072,4.00,Latte
2025-04-25,12:15,card,ANON-0000-0000-0001,2.50,Espresso
2025-04-25,14:45,card,ANON-0000-0000-0007,4.00,Latte
2025-04-25,16:59,card,ANON-0000-0000-0348,4.00,Latte
2025-04-25,17:53,card,ANON-0000-0000-0040,4.00,Hot Chocolate
2025-04-25,18:43,card,ANON-0000-0000-0001,4.00,Hot Chocolate
2025-04-25,20:37,card,ANON-0000-0000-0066,3.50,Americano with Milk
2025-04-25,21:10,card,ANON-0000-0000-0330,3.50,Cortado
2025-04-26,08:05,card,ANON-0000-0000-0090,4.00,Cocoa
2025-04-26,08:23,card,ANON-0000-0000-0182,3.50,Americano with Milk
2025-04-26,09:20,card,ANON-0000-0000-0006,3.50,Cortado
2025-04-26,10:20,card,ANON-0000-0000-0336,3.50,Americano with Milk
2025-04-26,10:23,card,ANON-0000-0000-0088,3.10,Americano
2025-04-26,15:45,cash,,4.00,Cocoa
2025-04-26,16:16,card,ANON-0000-0000-0016,3.50,Americano with Milk
2025-04-27,08:07,card,ANON-0000-0000-0393,3.50,Americano with Milk
2025-04-27,08:51,card,ANON-0000-0000-0003,4.00,Latte
2025-04-27,11:49,card,ANON-0000-0000-0204,4.00,Latte
2025-04-27,11:52,card,ANON-0000-0000-0187,4.00,Cappuccino
2025-04-27,21:33,card,ANON-0000-0000-0001,3.50,Americano with Milk
2025-04-28,07:06,cash,,2.50,Espresso
2025-04-28,07:29,card,ANON-0000-0000-0009,2.50,Espresso
2025-04-28,08:02,card,ANON-0000-0000-0001,4.00,Latte
2025-04-28,09:01,card,ANON-0000-0000-0148,3.50,Americano with Milk
2025-04-28,09:55,card,ANON-0000-0000-0192,4.00,Latte
2025-04-28,10:03,card,ANON-0000-0000-0238,3.50,Cortado
2025-04-28,10:26,cash,,4.00,Latte
2025-04-28,11:20,card,ANON-0000-0000-0021,4.00,Cappuccino
2025-04-28,12:26,card,ANON-0000-0000-0040,3.50,Cortado
2025-04-28,13:27,card,ANON-0000-0000-0001,3.50,Americano with Milk
2025-04-28,14:16,card,ANON-0000-0000-0003,4.00,Latte
2025-04-28,15:03,card,ANON-0000-0000-0002,4.00,Latte
2025-04-28,15:03,card,ANON-0000-0000-0164,3.50,Americano with Milk
2025-04-28,16:17,card,ANON-0000-0000-0441,4.00,Latte
2025-04-28,17:14,card,ANON-0000-0000-0500,4.00,Cocoa
2025-04-28,17:52,card,ANON-0000-0000-0003,4.00,Cappuccino
2025-04-28,19:21,card,ANON-0000-0000-0064,3.50,Americano with Milk
2025-04-28,19:32,card,ANON-0000-0000-0072,2.50,Espresso
2025-04-28,20:32,card,ANON-0000-0000-0001,3.10,Americano
2025-04-28,20:43,card,ANON-0000-0000-0002,3.50,Cortado
2025-04-29,07:16,cash,,3.50,Americano with Milk
2025-04-29,08:21,card,ANON-0000-0000-0006,3.50,Americano with Milk
2025-04-29,08:42,card,ANON-0000-0000-0561,4.00,Cappuccino
2025-04-29,09:18,card,ANON-0000-0000-0012,4.00,Hot Chocolate
2025-04-29,09:47,cash,,4.00,Cocoa
2025-04-29,10:11,card,ANON-0000-0000-0090,3.50,Americano with Milk
2025-04-29,10:13,card,ANON-0000-0000-0194,4.00,Latte
2025-04-29,11:18,card,ANON-0000-0000-0002,4.00,Latte
2025-04-29,14:27,card,ANON-0000-0000-0014,4.00,Latte
2025-04-29,14:50,card,ANON-0000-0000-0399,3.50,Cortado
2025-04-29,15:57,card,ANON-0000-0000-0004,4.00,Latte
2025-04-29,21:11,cash,,3.50,Americano with Milk
2025-04-30,10:09,card,ANON-0000-0000-0003,4.00,Cocoa
2025-04-30,10:47,card,ANON-0000-0000-0001,3.50,Americano with Milk
2025-04-30,11:01,card,ANON-0000-0000-0001,4.00,Latte
2025-04-30,13:23,card,ANON-0000-0000-0038,3.50,Cortado
2025-04-30,15:00,card,ANON-0000-0000-0022,4.00,Latte
2025-05-01,09:45,card,ANON-0000-0000-0359,4.00,Cocoa
2025-05-01,10:05,card,ANON-0000-0000-0005,4.00,Latte
2025-05-01,11:42,cash,,4.00,Latte
2025-05-01,11:52,card,ANON-0000-0000-0001,3.50,Americano with Milk
2025-05-01,12:36,card,ANON-0000-0000-0001,3.50,Americano with Milk
2025-05-01,12:39,card,ANON-0000-0000-0322,4.00,Latte
2025-05-01,13:13,card,ANON-0000-0000-0002,4.00,Latte
2025-05-01,14:01,card,ANON-0000-0000-0568,3.10,Americano
2025-05-01,15:00,card,ANON-0000-0000-0226,4.00,Cappuccino
2025-05-01,18:47,card,ANON-0000-0000-0001,4.00,Latte
2025-05-01,18:53,card,ANON-0000-0000-0144,3.50,Americano with Milk
2025-05-01,21:52,card,ANON-0000-0000-0001,4.00,Latte
2025-05-02,07:12,card,ANON-0000-0000-0170,3.50,Americano with Milk
2025-05-02,07:32,card,ANON-0000-0000-0006,3.50,Americano with Milk
2025-05-02,08:20,card,ANON-0000-0000-0031,4.00,Cocoa
2025-05-02,09:18,card,ANON-0000-0000-0011,4.00,Cappuccino
2025-05-02,09:26,card,ANON-0000-0000-0556,3.50,Americano with Milk
2025-05-02,09:31,card,ANON-0000-0000-0337,4.00,Latte
2025-05-02,10:01,card,ANON-0000-0000-0182,4.00,Latte
2025-05-02,10:48,card,ANON-0000-0000-0231,3.10,Americano
2025-05-02,11:11,card,ANON-0000-0000-0524,4.00,Hot Chocolate
2025-05-02,12:47,card,ANON-0000-0000-0011,3.50,Cortado
2025-05-02,12:55,card,ANON-0000-0000-0586,4.00,Cappuccino
2025-05-02,13:15,card,ANON-0000-0000-0001,4.00,Hot Chocolate
2025-05-02,13:57,card,ANON-0000-0000-0091,4.00,Latte
2025-05-02,14:16,card,ANON-0000-0000-0056,4.00,Latte
2025-05-02,14:50,card,ANON-0000-0000-0001,4.00,Latte
2025-05-03,08:24,card,ANON-0000-0000-0169,4.00,Latte
2025-05-03,13:26,card,ANON-0000-0000-0104,3.50,Cortado
2025-05-03,14:38,card,ANON-0000-0000-0002,4.00,Latte
2025-05-03,14:42,card,ANON-0000-0000-0007,4.00,Cocoa
2025-05-03,18:01,card,ANON-0000-0000-0014,4.00,Cappuccino
2025-05-04,09:44,card,ANON-0000-0000-0462,4.00,Latte
2025-05-04,10:24,card,ANON-0000-0000-0021,4.00,Cappuccino
2025-05-04,10:33,card,ANON-0000-0000-0001,3.50,Americano with Milk
2025-05-04,13:08,card,ANON-0000-0000-0402,3.50,Americano with Milk
2025-05-04,13:32,card,ANON-0000-0000-0228,4.00,Latte
2025-05-04,14:26,card,ANON-0000-0000-0110,4.00,Cappuccino
2025-05-04,19:50,card,ANON-0000-0000-0004,3.50,Americano with Milk
2025-05-04,20:32,card,ANON-0000-0000-0012,4.00,Latte
2025-05-05,08:47,cash,,4.00,Latte
2025-05-05,09:04,card,ANON-0000-0000-0077,3.50,Cortado
2025-05-05,09:12,card,ANON-0000-0000-0001,3.10,Americano
2025-05-05,10:53,card,ANON-0000-0000-0139,4.00,Cocoa
2025-05-05,12:19,card,ANON-0000-0000-0349,3.50,Americano with Milk
2025-05-05,12:54,card,ANON-0000-0000-0431,3.50,Cortado
2025-05-05,13:08,card,ANON-0000-0000-0011,4.00,Latte
2025-05-05,20:04,card,ANON-0000-0000-0043,4.00,Latte
2025-05-05,20:16,card,ANON-0000-0000-0079,3.10,Americano
2025-05-06,09:04,card,ANON-0000-0000-0098,3.50,Americano with Milk
2025-05-06,09:08,card,ANON-0000-0000-0264,4.00,Cappuccino
2025-05-06,09:09,card,ANON-0000-0000-0019,4.00,Latte
2025-05-06,09:27,card,ANON-0000-0000-0004,3.50,Americano with Milk
2025-05-06,09:53,card,ANON-0000-0000-0014,3.50,Americano with Milk
2025-05-06,10:42,card,ANON-0000-0000-0026,4.00,Cocoa
2025-05-06,11:33,card,ANON-0000-0000-0001,2.50,Espresso
2025-05-06,11:33,card,ANON-0000-0000-0063,4.00,Cocoa
2025-05-06,17:03,card,ANON-0000-0000-0175,4.00,Latte
2025-05-06,19:00,card,ANON-0000-0000-0020,4.00,Cappuccino
2025-05-07,07:18,card,ANON-0000-0000-0001,4.00,Cappuccino
2025-05-07,07:38,card,ANON-0000-0000-0034,3.50,Americano with Milk
2025-05-07,09:35,card,ANON-0000-0000-0051,3.50,Cortado
2025-05-07,10:47,card,ANON-0000-0000-0247,2.50,Espresso
2025-05-07,12:47,card,ANON-0000-0000-0100,4.00,Hot Chocolate
2025-05-07,13:27,card,ANON-0000-0000-0063,3.50,Americano with Milk
2025-05-07,15:35,card,ANON-0000-0000-0224,4.00,Latte
2025-05-08,07:05,card,ANON-0000-0000-0388,4.00,Latte
2025-05-08,07:16,card,ANON-0000-0000-0012,4.00,Latte
2025-05-08,07:37,card,ANON-0000-0000-0220,3.50,Cortado
2025-05-08,07:42,card,ANON-0000-0000-0575,4.00,Cappuccino
2025-05-08,09:23,card,ANON-0000-0000-0007,4.00,Cappuccino
2025-05-08,09:37,card,ANON-0000-0000-0008,3.50,Americano with Milk
2025-05-08,10:59,card,ANON-0000-0000-0025,4.00,Latte
2025-05-08,11:41,card,ANON-0000-0000-0361,4.00,Latte
2025-05-08,11:45,card,ANON-0000-0000-0531,4.00,Cocoa
2025-05-08,11:51,card,ANON-0000-0000-0449,4.00,Cocoa
2025-05-08,12:38,card,ANON-0000-0000-0310,4.00,Latte
2025-05-08,12:42,cash,,3.10,Americano
2025-05-08,12:43,cash,,3.50,Americano with Milk
2025-05-08,13:35,card,ANON-0000-0000-0006,4.00,Cappuccino
2025-05-08,15:04,card,ANON-0000-0000-0008,3.10,Americano
2025-05-08,21:24,card,ANON-0000-0000-0585,3.50,Cortado
2025-05-09,08:50,card,ANON-0000-0000-0011,3.50,Americano with Milk
2025-05-09,10:38,card,ANON-0000-0000-0286,4.00,Latte
2025-05-09,11:01,card,ANON-0000-0000-0121,3.50,Americano with Milk
2025-05-09,11:15,card,ANON-0000-0000-0127,4.00,Cappuccino
2025-05-09,12:20,card,ANON-0000-0000-0111,4.00,Latte
2025-05-09,12:31,card,ANON-0000-0000-0055,3.50,Americano with Milk
2025-05-09,13:57,cash,,2.50,Espresso
2025-05-09,16:40,card,ANON-0000-0000-0161,3.50,Americano with Milk
2025-05-09,17:04,card,ANON-0000-0000-0006,4.00,Latte
2025-05-09,17:23,card,ANON-0000-0000-0083,3.10,Americano
2025-05-09,19:02,card,ANON-0000-0000-0051,4.00,Cappuccino
2025-05-10,09:09,card,ANON-0000-0000-0018,4.00,Cappuccino
2025-05-10,09:39,card,ANON-0000-0000-0010,4.00,Latte
2025-05-10,10:42,card,ANON-0000-0000-0275,3.50,Americano with Milk
2025-05-10,12:45,card,ANON-0000-0000-0005,3.10,Americano
2025-05-10,14:36,card,ANON-0000-0000-0536,4.00,Hot Chocolate
2025-05-10,16:23,card,ANON-0000-0000-0581,4.00,Latte
2025-05-10,17:01,card,ANON-0000-0000-0008,3.50,Cortado
2025-05-10,18:29,card,ANON-0000-0000-0543,4.00,Latte
2025-05-10,19:45,card,ANON-0000-0000-0128,3.50,Americano with Milk
2025-05-11,07:21,cash,,3.50,Americano with Milk
2025-05-11,09:23,card,ANON-0000-0000-0006,3.50,Americano with Milk
2025-05-11,10:53,cash,,3.10,Americano
2025-05-11,11:04,card,ANON-0000-0000-0188,3.50,Americano with Milk
2025-05-11,12:21,card,ANON-0000-0000-0080,3.50,Americano with Milk
2025-05-11,12:26,card,ANON-0000-0000-0210,3.10,Americano
2025-05-11,12:51,card,ANON-0000-0000-0010,4.00,Cocoa
2025-05-11,16:14,card,ANON-0000-0000-0170,4.00,Cocoa
2025-05-11,17:20,card,ANON-0000-0000-0199,4.00,Cocoa
2025-05-12,08:20,card,ANON-0000-0000-0002,4.00,Latte
2025-05-12,08:35,card,ANON-0000-0000-0013,3.50,Americano with Milk
2025-05-12,09:13,card,ANON-0000-0000-0292,4.00,Hot Chocolate
2025-05-12,09:41,card,ANON-0000-0000-0002,3.50,Americano with Milk
2025-05-12,12:02,card,ANON-0000-0000-0002,3.50,Cortado
2025-05-12,12:19,card,ANON-0000-0000-0005,4.00,Hot Chocolate
2025-05-12,13:11,card,ANON-0000-0000-0302,3.50,Americano with Milk
2025-05-12,13:46,card,ANON-0000-0000-0008,4.00,Latte
2025-05-12,14:26,card,ANON-0000-0000-0154,4.00,Cappuccino
2025-05-12,15:37,card,ANON-0000-0000-0026,3.50,Americano with Milk
2025-05-12,16:44,card,ANON-0000-0000-0250,4.00,Latte
2025-05-12,19:30,card,ANON-0000-0000-0462,4.00,Hot Chocolate
2025-05-13,07:13,card,ANON-0000-0000-0242,3.50,Americano with Milk
2025-05-13,07:49,card,ANON-0000-0000-0013,4.00,Latte
2025-05-13,09:08,card,ANON-0000-0000-0197,4.00,Latte
2025-05-13,09:09,card,ANON-0000-0000-0007,4.00,Cocoa
2025-05-13,11:58,card,ANON-0000-0000-0017,4.00,Cappuccino
2025-05-13,17:15,card,ANON-0000-0000-0001,3.50,Americano with Milk
2025-05-13,18:04,card,ANON-0000-0000-0103,4.00,Latte
2025-05-13,18:47,cash,,3.50,Cortado
2025-05-14,08:48,card,ANON-0000-0000-0001,3.50,Americano with Milk
2025-05-14,08:48,cash,,4.00,Hot Chocolate
2025-05-14,09:16,card,ANON-0000-0000-0001,3.50,Cortado
2025-05-14,09:34,card,ANON-0000-0000-0026,3.50,Americano with Milk
2025-05-14,09:59,card,ANON-0000-0000-0080,4.00,Cocoa
2025-05-14,10:50,card,ANON-0000-0000-0018,3.10,Americano
2025-05-14,11:39,cash,,4.00,Hot Chocolate
2025-05-14,12:24,card,ANON-0000-0000-0368,4.00,Latte
2025-05-14,13:59,card,ANON-0000-0000-0076,4.00,Latte
2025-05-14,14:52,card,ANON-0000-0000-0122,4.00,Latte
2025-05-14,15:20,card,ANON-0000-0000-0008,3.10,Americano
2025-05-14,20:52,card,ANON-0000-0000-0007,3.10,Americano
2025-05-15,07:50,card,ANON-0000-0000-0178,3.50,Americano with Milk
2025-05-15,08:15,card,ANON-0000-0000-0035,4.00,Latte
2025-05-15,10:16,card,ANON-0000-0000-0009,3.50,Cortado
2025-05-15,10:52,card,ANON-0000-0000-0008,4.00,Latte
2025-05-15,11:01,card,ANON-0000-0000-0004,4.00,Cappuccino
2025-05-15,11:21,card,ANON-0000-0000-0006,4.00,Cappuccino
2025-05-15,11:33,card,ANON-0000-0000-0506,4.00,Cappuccino
2025-05-15,12:03,cash,,4.00,Latte
2025-05-15,13:06,card,ANON-0000-0000-0015,4.00,Cappuccino
2025-05-15,14:57,card,ANON-0000-0000-0572,4.00,Cappuccino
2025-05-15,15:26,cash,,4.00,Latte
2025-05-15,15:33,card,ANON-0000-0000-0058,4.00,Cappuccino
2025-05-15,19:41,card,ANON-0000-0000-0251,3.50,Americano with Milk
2025-05-16,08:33,card,ANON-0000-0000-0001,3.10,Americano
2025-05-16,08:38,cash,,2.50,Espresso
2025-05-16,09:28,card,ANON-0000-0000-0010,3.10,Americano
2025-05-16,10:49,card,ANON-0000-0000-0075,3.50,Americano with Milk
2025-05-16,10:59,card,ANON-0000-0000-0131,3.50,Americano with Milk
2025-05-16,13:07,card,ANON-0000-0000-0178,3.50,Americano with Milk
2025-05-16,14:34,cash,,4.00,Latte
2025-05-16,18:57,card,ANON-0000-0000-0262,4.00,Latte
2025-05-17,08:02,cash,,3.10,Americano
2025-05-17,09:30,card,ANON-0000-0000-0316,3.50,Cortado
2025-05-17,13:30,card,ANON-0000-0000-0002,3.50,Americano with Milk
2025-05-17,15:55,cash,,4.00,Cappuccino
2025-05-17,16:57,card,ANON-0000-0000-0001,4.00,Hot Chocolate
2025-05-17,18:55,cash,,4.00,Latte
2025-05-17,19:30,card,ANON-0000-0000-0124,3.10,Americano
2025-05-17,20:55,card,ANON-0000-0000-0003,4.00,Cocoa
2025-05-18,08:14,card,ANON-0000-0000-0018,2.50,Espresso
2025-05-18,08:17,card,ANON-0000-0000-0014,3.50,Americano with Milk
2025-05-18,08:21,card,ANON-0000-0000-0369,4.00,Cocoa
2025-05-18,11:13,card,ANON-0000-0000-0002,3.10,Americano
2025-05-18,12:33,cash,,2.50,Espresso
2025-05-18,12:39,card,ANON-0000-0000-0027,4.00,Cappuccino
2025-05-18,13:53,card,ANON-0000-0000-0122,3.50,Cortado
2025-05-18,15:40,card,ANON-0000-0000-0001,3.10,Americano
2025-05-19,09:44,card,ANON-0000-0000-0072,4.00,Hot Chocolate
2025-05-19,10:40,card,ANON-0000-0000-0080,3.50,Cortado
2025-05-19,10:48,card,ANON-0000-0000-0001,4.00,Latte
2025-05-19,11:04,card,ANON-0000-0000-0082,4.00,Latte
2025-05-19,11:40,card,ANON-0000-0000-0326,4.00,Cappuccino
2025-05-19,12:55,cash,,4.00,Cappuccino
2025-05-19,14:08,card,ANON-0000-0000-0129,4.00,Latte
2025-05-19,14:38,card,ANON-0000-0000-0428,3.10,Americano
2025-05-19,15:23,card,ANON-0000-0000-0049,4.00,Latte
2025-05-19,16:37,cash,,4.00,Hot Chocolate
2025-05-19,17:29,card,ANON-0000-0000-0042,3.50,Cortado
2025-05-19,18:57,card,ANON-0000-0000-0167,3.50,Americano with Milk
2025-05-19,20:08,card,ANON-0000-0000-0004,3.10,Americano
2025-05-19,20:16,card,ANON-0000-0000-0072,3.10,Americano
2025-05-20,08:00,card,ANON-0000-0000-0218,3.50,Americano with Milk
2025-05-20,08:29,cash,,4.00,Latte
2025-05-20,10:20,card,ANON-0000-0000-0003,4.00,Latte
2025-05-20,10:22,card,ANON-0000-0000-0342,3.50,Americano with Milk
2025-05-20,10:48,card,ANON-0000-0000-0236,3.50,Cortado
2025-05-20,11:11,card,ANON-0000-0000-0066,3.10,Americano
2025-05-20,13:00,card,ANON-0000-0000-0311,4.00,Latte
2025-05-20,14:14,card,ANON-0000-0000-0051,4.00,Hot Chocolate
2025-05-20,17:40,card,ANON-0000-0000-0019,4.00,Cappuccino
2025-05-20,20:44,card,ANON-0000-0000-0444,4.00,Cocoa
2025-05-21,09:26,card,ANON-0000-0000-0115,2.50,Espresso
2025-05-21,10:31,card,ANON-0000-0000-0040,3.10,Americano
2025-05-21,11:16,card,ANON-0000-0000-0097,3.10,Americano
2025-05-21,12:02,card,ANON-0000-0000-0138,3.50,Americano with Milk
2025-05-21,12:28,card,ANON-0000-0000-0497,4.00,Hot Chocolate
2025-05-21,12:32,card,ANON-0000-0000-0001,3.10,Americano
2025-05-21,13:50,card,ANON-0000-0000-0001,4.00,Latte
2025-05-21,14:06,card,ANON-0000-0000-0224,4.00,Hot Chocolate
2025-05-21,15:34,card,ANON-0000-0000-0008,4.00,Cocoa
2025-05-21,19:29,cash,,4.00,Latte
2025-05-22,08:22,card,ANON-0000-0000-0081,4.00,Cappuccino
2025-05-22,10:29,card,ANON-0000-0000-0055,3.50,Americano with Milk
2025-05-22,10:43,cash,,3.10,Americano
2025-05-22,14:30,card,ANON-0000-0000-0002,3.50,Americano with Milk
2025-05-22,15:59,card,ANON-0000-0000-0048,3.10,Americano
2025-05-22,16:19,card,ANON-0000-0000-0015,2.50,Espresso
2025-05-23,08:26,card,ANON-0000-0000-0040,4.00,Cappuccino
2025-05-23,08:58,card,ANON-0000-0000-0030,3.50,Cortado
2025-05-23,09:17,card,ANON-0000-0000-0065,3.50,Americano with Milk
2025-05-23,09:33,card,ANON-0000-0000-0002,3.50,Americano with Milk
2025-05-23,11:58,card,ANON-0000-0000-0317,3.50,Americano with Milk
2025-05-23,16:28,card,ANON-0000-0000-0025,3.50,Americano with Milk
2025-05-23,16:40,card,ANON-0000-0000-0330,4.00,Latte
2025-05-24,07:41,card,ANON-0000-0000-0149,4.00,Latte
2025-05-24,07:50,card,ANON-0000-0000-0030,3.50,Cortado
2025-05-24,09:08,card,ANON-0000-0000-0064,4.00,Cappuccino
2025-05-24,10:09,card,ANON-0000-0000-0041,4.00,Hot Chocolate
2025-05-24,10:59,card,ANON-0000-0000-0002,4.00,Latte
2025-05-24,11:43,card,ANON-0000-0000-0096,3.50,Americano with Milk
2025-05-24,12:21,cash,,4.00,Latte
2025-05-24,12:36,card,ANON-0000-0000-0009,3.50,Americano with Milk
2025-05-24,14:27,card,ANON-0000-0000-0396,3.10,Americano
2025-05-24,15:44,cash,,3.50,Cortado
2025-05-24,16:30,card,ANON-0000-0000-0011,3.10,Americano
2025-05-24,16:47,card,ANON-0000-0000-0340,4.00,Cappuccino
2025-05-24,18:18,card,ANON-0000-0000-0303,3.10,Americano
2025-05-24,18:23,card,ANON-0000-0000-0001,4.00,Latte
2025-05-25,08:00,card,ANON-0000-0000-0329,4.00,Latte
2025-05-25,09:57,card,ANON-0000-0000-0006,3.50,Americano with Milk
2025-05-25,10:11,card,ANON-0000-0000-0001,4.00,Latte
2025-05-25,10:30,card,ANON-0000-0000-0004,4.00,Cappuccino
2025-05-25,13:12,card,ANON-0000-0000-0023,2.50,Espresso
2025-05-25,13:32,card,ANON-0000-0000-0154,3.10,Americano
2025-05-25,17:40,card,ANON-0000-0000-0001,3.50,Americano with Milk
2025-05-25,17:43,card,ANON-0000-0000-0491,4.00,Cappuccino
2025-05-25,18:20,card,ANON-0000-0000-0015,4.00,Cappuccino
2025-05-26,07:20,card,ANON-0000-0000-0001,4.00,Latte
2025-05-26,08:29,card,ANON-0000-0000-0011,4.00,Latte
2025-05-26,08:37,cash,,4.00,Latte
2025-05-26,08:47,card,ANON-0000-0000-0265,4.00,Latte
2025-05-26,09:08,card,ANON-0000-0000-0003,3.10,Americano
2025-05-26,09:20,card,ANON-0000-0000-0010,4.00,Cappuccino
2025-05-26,09:26,card,ANON-0000-0000-0019,4.00,Cocoa
2025-05-26,13:10,cash,,3.50,Americano with Milk
2025-05-26,14:00,card,ANON-0000-0000-0185,3.50,Americano with Milk
2025-05-26,17:25,card,ANON-0000-0000-0051,4.00,Cocoa
2025-05-26,20:38,card,ANON-0000-0000-0478,3.50,Americano with Milk
2025-05-26,20:45,card,ANON-0000-0000-0583,4.00,Cappuccino
2025-05-27,07:22,cash,,4.00,Latte
2025-05-27,08:18,card,ANON-0000-0000-0203,4.00,Latte
2025-05-27,08:31,card,ANON-0000-0000-0467,3.50,Americano with Milk
2025-05-27,08:47,card,ANON-0000-0000-0016,4.00,Cappuccino
2025-05-27,09:04,cash,,4.00,Latte
2025-05-27,09:29,card,ANON-0000-0000-0004,3.50,Americano with Milk
2025-05-27,09:46,card,ANON-0000-0000-0005,4.00,Hot Chocolate
2025-05-27,09:48,card,ANON-0000-0000-0001,3.50,Americano with Milk
2025-05-27,09:50,card,ANON-0000-0000-0001,3.50,Americano with Milk
2025-05-27,10:05,card,ANON-0000-0000-0392,3.50,Americano with Milk
2025-05-27,12:39,card,ANON-0000-0000-0283,3.10,Americano
2025-05-27,12:55,card,ANON-0000-0000-0295,3.50,Americano with Milk
2025-05-27,13:06,card,ANON-0000-0000-0011,3.50,Americano with Milk
2025-05-27,13:11,card,ANON-0000-0000-0002,4.00,Latte
2025-05-27,15:55,card,ANON-0000-0000-0078,4.00,Latte
2025-05-27,17:08,card,ANON-0000-0000-0112,3.50,Americano with Milk
2025-05-27,17:11,card,ANON-0000-0000-0012,3.50,Cortado
2025-05-27,19:27,cash,,4.00,Latte
2025-05-28,07:00,card,ANON-0000-0000-0147,4.00,Latte
2025-05-28,08:11,card,ANON-0000-0000-0027,4.00,Latte
2025-05-28,08:23,card,ANON-0000-0000-0001,4.00,Cappuccino
2025-05-28,08:26,card,ANON-0000-0000-0303,4.00,Cappuccino
2025-05-28,10:05,card,ANON-0000-0000-0004,2.50,Espresso
2025-05-28,10:45,cash,,4.00,Latte
2025-05-28,10:49,card,ANON-0000-0000-0220,3.10,Americano
2025-05-28,11:35,card,ANON-0000-0000-0073,4.00,Cocoa
2025-05-28,13:03,card,ANON-0000-0000-0030,2.50,Espresso
2025-05-28,13:04,card,ANON-0000-0000-0021,4.00,Latte
2025-05-28,14:52,card,ANON-0000-0000-0112,4.00,Hot Chocolate
2025-05-28,14:57,card,ANON-0000-0000-0102,3.50,Cortado
2025-05-29,07:08,card,ANON-0000-0000-0148,4.00,Cocoa
2025-05-29,09:10,card,ANON-0000-0000-0004,4.00,Latte
2025-05-29,10:15,cash,,2.50,Espresso
2025-05-29,10:48,card,ANON-0000-0000-0115,4.00,Latte
2025-05-29,11:31,card,ANON-0000-0000-0170,3.50,Cortado
2025-05-29,12:47,cash,,3.10,Americano
2025-05-29,14:37,card,ANON-0000-0000-0006,3.10,Americano
2025-05-29,15:52,card,ANON-0000-0000-0336,4.00,Cappuccino
2025-05-29,17:37,card,ANON-0000-0000-0007,4.00,Latte
2025-05-29,19:14,card,ANON-0000-0000-0122,4.00,Cappuccino
2025-05-29,19:20,card,ANON-0000-0000-0001,4.00,Cocoa
2025-05-29,19:47,card,ANON-0000-0000-0003,2.50,Espresso
2025-05-30,07:25,card,ANON-0000-0000-0011,4.00,Latte
2025-05-30,08:38,card,ANON-0000-0000-0487,3.10,Americano
2025-05-30,09:28,card,ANON-0000-0000-0006,4.00,Cocoa
2025-05-30,10:04,cash,,3.10,Americano
2025-05-30,12:49,cash,,3.50,Americano with Milk
2025-05-30,13:31,card,ANON-0000-0000-0186,4.00,Latte
2025-05-30,15:04,card,ANON-0000-0000-0004,3.50,Americano with Milk
2025-05-30,15:12,card,ANON-0000-0000-0017,4.00,Latte
2025-05-30,16:53,cash,,3.10,Americano
2025-05-30,17:41,card,ANON-0000-0000-0067,3.50,Americano with Milk
2025-05-30,17:51,card,ANON-0000-0000-0005,3.50,Americano with Milk
2025-05-31,08:00,card,ANON-0000-0000-0008,3.50,Americano with Milk
2025-05-31,09:02,card,ANON-0000-0000-0089,4.00,Cappuccino
2025-05-31,09:26,card,ANON-0000-0000-0022,4.00,Cappuccino
2025-05-31,13:00,card,ANON-0000-0000-0228,4.00,Latte
2025-05-31,14:30,card,ANON-0000-0000-0072,4.00,Cappuccino
2025-05-31,16:26,card,ANON-0000-0000-0149,3.50,Cortado
2025-05-31,16:46,card,ANON-0000-0000-0017,4.00,Latte
2025-05-31,20:38,cash,,4.00,Latte
2025-06-01,09:12,card,ANON-0000-0000-0001,4.00,Latte
2025-06-01,10:35,card,ANON-0000-0000-0416,4.00,Cappuccino
2025-06-01,12:06,cash,,3.50,Cortado
2025-06-01,12:11,card,ANON-0000-0000-0003,4.00,Latte
2025-06-01,13:44,card,ANON-0000-0000-0226,3.50,Cortado
2025-06-01,15:31,card,ANON-0000-0000-0001,3.50,Americano with Milk
2025-06-01,18:54,card,ANON-0000-0000-0352,3.50,Americano with Milk
2025-06-01,19:45,card,ANON-0000-0000-0283,4.00,Cappuccino
2025-06-02,07:02,card,ANON-0000-0000-0001,4.00,Latte
2025-06-02,07:22,card,ANON-0000-0000-0029,3.10,Americano
2025-06-02,08:23,card,ANON-0000-0000-0434,3.50,Americano with Milk
2025-06-02,09:19,card,ANON-0000-0000-0282,4.00,Latte
2025-06-02,10:45,card,ANON-0000-0000-0027,4.00,Latte
2025-06-02,11:25,card,ANON-0000-0000-0061,4.00,Latte
2025-06-02,12:04,card,ANON-0000-0000-0003,4.00,Hot Chocolate
2025-06-02,12:14,card,ANON-0000-0000-0003,3.10,Americano
2025-06-02,13:14,card,ANON-0000-0000-0016,2.50,Espresso
2025-06-02,14:47,card,ANON-0000-0000-0003,3.50,Americano with Milk
2025-06-02,21:29,card,ANON-0000-0000-0553,3.10,Americano
2025-06-03,07:43,card,ANON-0000-0000-0201,4.00,Cocoa
2025-06-03,08:29,card,ANON-0000-0000-0240,4.00,Cocoa
2025-06-03,09:12,card,ANON-0000-0000-0031,4.00,Cappuccino
2025-06-03,09:32,card,ANON-0000-0000-0109,3.50,Americano with Milk
2025-06-03,10:37,card,ANON-0000-0000-0246,4.00,Latte
2025-06-03,10:52,card,ANON-0000-0000-0186,3.50,Americano with Milk
2025-06-03,11:33,card,ANON-0000-0000-0174,4.00,Cappuccino
2025-06-03,12:30,card,ANON-0000-0000-0543,4.00,Latte
2025-06-03,15:46,card,ANON-0000-0000-0033,4.00,Hot Chocolate
2025-06-03,18:00,card,ANON-0000-0000-0552,3.10,Americano
2025-06-03,18:38,card,ANON-0000-0000-0004,3.10,Americano
2025-06-03,19:14,cash,,4.00,Cocoa
2025-06-03,21:14,card,ANON-0000-0000-0014,4.00,Latte
2025-06-04,07:12,card,ANON-0000-0000-0427,4.00,Cocoa
2025-06-04,08:30,cash,,3.10,Americano
2025-06-04,09:56,card,ANON-0000-0000-0064,2.50,Espresso
2025-06-04,10:26,card,ANON-0000-0000-0007,2.50,Espresso
2025-06-04,11:49,card,ANON-0000-0000-0038,4.00,Latte
2025-06-04,13:09,card,ANON-0000-0000-0340,4.00,Latte
2025-06-04,14:38,card,ANON-0000-0000-0001,4.00,Latte
2025-06-04,14:49,card,ANON-0000-0000-0021,4.00,Latte
2025-06-04,15:10,cash,,4.00,Latte
2025-06-04,16:21,card,ANON-0000-0000-0006,3.50,Cortado
2025-06-04,17:02,card,ANON-0000-0000-0002,4.00,Latte
2025-06-04,17:06,card,ANON-0000-0000-0423,4.00,Cocoa
2025-06-04,20:05,card,ANON-0000-0000-0411,4.00,Latte
2025-06-04,20:29,card,ANON-0000-0000-0258,3.50,Americano with Milk
2025-06-05,08:19,card,ANON-0000-0000-0347,4.00,Latte
2025-06-05,08:34,card,ANON-0000-0000-0148,3.50,Americano with Milk
2025-06-05,09:38,cash,,4.00,Hot Chocolate
2025-06-05,10:15,cash,,4.00,Cocoa
2025-06-05,10:27,card,ANON-0000-0000-0037,3.10,Americano
2025-06-05,11:42,card,ANON-0000-0000-0003,4.00,Latte
2025-06-05,12:28,card,ANON-0000-0000-0114,3.50,Cortado
2025-06-05,16:05,card,ANON-0000-0000-0205,3.50,Cortado
2025-06-05,17:51,card,ANON-0000-0000-0329,4.00,Latte
2025-06-05,20:06,card,ANON-0000-0000-0055,3.50,Cortado
2025-06-05,21:40,card,ANON-0000-0000-0051,2.50,Espresso
2025-06-06,10:13,cash,,3.50,Americano with Milk
2025-06-06,10:54,card,ANON-0000-0000-0073,3.50,Americano with Milk
2025-06-06,11:26,card,ANON-0000-0000-0093,3.50,Cortado
2025-06-06,11:56,card,ANON-0000-0000-0001,4.00,Cappuccino
2025-06-06,13:35,card,ANON-0000-0000-0006,4.00,Cappuccino
2025-06-06,14:27,card,ANON-0000-0000-0107,4.00,Latte
2025-06-06,14:52,card,ANON-0000-0000-0315,4.00,Cappuccino
2025-06-06,15:15,card,ANON-0000-0000-0124,4.00,Latte
2025-06-06,16:50,card,ANON-0000-0000-0001,4.00,Latte
2025-06-06,17:45,card,ANON-0000-0000-0012,3.10,Americano
2025-06-06,19:16,card,ANON-0000-0000-0071,3.50,Americano with Milk
2025-06-06,19:20,card,ANON-0000-0000-0022,4.00,Latte
2025-06-07,08:07,card,ANON-0000-0000-0007,3.10,Americano
2025-06-07,15:50,cash,,3.50,Americano with Milk
2025-06-07,17:33,card,ANON-0000-0000-0144,4.00,Latte
2025-06-08,07:08,card,ANON-0000-0000-0045,2.50,Espresso
2025-06-08,07:18,card,ANON-0000-0000-0155,3.10,Americano
2025-06-08,07:25,card,ANON-0000-0000-0030,3.50,Americano with Milk
2025-06-08,08:00,card,ANON-0000-0000-0337,2.50,Espresso
2025-06-08,08:59,card,ANON-0000-0000-0075,4.00,Latte
2025-06-08,09:16,card,ANON-0000-0000-0018,4.00,Cocoa
2025-06-08,11:44,cash,,4.00,Cocoa
2025-06-08,12:20,card,ANON-0000-0000-0433,4.00,Latte
2025-06-09,08:04,card,ANON-0000-0000-0003,3.10,Americano
2025-06-09,09:02,card,ANON-0000-0000-0032,3.50,Americano with Milk
2025-06-09,09:34,card,ANON-0000-0000-0232,3.10,Americano
2025-06-09,12:54,card,ANON-0000-0000-0001,3.50,Americano with Milk
2025-06-09,13:40,card,ANON-0000-0000-0008,3.50,Cortado
2025-06-09,16:41,card,ANON-0000-0000-0102,4.00,Latte
2025-06-09,18:33,card,ANON-0000-0000-0001,3.50,Americano with Milk
2025-06-09,21:20,card,ANON-0000-0000-0154,3.50,Americano with Milk
2025-06-10,07:09,card,ANON-0000-0000-0046,4.00,Hot Chocolate
2025-06-10,08:15,card,ANON-0000-0000-0234,4.00,Latte
2025-06-10,08:23,card,ANON-0000-0000-0021,4.00,Cocoa
2025-06-10,09:53,card,ANON-0000-0000-0207,4.00,Latte
2025-06-10,10:10,card,ANON-0000-0000-0573,3.50,Cortado
2025-06-10,10:14,card,ANON-0000-0000-0032,4.00,Hot Chocolate
2025-06-10,10:34,card,ANON-0000-0000-0317,4.00,Latte
2025-06-10,10:47,card,ANON-0000-0000-0571,3.10,Americano
2025-06-10,11:15,card,ANON-0000-0000-0048,3.10,Americano
2025-06-10,12:11,card,ANON-0000-0000-0253,4.00,Cappuccino
2025-06-10,13:26,card,ANON-0000-0000-0323,3.50,Cortado
2025-06-10,15:17,card,ANON-0000-0000-0001,3.50,Americano with Milk
2025-06-10,15:52,card,ANON-0000-0000-0233,4.00,Latte
2025-06-11,07:24,card,ANON-0000-0000-0007,3.50,Americano with Milk
2025-06-11,07:28,card,ANON-0000-0000-0497,3.50,Cortado
2025-06-11,07:52,card,ANON-0000-0000-0001,3.50,Cortado
2025-06-11,09:08,card,ANON-0000-0000-0092,4.00,Latte
2025-06-11,09:23,card,ANON-0000-0000-0054,4.00,Cappuccino
2025-06-11,09:43,card,ANON-0000-0000-0017,3.50,Americano with Milk
2025-06-11,10:40,card,ANON-0000-0000-0001,4.00,Cappuccino
2025-06-11,11:08,card,ANON-0000-0000-0093,4.00,Latte
2025-06-11,13:16,cash,,4.00,Cappuccino
2025-06-11,14:29,card,ANON-0000-0000-0027,3.50,Americano with Milk
2025-06-11,15:36,card,ANON-0000-0000-0010,3.10,Americano
2025-06-11,15:48,card,ANON-0000-0000-0149,4.00,Cappuccino
2025-06-11,16:31,card,ANON-0000-0000-0036,4.00,Latte
2025-06-11,19:40,card,ANON-0000-0000-0002,2.50,Espresso
2025-06-11,21:09,card,ANON-0000-0000-0555,4.00,Cappuccino
2025-06-11,21:51,card,ANON-0000-0000-0520,4.00,Cappuccino
2025-06-12,08:23,card,ANON-0000-0000-0264,4.00,Latte
2025-06-12,08:56,card,ANON-0000-0000-0016,4.00,Latte
2025-06-12,09:44,card,ANON-0000-0000-0298,3.50,Cortado
2025-06-12,09:46,card,ANON-0000-0000-0474,4.00,Latte
2025-06-12,09:50,card,ANON-0000-0000-0001,4.00,Latte
2025-06-12,10:01,card,ANON-0000-0000-0159,2.50,Espresso
2025-06-12,11:16,cash,,4.00,Cappuccino
2025-06-12,11:27,card,ANON-0000-0000-0315,4.00,Latte
2025-06-12,11:29,card,ANON-0000-0000-0009,3.50,Americano with Milk
2025-06-12,15:54,card,ANON-0000-0000-0010,4.00,Cappuccino
2025-06-12,15:58,card,ANON-0000-0000-0122,4.00,Latte
2025-06-12,16:07,card,ANON-0000-0000-0028,3.50,Americano with Milk
2025-06-12,16:26,card,ANON-0000-0000-0001,3.10,Americano
2025-06-12,16:53,cash,,4.00,Latte
2025-06-12,18:18,card,ANON-0000-0000-0001,3.50,Americano with Milk
2025-06-12,20:26,card,ANON-0000-0000-0560,4.00,Latte
2025-06-12,21:01,card,ANON-0000-0000-0108,3.50,Americano with Milk
2025-06-12,21:38,card,ANON-0000-0000-0576,3.50,Americano with Milk
2025-06-13,08:24,card,ANON-0000-0000-0011,2.50,Espresso
2025-06-13,09:38,cash,,4.00,Latte
2025-06-13,09:46,card,ANON-0000-0000-0070,4.00,Hot Chocolate
2025-06-13,13:00,cash,,4.00,Latte
2025-06-13,15:44,card,ANON-0000-0000-0057,4.00,Latte
2025-06-13,17:05,card,ANON-0000-0000-0082,4.00,Latte
2025-06-13,17:32,cash,,4.00,Cappuccino
2025-06-13,18:59,card,ANON-0000-0000-0001,3.50,Cortado
2025-06-13,19:01,card,ANON-0000-0000-0001,3.10,Americano
2025-06-14,08:01,card,ANON-0000-0000-0177,4.00,Latte
2025-06-14,08:15,card,ANON-0000-0000-0003,4.00,Latte
2025-06-14,09:26,cash,,3.50,Americano with Milk
2025-06-14,10:59,card,ANON-0000-0000-0388,4.00,Latte
2025-06-14,15:31,card,ANON-0000-0000-0077,3.50,Americano with Milk
2025-06-14,15:40,card,ANON-0000-0000-0112,4.00,Latte
2025-06-14,15:40,card,ANON-0000-0000-0024,4.00,Latte
2025-06-14,18:44,cash,,3.50,Cortado
2025-06-14,19:42,card,ANON-0000-0000-0036,3.50,Americano with Milk
2025-06-14,21:33,card,ANON-0000-0000-0431,3.50,Americano with Milk
2025-06-15,07:06,card,ANON-0000-0000-0130,4.00,Cocoa
2025-06-15,09:32,card,ANON-0000-0000-0078,3.10,Americano
2025-06-15,10:55,card,ANON-0000-0000-0010,3.50,Cortado
2025-06-15,11:27,card,ANON-0000-0000-0136,4.00,Latte
2025-06-15,14:31,card,ANON-0000-0000-0499,3.50,Americano with Milk
2025-06-15,16:19,card,ANON-0000-0000-0235,4.00,Hot Chocolate
2025-06-15,16:30,card,ANON-0000-0000-0067,4.00,Latte
2025-06-15,17:08,card,ANON-0000-0000-0010,3.50,Americano with Milk
2025-06-15,17:49,card,ANON-0000-0000-0002,4.00,Hot Chocolate
2025-06-16,07:49,card,ANON-0000-0000-0104,3.50,Americano with Milk
2025-06-16,08:13,card,ANON-0000-0000-0006,4.00,Latte
2025-06-16,08:20,card,ANON-0000-0000-0078,4.00,Hot Chocolate
2025-06-16,08:37,card,ANON-0000-0000-0419,4.00,Cocoa
2025-06-16,08:41,card,ANON-0000-0000-0057,3.50,Americano with Milk
2025-06-16,09:07,card,ANON-0000-0000-0120,3.10,Americano
2025-06-16,11:10,card,ANON-0000-0000-0257,3.10,Americano
2025-06-16,11:18,card,ANON-0000-0000-0019,4.00,Latte
2025-06-16,11:24,card,ANON-0000-0000-0058,3.50,Americano with Milk
2025-06-16,11:29,card,ANON-0000-0000-0028,4.00,Latte
2025-06-16,13:30,card,ANON-0000-0000-0484,4.00,Latte
2025-06-16,14:15,card,ANON-0000-0000-0375,3.50,Cortado
2025-06-16,14:37,cash,,3.50,Americano with Milk
2025-06-16,16:26,cash,,3.50,Americano with Milk
2025-06-16,19:41,card,ANON-0000-0000-0228,3.10,Americano
2025-06-16,20:42,card,ANON-0000-0000-0415,4.00,Cappuccino
2025-06-17,07:11,card,ANON-0000-0000-0025,4.00,Latte
2025-06-17,08:54,card,ANON-0000-0000-0011,3.50,Americano with Milk
2025-06-17,08:56,card,ANON-0000-0000-0017,3.50,Cortado
2025-06-17,09:12,card,ANON-0000-0000-0018,3.50,Americano with Milk
2025-06-17,09:25,card,ANON-0000-0000-0502,3.50,Americano with Milk
2025-06-17,12:26,card,ANON-0000-0000-0117,3.50,Americano with Milk
2025-06-17,12:35,card,ANON-0000-0000-0017,4.00,Latte
2025-06-17,14:40,card,ANON-0000-0000-0449,3.10,Americano
2025-06-17,15:47,card,ANON-0000-0000-0001,4.00,Cocoa
2025-06-17,16:47,card,ANON-0000-0000-0306,4.00,Latte
2025-06-17,21:30,card,ANON-0000-0000-0004,3.50,Cortado
2025-06-18,07:50,card,ANON-0000-0000-0016,4.00,Latte
2025-06-18,08:40,card,ANON-0000-0000-0337,4.00,Latte
2025-06-18,08:45,card,ANON-0000-0000-0460,4.00,Cappuccino
2025-06-18,10:54,card,ANON-0000-0000-0014,3.50,Americano with Milk
2025-06-18,11:20,card,ANON-0000-0000-0065,4.00,Latte
2025-06-18,12:25,card,ANON-0000-0000-0006,3.50,Americano with Milk
2025-06-18,12:27,card,ANON-0000-0000-0370,4.00,Latte
2025-06-18,13:12,card,ANON-0000-0000-0003,3.50,Americano with Milk
2025-06-18,15:28,card,ANON-0000-0000-0001,3.50,Americano with Milk
2025-06-18,16:21,card,ANON-0000-0000-0238,2.50,Espresso
2025-06-18,17:48,card,ANON-0000-0000-0014,3.50,Americano with Milk
2025-06-19,07:15,card,ANON-0000-0000-0003,4.00,Latte
2025-06-19,08:49,card,ANON-0000-0000-0001,3.50,Americano with Milk
2025-06-19,09:03,card,ANON-0000-0000-0279,3.50,Americano with Milk
2025-06-19,09:43,card,ANON-0000-0000-0599,3.50,Americano with Milk
2025-06-19,09:57,card,ANON-0000-0000-0002,4.00,Hot Chocolate
2025-06-19,10:40,card,ANON-0000-0000-0001,4.00,Hot Chocolate
2025-06-19,10:45,card,ANON-0000-0000-0177,4.00,Latte
2025-06-19,11:44,card,ANON-0000-0000-0030,3.50,Americano with Milk
2025-06-19,14:07,card,ANON-0000-0000-0006,4.00,Cappuccino
2025-06-19,14:12,card,ANON-0000-0000-0005,4.00,Latte
2025-06-19,18:09,card,ANON-0000-0000-0002,3.50,Cortado
2025-06-19,18:20,cash,,3.50,Cortado
2025-06-20,07:53,card,ANON-0000-0000-0111,3.50,Americano with Milk
2025-06-20,08:17,card,ANON-0000-0000-0003,4.00,Latte
2025-06-20,10:40,card,ANON-0000-0000-0020,4.00,Cocoa
2025-06-20,12:29,card,ANON-0000-0000-0165,4.00,Hot Chocolate
2025-06-20,13:06,card,ANON-0000-0000-0011,4.00,Latte
2025-06-20,13:43,card,ANON-0000-0000-0009,4.00,Cappuccino
2025-06-20,16:16,card,ANON-0000-0000-0004,4.00,Hot Chocolate
2025-06-20,19:39,card,ANON-0000-0000-0003,4.00,Latte
2025-06-21,08:35,cash,,3.10,Americano
2025-06-21,08:55,cash,,4.00,Latte
2025-06-21,09:12,card,ANON-0000-0000-0058,3.50,Americano with Milk
2025-06-21,11:28,card,ANON-0000-0000-0006,4.00,Latte
2025-06-21,11:56,card,ANON-0000-0000-0007,2.50,Espresso
2025-06-21,12:15,card,ANON-0000-0000-0024,4.00,Cocoa
2025-06-21,14:09,card,ANON-0000-0000-0052,4.00,Latte
2025-06-21,14:25,card,ANON-0000-0000-0003,3.10,Americano
2025-06-21,15:29,card,ANON-0000-0000-0008,3.10,Americano
2025-06-21,16:00,card,ANON-0000-0000-0254,3.50,Americano with Milk
2025-06-21,16:49,card,ANON-0000-0000-0003,3.50,Americano with Milk
2025-06-21,17:38,card,ANON-0000-0000-0016,3.50,Cortado
2025-06-22,08:09,card,ANON-0000-0000-0031,2.50,Espresso
2025-06-22,10:38,card,ANON-0000-0000-0055,3.10,Americano
2025-06-22,11:19,card,ANON-0000-0000-0001,4.00,Latte
2025-06-22,12:10,card,ANON-0000-0000-0180,3.10,Americano
2025-06-22,12:54,card,ANON-0000-0000-0009,4.00,Latte
2025-06-22,17:49,card,ANON-0000-0000-0430,4.00,Latte
2025-06-22,18:55,card,ANON-0000-0000-0344,4.00,Latte
2025-06-22,21:27,card,ANON-0000-0000-0010,3.50,Americano with Milk
2025-06-23,09:34,card,ANON-0000-0000-0202,4.00,Latte
2025-06-23,13:55,card,ANON-0000-0000-0248,3.50,Americano with Milk
2025-06-23,14:53,card,ANON-0000-0000-0045,3.50,Cortado
2025-06-24,08:04,card,ANON-0000-0000-0023,4.00,Cappuccino
2025-06-24,08:42,card,ANON-0000-0000-0014,3.50,Americano with Milk
2025-06-24,09:43,card,ANON-0000-0000-0005,4.00,Latte
2025-06-24,10:28,cash,,4.00,Hot Chocolate
2025-06-24,11:25,card,ANON-0000-0000-0002,4.00,Latte
2025-06-24,11:28,card,ANON-0000-0000-0360,4.00,Cappuccino
2025-06-24,16:46,card,ANON-0000-0000-0002,4.00,Latte
2025-06-24,21:55,card,ANON-0000-0000-0006,4.00,Cappuccino
2025-06-25,10:28,cash,,4.00,Latte
2025-06-25,10:29,card,ANON-0000-0000-0078,3.50,Americano with Milk
2025-06-25,10:32,card,ANON-0000-0000-0261,4.00,Cappuccino
2025-06-25,10:58,card,ANON-0000-0000-0475,4.00,Latte
2025-06-25,11:09,card,ANON-0000-0000-0220,4.00,Latte
2025-06-25,12:01,card,ANON-0000-0000-0239,3.50,Cortado
2025-06-25,12:18,card,ANON-0000-0000-0369,3.50,Americano with Milk
2025-06-25,13:47,cash,,4.00,Cocoa
2025-06-25,15:09,cash,,4.00,Hot Chocolate
2025-06-25,17:29,card,ANON-0000-0000-0205,4.00,Latte
2025-06-26,10:02,card,ANON-0000-0000-0006,4.00,Cappuccino
2025-06-26,10:57,card,ANON-0000-0000-0310,4.00,Cappuccino
2025-06-26,11:56,cash,,4.00,Latte
2025-06-26,12:10,cash,,4.00,Cappuccino
2025-06-26,12:31,card,ANON-0000-0000-0058,3.50,Americano with Milk
2025-06-26,13:49,card,ANON-0000-0000-0008,4.00,Latte
2025-06-26,15:42,card,ANON-0000-0000-0036,3.50,Cortado
2025-06-26,15:43,card,ANON-0000-0000-0001,3.50,Americano with Milk
2025-06-26,16:13,card,ANON-0000-0000-0071,3.50,Cortado
2025-06-26,18:00,card,ANON-0000-0000-0347,3.50,Americano with Milk
2025-06-26,18:06,card,ANON-0000-0000-0069,4.00,Hot Chocolate
2025-06-26,19:14,card,ANON-0000-0000-0066,4.00,Cocoa
2025-06-26,19:34,card,ANON-0000-0000-0013,3.50,Cortado
2025-06-27,07:56,card,ANON-0000-0000-0006,3.10,Americano
2025-06-27,08:36,card,ANON-0000-0000-0041,3.50,Cortado
2025-06-27,09:22,card,ANON-0000-0000-0192,4.00,Latte
2025-06-27,10:14,card,ANON-0000-0000-0235,4.00,Cocoa
2025-06-27,12:00,card,ANON-0000-0000-0001,4.00,Latte
2025-06-27,12:09,card,ANON-0000-0000-0014,4.00,Cappuccino
2025-06-27,12:16,card,ANON-0000-0000-0258,3.50,Cortado
2025-06-27,13:11,card,ANON-0000-0000-0253,4.00,Latte
2025-06-27,14:46,card,ANON-0000-0000-0011,4.00,Cocoa
2025-06-27,15:52,card,ANON-0000-0000-0559,2.50,Espresso
2025-06-27,16:10,card,ANON-0000-0000-0166,4.00,Cappuccino
2025-06-27,16:44,card,ANON-0000-0000-0008,4.00,Latte
2025-06-27,19:41,cash,,4.00,Latte
2025-06-27,20:16,card,ANON-0000-0000-0196,3.50,Americano with Milk
2025-06-28,09:21,card,ANON-0000-0000-0145,3.50,Cortado
2025-06-28,10:02,card,ANON-0000-0000-0016,3.10,Americano
2025-06-28,10:20,card,ANON-0000-0000-0007,4.00,Cappuccino
2025-06-28,11:01,card,ANON-0000-0000-0022,4.00,Cappuccino
2025-06-28,12:42,cash,,3.50,Cortado
2025-06-28,16:18,card,ANON-0000-0000-0008,4.00,Cappuccino
2025-06-28,18:36,card,ANON-0000-0000-0002,4.00,Cocoa
2025-06-29,07:48,cash,,4.00,Hot Chocolate
2025-06-29,08:49,card,ANON-0000-0000-0001,3.10,Americano
2025-06-29,12:40,card,ANON-0000-0000-0592,4.00,Cappuccino
2025-06-29,15:49,card,ANON-0000-0000-0248,3.10,Americano
2025-06-29,16:47,card,ANON-0000-0000-0124,3.10,Americano
2025-06-29,19:11,card,ANON-0000-0000-0157,4.00,Hot Chocolate
2025-06-30,08:07,cash,,4.00,Cocoa
2025-06-30,08:13,card,ANON-0000-0000-0038,3.50,Americano with Milk
2025-06-30,09:04,card,ANON-0000-0000-0020,3.50,Americano with Milk
2025-06-30,09:34,card,ANON-0000-0000-0017,4.00,Hot Chocolate
2025-06-30,10:52,card,ANON-0000-0000-0011,3.50,Americano with Milk
2025-06-30,11:32,cash,,3.10,Americano
2025-06-30,11:39,card,ANON-0000-0000-0002,4.00,Latte
2025-06-30,12:51,card,ANON-0000-0000-0033,3.50,Americano with Milk
2025-06-30,14:15,card,ANON-0000-0000-0068,4.00,Latte
2025-06-30,14:48,card,ANON-0000-0000-0002,4.00,Latte
2025-06-30,15:34,card,ANON-0000-0000-0336,4.00,Hot Chocolate
2025-06-30,16:20,card,ANON-0000-0000-0095,4.00,Latte
2025-06-30,16:49,card,ANON-0000-0000-0132,4.00,Cocoa
2025-06-30,21:04,cash,,3.50,Cortado
2025-06-30,21:10,card,ANON-0000-0000-0019,3.50,Cortado
2025-07-01,08:16,card,ANON-0000-0000-0177,4.00,Latte
2025-07-01,09:49,card,ANON-0000-0000-0034,4.00,Cocoa
2025-07-01,10:42,card,ANON-0000-0000-0038,4.00,Cocoa
2025-07-01,10:54,card,ANON-0000-0000-0012,4.00,Cappuccino
2025-07-01,14:13,cash,,4.00,Latte
2025-07-01,14:18,card,ANON-0000-0000-0022,3.50,Americano with Milk
2025-07-01,15:17,card,ANON-0000-0000-0527,3.50,Cortado
2025-07-01,15:42,card,ANON-0000-0000-0187,4.00,Latte
2025-07-01,16:03,card,ANON-0000-0000-0012,3.50,Americano with Milk
2025-07-01,20:10,card,ANON-0000-0000-0174,4.00,Cappuccino
2025-07-01,21:32,card,ANON-0000-0000-0099,4.00,Latte
2025-07-02,08:56,card,ANON-0000-0000-0406,4.00,Hot Chocolate
2025-07-02,09:08,card,ANON-0000-0000-0141,3.10,Americano
2025-07-02,11:33,cash,,4.00,Latte
2025-07-02,13:46,card,ANON-0000-0000-0005,4.00,Cappuccino
2025-07-02,14:07,card,ANON-0000-0000-0151,3.50,Cortado
2025-07-02,16:49,card,ANON-0000-0000-0011,3.50,Americano with Milk
2025-07-03,07:26,card,ANON-0000-0000-0377,3.10,Americano
2025-07-03,08:48,cash,,4.00,Latte
2025-07-03,10:15,cash,,4.00,Cappuccino
2025-07-03,11:26,card,ANON-0000-0000-0132,3.50,Americano with Milk
2025-07-03,11:32,card,ANON-0000-0000-0189,3.50,Americano with Milk
2025-07-03,12:11,card,ANON-0000-0000-0001,3.50,Americano with Milk
2025-07-03,15:05,card,ANON-0000-0000-0080,4.00,Cocoa
2025-07-03,15:27,card,ANON-0000-0000-0001,2.50,Espresso
2025-07-04,08:29,card,ANON-0000-0000-0018,3.50,Americano with Milk
2025-07-04,09:37,card,ANON-0000-0000-0020,3.10,Americano
2025-07-04,14:38,card,ANON-0000-0000-0015,3.50,Americano with Milk
2025-07-04,15:01,card,ANON-0000-0000-0459,3.50,Cortado
2025-07-04,16:36,card,ANON-0000-0000-0547,2.50,Espresso
2025-07-04,17:02,card,ANON-0000-0000-0036,3.50,Americano with Milk
2025-07-04,19:40,card,ANON-0000-0000-0002,4.00,Latte
2025-07-05,12:33,card,ANON-0000-0000-0227,4.00,Cappuccino
2025-07-05,13:42,card,ANON-0000-0000-0010,4.00,Cappuccino
2025-07-05,14:51,card,ANON-0000-0000-0002,3.10,Americano
2025-07-05,18:41,card,ANON-0000-0000-0001,4.00,Latte
2025-07-05,19:12,card,ANON-0000-0000-0021,3.50,Cortado
2025-07-06,07:59,card,ANON-0000-0000-0091,4.00,Latte
2025-07-06,09:35,card,ANON-0000-0000-0040,3.10,Americano
2025-07-06,14:17,card,ANON-0000-0000-0323,3.10,Americano
2025-07-06,15:24,card,ANON-0000-0000-0086,4.00,Latte
2025-07-06,16:03,card,ANON-0000-0000-0093,4.00,Cappuccino
2025-07-06,16:29,card,ANON-0000-0000-0002,4.00,Hot Chocolate
2025-07-06,17:35,cash,,4.00,Cocoa
2025-07-06,19:24,cash,,4.00,Latte
2025-07-07,09:10,card,ANON-0000-0000-0033,4.00,Latte
2025-07-07,09:29,cash,,4.00,Cappuccino
2025-07-07,09:35,card,ANON-0000-0000-0304,3.50,Cortado
2025-07-07,10:47,card,ANON-0000-0000-0025,3.50,Cortado
2025-07-07,11:02,card,ANON-0000-0000-0005,3.50,Americano with Milk
2025-07-07,11:10,card,ANON-0000-0000-0356,4.00,Latte
2025-07-07,12:46,card,ANON-0000-0000-0036,3.50,Americano with Milk
2025-07-07,14:39,card,ANON-0000-0000-0068,3.50,Cortado
2025-07-07,16:27,card,ANON-0000-0000-0005,4.00,Latte
2025-07-07,16:45,card,ANON-0000-0000-0001,3.50,Americano with Milk
2025-07-07,17:20,card,ANON-0000-0000-0239,4.00,Cappuccino
2025-07-07,20:16,card,ANON-0000-0000-0136,2.50,Espresso
2025-07-08,08:55,card,ANON-0000-0000-0035,4.00,Latte
2025-07-08,09:52,card,ANON-0000-0000-0016,4.00,Hot Chocolate
2025-07-08,10:35,cash,,4.00,Latte
2025-07-08,11:51,card,ANON-0000-0000-0168,3.50,Americano with Milk
2025-07-08,12:55,card,ANON-0000-0000-0024,4.00,Hot Chocolate
2025-07-08,13:47,card,ANON-0000-0000-0029,4.00,Hot Chocolate
2025-07-08,15:23,card,ANON-0000-0000-0568,4.00,Cappuccino
2025-07-08,15:25,card,ANON-0000-0000-0157,4.00,Hot Chocolate
2025-07-08,15:55,cash,,4.00,Latte
2025-07-08,16:39,card,ANON-0000-0000-0016,4.00,Cappuccino
2025-07-09,10:20,card,ANON-0000-0000-0001,4.00,Cocoa
2025-07-09,15:40,cash,,4.00,Cappuccino
2025-07-09,16:22,cash,,3.50,Americano with Milk
2025-07-09,16:24,card,ANON-0000-0000-0016,4.00,Latte
2025-07-09,16:52,card,ANON-0000-0000-0022,3.10,Americano
2025-07-09,19:07,card,ANON-0000-0000-0015,4.00,Latte
2025-07-10,08:12,card,ANON-0000-0000-0010,4.00,Latte
2025-07-10,08:14,card,ANON-0000-0000-0365,3.50,Americano with Milk
2025-07-10,10:38,card,ANON-0000-0000-0006,4.00,Latte
2025-07-10,12:46,card,ANON-0000-0000-0179,4.00,Cappuccino
2025-07-10,13:26,card,ANON-0000-0000-0037,3.50,Cortado
2025-07-10,14:49,card,ANON-0000-0000-0011,4.00,Latte
2025-07-10,19:05,card,ANON-0000-0000-0018,3.10,Americano
2025-07-10,19:51,card,ANON-0000-0000-0201,4.00,Latte
2025-07-11,08:33,card,ANON-0000-0000-0052,3.50,Americano with Milk
2025-07-11,10:37,card,ANON-0000-0000-0005,3.50,Americano with Milk
2025-07-11,11:59,card,ANON-0000-0000-0002,4.00,Latte
2025-07-11,12:27,card,ANON-0000-0000-0354,4.00,Latte
2025-07-11,16:30,card,ANON-0000-0000-0196,3.50,Cortado
2025-07-11,17:21,card,ANON-0000-0000-0117,3.50,Cortado
2025-07-11,20:57,card,ANON-0000-0000-0378,4.00,Latte
2025-07-11,21:06,card,ANON-0000-0000-0001,4.00,Latte
2025-07-12,08:58,card,ANON-0000-0000-0236,4.00,Latte
2025-07-12,14:20,card,ANON-0000-0000-0513,3.50,Americano with Milk
2025-07-12,15:01,card,ANON-0000-0000-0006,3.50,Cortado
2025-07-12,18:33,card,ANON-0000-0000-0017,4.00,Latte
2025-07-12,19:42,cash,,3.50,Americano with Milk
2025-07-13,09:16,card,ANON-0000-0000-0011,4.00,Cappuccino
2025-07-13,10:46,card,ANON-0000-0000-0047,3.50,Americano with Milk
2025-07-13,11:01,card,ANON-0000-0000-0061,4.00,Latte
2025-07-13,11:42,card,ANON-0000-0000-0596,2.50,Espresso
2025-07-13,15:42,card,ANON-0000-0000-0020,4.00,Cappuccino
2025-07-13,18:26,card,ANON-0000-0000-0184,4.00,Cappuccino
2025-07-14,08:43,card,ANON-0000-0000-0002,3.50,Americano with Milk
2025-07-14,09:37,card,ANON-0000-0000-0001,4.00,Latte
2025-07-14,10:51,cash,,4.00,Cocoa
2025-07-14,11:48,card,ANON-0000-0000-0450,3.50,Cortado
2025-07-14,15:32,card,ANON-0000-0000-0008,3.50,Americano with Milk
2025-07-14,15:32,card,ANON-0000-0000-0018,4.00,Latte
2025-07-15,09:22,card,ANON-0000-0000-0119,3.50,Cortado
2025-07-15,09:47,card,ANON-0000-0000-0006,4.00,Cappuccino
2025-07-15,09:48,card,ANON-0000-0000-0001,4.00,Cappuccino
2025-07-15,11:30,card,ANON-0000-0000-0001,3.50,Cortado
2025-07-15,12:47,card,ANON-0000-0000-0085,4.00,Latte
2025-07-15,14:30,card,ANON-0000-0000-0002,3.50,Cortado
2025-07-15,15:19,card,ANON-0000-0000-0069,3.50,Americano with Milk
2025-07-16,08:02,card,ANON-0000-0000-0002,3.50,Cortado
2025-07-16,08:53,cash,,4.00,Latte
2025-07-16,11:40,card,ANON-0000-0000-0308,4.00,Latte
2025-07-16,11:43,card,ANON-0000-0000-0180,3.10,Americano
2025-07-16,12:29,card,ANON-0000-0000-0343,3.50,Cortado
2025-07-16,12:48,card,ANON-0000-0000-0043,3.10,Americano
2025-07-16,13:05,card,ANON-0000-0000-0516,3.50,Americano with Milk
2025-07-16,13:23,card,ANON-0000-0000-0376,4.00,Cappuccino
2025-07-16,13:35,card,ANON-0000-0000-0008,3.10,Americano
2025-07-16,13:59,card,ANON-0000-0000-0003,4.00,Latte
2025-07-16,14:21,cash,,4.00,Hot Chocolate
2025-07-16,14:42,card,ANON-0000-0000-0093,4.00,Hot Chocolate
2025-07-16,17:54,cash,,4.00,Cappuccino
2025-07-16,20:33,card,ANON-0000-0000-0140,4.00,Latte
2025-07-17,08:24,card,ANON-0000-0000-0024,3.50,Americano with Milk
2025-07-17,11:25,cash,,3.50,Americano with Milk
2025-07-17,12:42,card,ANON-0000-0000-0047,4.00,Hot Chocolate
2025-07-17,13:41,card,ANON-0000-0000-0005,3.10,Americano
2025-07-17,18:55,card,ANON-0000-0000-0027,4.00,Cappuccino
2025-07-17,21:22,cash,,3.50,Americano with Milk
2025-07-18,08:32,card,ANON-0000-0000-0156,4.00,Latte
2025-07-18,08:40,card,ANON-0000-0000-0209,3.10,Americano
2025-07-18,08:45,card,ANON-0000-0000-0014,4.00,Cappuccino
2025-07-18,09:11,card,ANON-0000-0000-0002,4.00,Latte
2025-07-18,09:30,card,ANON-0000-0000-0456,4.00,Cappuccino
2025-07-18,11:24,card,ANON-0000-0000-0020,4.00,Latte
2025-07-18,12:06,card,ANON-0000-0000-0427,3.50,Cortado
2025-07-18,12:25,card,ANON-0000-0000-0004,4.00,Cocoa
2025-07-18,13:41,card,ANON-0000-0000-0001,4.00,Latte
2025-07-18,13:57,card,ANON-0000-0000-0003,4.00,Cappuccino
2025-07-18,18:37,card,ANON-0000-0000-0110,4.00,Latte
2025-07-18,21:39,card,ANON-0000-0000-0399,3.10,Americano
2025-07-19,08:24,card,ANON-0000-0000-0171,3.50,Cortado
2025-07-19,11:10,cash,,3.10,Americano
2025-07-19,11:54,card,ANON-0000-0000-0001,3.50,Cortado
2025-07-19,12:10,card,ANON-0000-0000-0001,4.00,Cappuccino
2025-07-19,13:54,card,ANON-0000-0000-0014,4.00,Cappuccino
2025-07-19,15:39,card,ANON-0000-0000-0116,4.00,Latte
2025-07-19,16:12,cash,,4.00,Cappuccino
2025-07-19,17:58,card,ANON-0000-0000-0123,3.50,Cortado
2025-07-19,19:42,card,ANON-0000-0000-0007,4.00,Hot Chocolate
2025-07-20,07:23,card,ANON-0000-0000-0279,3.50,Americano with Milk
2025-07-20,10:13,card,ANON-0000-0000-0027,4.00,Cappuccino
2025-07-20,10:56,card,ANON-0000-0000-0191,4.00,Latte
2025-07-20,11:41,card,ANON-0000-0000-0071,3.50,Americano with Milk
2025-07-20,12:26,card,ANON-0000-0000-0012,4.00,Cappuccino
2025-07-20,14:24,card,ANON-0000-0000-0075,3.50,Americano with Milk
2025-07-20,15:17,card,ANON-0000-0000-0105,3.50,Cortado
2025-07-21,09:01,card,ANON-0000-0000-0002,3.10,Americano
2025-07-21,09:58,card,ANON-0000-0000-0048,2.50,Espresso
2025-07-21,10:02,cash,,4.00,Cappuccino
2025-07-21,11:35,card,ANON-0000-0000-0068,4.00,Latte
2025-07-21,11:44,card,ANON-0000-0000-0052,4.00,Latte
2025-07-21,13:53,card,ANON-0000-0000-0281,3.50,Cortado
2025-07-21,15:07,card,ANON-0000-0000-0330,3.50,Cortado
2025-07-21,15:40,card,ANON-0000-0000-0109,4.00,Latte
2025-07-21,18:13,card,ANON-0000-0000-0549,3.10,Americano
2025-07-21,20:15,card,ANON-0000-0000-0265,3.10,Americano
2025-07-21,20:35,card,ANON-0000-0000-0006,3.10,Americano
2025-07-21,21:41,card,ANON-0000-0000-0480,3.50,Americano with Milk
2025-07-22,09:06,card,ANON-0000-0000-0053,4.00,Cocoa
2025-07-22,09:17,card,ANON-0000-0000-0317,4.00,Latte
2025-07-22,09:29,card,ANON-0000-0000-0240,3.50,Cortado
2025-07-22,10:21,card,ANON-0000-0000-0241,4.00,Hot Chocolate
2025-07-22,10:47,card,ANON-0000-0000-0423,4.00,Cappuccino
2025-07-22,11:29,card,ANON-0000-0000-0343,4.00,Latte
2025-07-22,11:50,cash,,4.00,Cappuccino
2025-07-22,12:27,card,ANON-0000-0000-0292,3.50,Americano with Milk
2025-07-22,14:01,card,ANON-0000-0000-0001,3.50,Americano with Milk
2025-07-22,14:07,card,ANON-0000-0000-0267,3.10,Americano
2025-07-22,15:34,card,ANON-0000-0000-0001,3.50,Cortado
2025-07-22,17:46,cash,,4.00,Latte
2025-07-22,18:44,card,ANON-0000-0000-0033,4.00,Hot Chocolate
2025-07-22,19:23,card,ANON-0000-0000-0003,4.00,Hot Chocolate
2025-07-22,20:22,card,ANON-0000-0000-0110,3.50,Cortado
2025-07-22,20:31,card,ANON-0000-0000-0015,3.50,Americano with Milk
2025-07-23,08:18,card,ANON-0000-0000-0007,4.00,Cappuccino
2025-07-23,08:46,cash,,3.50,Americano with Milk
2025-07-23,08:53,card,ANON-0000-0000-0373,2.50,Espresso
2025-07-23,09:48,card,ANON-0000-0000-0003,3.10,Americano
2025-07-23,10:40,card,ANON-0000-0000-0094,3.50,Americano with Milk
2025-07-23,11:19,card,ANON-0000-0000-0078,3.50,Americano with Milk
2025-07-23,13:57,card,ANON-0000-0000-0010,4.00,Cocoa
2025-07-23,15:30,card,ANON-0000-0000-0308,3.50,Americano with Milk
2025-07-23,16:05,card,ANON-0000-0000-0004,3.10,Americano
2025-07-23,17:35,card,ANON-0000-0000-0115,3.10,Americano
2025-07-23,20:21,card,ANON-0000-0000-0050,4.00,Cappuccino
2025-07-23,20:43,card,ANON-0000-0000-0164,4.00,Latte
2025-07-24,07:09,card,ANON-0000-0000-0005,3.10,Americano
2025-07-24,08:15,card,ANON-0000-0000-0374,4.00,Cocoa
2025-07-24,09:53,card,ANON-0000-0000-0479,3.50,Cortado
2025-07-24,10:02,card,ANON-0000-0000-0027,4.00,Hot Chocolate
2025-07-24,10:08,card,ANON-0000-0000-0008,4.00,Latte
2025-07-24,11:04,cash,,4.00,Cocoa
2025-07-24,12:16,card,ANON-0000-0000-0001,3.50,Cortado
2025-07-24,14:50,card,ANON-0000-0000-0116,3.50,Americano with Milk
2025-07-24,18:53,card,ANON-0000-0000-0007,4.00,Latte
2025-07-24,20:36,card,ANON-0000-0000-0027,4.00,Cappuccino
2025-07-24,21:01,card,ANON-0000-0000-0072,3.10,Americano
2025-07-24,21:13,card,ANON-0000-0000-0012,4.00,Latte
2025-07-25,08:42,card,ANON-0000-0000-0015,4.00,Cappuccino
2025-07-25,08:46,card,ANON-0000-0000-0224,3.10,Americano
2025-07-25,08:57,card,ANON-0000-0000-0002,4.00,Latte
2025-07-25,09:36,card,ANON-0000-0000-0003,3.50,Americano with Milk
2025-07-25,10:28,card,ANON-0000-0000-0066,3.50,Americano with Milk
2025-07-25,11:32,card,ANON-0000-0000-0009,3.10,Americano
2025-07-25,11:33,card,ANON-0000-0000-0024,4.00,Hot Chocolate
2025-07-25,12:12,card,ANON-0000-0000-0127,3.50,Cortado
2025-07-25,12:38,card,ANON-0000-0000-0056,4.00,Cappuccino
2025-07-25,13:58,card,ANON-0000-0000-0380,3.50,Cortado
2025-07-25,15:44,card,ANON-0000-0000-0255,4.00,Latte
2025-07-26,09:10,card,ANON-0000-0000-0002,4.00,Latte
2025-07-26,10:01,card,ANON-0000-0000-0008,3.50,Americano with Milk
2025-07-26,10:04,card,ANON-0000-0000-0006,3.50,Cortado
2025-07-26,11:27,card,ANON-0000-0000-0224,4.00,Hot Chocolate
2025-07-26,17:13,card,ANON-0000-0000-0002,4.00,Cappuccino
2025-07-27,08:34,cash,,4.00,Latte
2025-07-27,09:02,card,ANON-0000-0000-0421,2.50,Espresso
2025-07-27,09:54,card,ANON-0000-0000-0134,4.00,Cappuccino
2025-07-27,09:56,card,ANON-0000-0000-0166,4.00,Latte
2025-07-27,10:38,card,ANON-0000-0000-0550,4.00,Latte
2025-07-28,09:29,card,ANON-0000-0000-0002,4.00,Hot Chocolate
2025-07-28,11:50,card,ANON-0000-0000-0399,2.50,Espresso
2025-07-28,11:59,card,ANON-0000-0000-0125,2.50,Espresso
2025-07-28,15:09,card,ANON-0000-0000-0019,3.10,Americano
2025-07-28,15:20,cash,,3.10,Americano
2025-07-28,15:24,card,ANON-0000-0000-0004,4.00,Latte
2025-07-28,15:41,card,ANON-0000-0000-0360,4.00,Cappuccino
2025-07-28,18:19,card,ANON-0000-0000-0004,4.00,Latte
2025-07-28,18:47,card,ANON-0000-0000-0083,4.00,Cappuccino
2025-07-28,20:37,card,ANON-0000-0000-0177,4.00,Latte
2025-07-29,08:23,cash,,3.50,Americano with Milk
2025-07-29,08:27,card,ANON-0000-0000-0007,3.50,Americano with Milk
2025-07-29,09:39,card,ANON-0000-0000-0119,4.00,Latte
2025-07-29,13:33,card,ANON-0000-0000-0268,4.00,Latte
2025-07-29,15:06,card,ANON-0000-0000-0078,4.00,Cocoa
2025-07-29,15:09,card,ANON-0000-0000-0309,4.00,Hot Chocolate
2025-07-29,15:40,card,ANON-0000-0000-0530,4.00,Hot Chocolate
2025-07-30,08:01,card,ANON-0000-0000-0079,4.00,Cappuccino
2025-07-30,09:07,card,ANON-0000-0000-0065,3.10,Americano
2025-07-30,09:23,card,ANON-0000-0000-0224,4.00,Cappuccino
2025-07-30,10:02,card,ANON-0000-0000-0271,3.10,Americano
2025-07-30,10:32,card,ANON-0000-0000-0068,4.00,Latte
2025-07-30,11:22,card,ANON-0000-0000-0009,3.10,Americano
2025-07-30,12:56,card,ANON-0000-0000-0136,3.50,Americano with Milk
2025-07-30,13:16,card,ANON-0000-0000-0074,4.00,Latte
2025-07-30,15:11,card,ANON-0000-0000-0001,4.00,Latte
2025-07-30,17:51,card,ANON-0000-0000-0003,3.10,Americano
2025-07-30,19:11,card,ANON-0000-0000-0001,4.00,Latte
2025-07-30,19:27,card,ANON-0000-0000-0016,4.00,Latte
2025-07-31,08:22,card,ANON-0000-0000-0010,3.10,Americano
2025-07-31,08:23,card,ANON-0000-0000-0056,3.50,Americano with Milk
2025-07-31,09:51,card,ANON-0000-0000-0059,3.10,Americano
2025-07-31,10:16,cash,,2.50,Espresso
2025-07-31,11:42,card,ANON-0000-0000-0516,4.00,Latte
2025-07-31,11:53,card,ANON-0000-0000-0584,4.00,Latte
2025-07-31,13:16,card,ANON-0000-0000-0003,4.00,Latte
2025-07-31,19:33,card,ANON-0000-0000-0017,2.50,Espresso
2025-07-31,20:22,card,ANON-0000-0000-0372,4.00,Latte
2025-08-01,09:55,card,ANON-0000-0000-0281,4.00,Latte
2025-08-01,10:06,card,ANON-0000-0000-0005,3.50,Americano with Milk
2025-08-01,10:11,card,ANON-0000-0000-0007,4.00,Latte
2025-08-01,10:33,card,ANON-0000-0000-0011,4.00,Cappuccino
2025-08-01,10:40,cash,,3.50,Cortado
2025-08-01,11:04,cash,,3.50,Americano with Milk
2025-08-01,13:33,card,ANON-0000-0000-0427,3.50,Americano with Milk
2025-08-01,14:35,card,ANON-0000-0000-0001,3.50,Americano with Milk
2025-08-01,16:28,card,ANON-0000-0000-0547,4.00,Latte
2025-08-01,18:52,card,ANON-0000-0000-0283,4.00,Cocoa
2025-08-02,08:12,card,ANON-0000-0000-0022,3.50,Cortado
2025-08-02,08:13,card,ANON-0000-0000-0008,3.50,Americano with Milk
2025-08-02,08:55,cash,,4.00,Latte
2025-08-02,13:25,cash,,4.00,Latte
2025-08-02,16:29,card,ANON-0000-0000-0001,4.00,Latte
2025-08-03,08:55,card,ANON-0000-0000-0222,2.50,Espresso
2025-08-03,12:34,cash,,3.10,Americano
2025-08-03,13:56,card,ANON-0000-0000-0018,4.00,Cappuccino
2025-08-03,15:38,card,ANON-0000-0000-0307,3.50,Cortado
2025-08-03,18:10,card,ANON-0000-0000-0011,3.50,Americano with Milk
2025-08-04,09:44,card,ANON-0000-0000-0104,3.50,Cortado
2025-08-04,09:47,card,ANON-0000-0000-0214,4.00,Latte
2025-08-04,12:07,card,ANON-0000-0000-0001,4.00,Latte
2025-08-04,14:10,card,ANON-0000-0000-0053,3.50,Cortado
2025-08-04,16:19,card,ANON-0000-0000-0038,4.00,Cappuccino
2025-08-04,18:58,card,ANON-0000-0000-0021,4.00,Cappuccino
2025-08-04,20:53,card,ANON-0000-0000-0001,4.00,Latte
2025-08-04,20:56,card,ANON-0000-0000-0003,2.50,Espresso
2025-08-05,09:28,card,ANON-0000-0000-0076,4.00,Hot Chocolate
2025-08-05,10:25,card,ANON-0000-0000-0008,4.00,Latte
2025-08-05,10:34,cash,,4.00,Cappuccino
2025-08-05,10:41,card,ANON-0000-0000-0044,4.00,Latte
2025-08-05,11:42,card,ANON-0000-0000-0004,3.50,Cortado
2025-08-05,12:06,cash,,4.00,Latte
2025-08-05,13:58,card,ANON-0000-0000-0079,3.50,Americano with Milk
2025-08-05,14:10,card,ANON-0000-0000-0108,4.00,Latte
2025-08-05,14:20,card,ANON-0000-0000-0048,3.50,Cortado
2025-08-05,14:54,card,ANON-0000-0000-0202,4.00,Latte
2025-08-05,15:27,card,ANON-0000-0000-0004,3.10,Americano
2025-08-05,15:35,card,ANON-0000-0000-0007,3.50,Cortado
2025-08-05,18:17,card,ANON-0000-0000-0416,3.50,Americano with Milk
2025-08-06,07:40,card,ANON-0000-0000-0021,3.50,Americano with Milk
2025-08-06,08:01,card,ANON-0000-0000-0104,3.10,Americano
2025-08-06,09:10,card,ANON-0000-0000-0226,4.00,Cappuccino
2025-08-06,09:16,card,ANON-0000-0000-0001,3.50,Cortado
2025-08-06,09:16,card,ANON-0000-0000-0003,3.50,Americano with Milk
2025-08-06,09:40,card,ANON-0000-0000-0143,3.50,Americano with Milk
2025-08-06,09:55,card,ANON-0000-0000-0001,4.00,Cocoa
2025-08-06,10:29,card,ANON-0000-0000-0014,3.10,Americano
2025-08-06,10:31,card,ANON-0000-0000-0193,4.00,Cocoa
2025-08-06,13:14,card,ANON-0000-0000-0259,4.00,Latte
2025-08-06,14:40,card,ANON-0000-0000-0002,3.50,Cortado
2025-08-06,17:37,card,ANON-0000-0000-0219,3.50,Cortado
2025-08-06,19:20,card,ANON-0000-0000-0210,3.10,Americano
2025-08-07,11:10,card,ANON-0000-0000-0006,4.00,Latte
2025-08-07,12:11,card,ANON-0000-0000-0022,3.50,Americano with Milk
2025-08-07,12:25,card,ANON-0000-0000-0588,3.50,Cortado
2025-08-07,14:59,card,ANON-0000-0000-0002,3.10,Americano
2025-08-07,17:18,card,ANON-0000-0000-0482,3.50,Americano with Milk
2025-08-07,20:26,card,ANON-0000-0000-0489,3.50,Americano with Milk
2025-08-07,20:47,card,ANON-0000-0000-0003,4.00,Cappuccino
2025-08-08,08:00,card,ANON-0000-0000-0106,3.50,Cortado
2025-08-08,08:06,card,ANON-0000-0000-0002,4.00,Latte
2025-08-08,11:22,card,ANON-0000-0000-0187,3.50,Cortado
2025-08-08,11:33,card,ANON-0000-0000-0063,3.50,Americano with Milk
2025-08-08,12:02,card,ANON-0000-0000-0031,4.00,Latte
2025-08-08,12:26,card,ANON-0000-0000-0092,3.50,Cortado
2025-08-08,14:24,card,ANON-0000-0000-0010,4.00,Hot Chocolate
2025-08-08,15:36,card,ANON-0000-0000-0003,3.50,Cortado
2025-08-08,17:50,card,ANON-0000-0000-0204,4.00,Cappuccino
2025-08-08,18:23,card,ANON-0000-0000-0001,4.00,Cappuccino
2025-08-08,18:46,card,ANON-0000-0000-0053,4.00,Latte
2025-08-08,18:53,card,ANON-0000-0000-0322,3.50,Cortado
2025-08-09,07:11,card,ANON-0000-0000-0004,3.50,Americano with Milk
2025-08-09,09:28,card,ANON-0000-0000-0184,3.50,Americano with Milk
2025-08-09,09:58,cash,,3.50,Americano with Milk
2025-08-09,11:11,card,ANON-0000-0000-0525,4.00,Cappuccino
2025-08-09,18:21,card,ANON-0000-0000-0001,4.00,Hot Chocolate
2025-08-09,19:32,card,ANON-0000-0000-0005,4.00,Latte
2025-08-10,07:25,card,ANON-0000-0000-0001,3.10,Americano
2025-08-10,07:53,card,ANON-0000-0000-0014,4.00,Cappuccino
2025-08-10,12:44,card,ANON-0000-0000-0055,4.00,Cappuccino
2025-08-10,16:31,card,ANON-0000-0000-0098,4.00,Latte
2025-08-10,16:34,cash,,3.50,Cortado
2025-08-10,18:17,card,ANON-0000-0000-0332,3.50,Cortado
2025-08-10,19:25,cash,,3.50,Americano with Milk
2025-08-11,08:03,card,ANON-0000-0000-0003,4.00,Latte
2025-08-11,08:31,card,ANON-0000-0000-0017,3.10,Americano
2025-08-11,08:38,card,ANON-0000-0000-0001,3.50,Americano with Milk
2025-08-11,09:13,card,ANON-0000-0000-0223,4.00,Cappuccino
2025-08-11,10:24,card,ANON-0000-0000-0002,3.50,Americano with Milk
2025-08-11,15:38,card,ANON-0000-0000-0518,3.50,Cortado
2025-08-11,17:22,card,ANON-0000-0000-0084,4.00,Cappuccino
2025-08-11,20:45,card,ANON-0000-0000-0047,4.00,Latte
2025-08-12,07:05,card,ANON-0000-0000-0002,3.50,Americano with Milk
2025-08-12,08:30,card,ANON-0000-0000-0008,3.50,Americano with Milk
2025-08-12,08:56,card,ANON-0000-0000-0004,4.00,Cappuccino
2025-08-12,09:15,card,ANON-0000-0000-0134,4.00,Latte
2025-08-12,12:23,card,ANON-0000-0000-0187,4.00,Latte
2025-08-12,13:02,card,ANON-0000-0000-0002,4.00,Latte
2025-08-12,18:43,card,ANON-0000-0000-0322,3.50,Americano with Milk
2025-08-13,08:53,card,ANON-0000-0000-0151,4.00,Cocoa
2025-08-13,09:22,card,ANON-0000-0000-0001,3.50,Cortado
2025-08-13,09:48,card,ANON-0000-0000-0012,3.50,Cortado
2025-08-13,10:32,card,ANON-0000-0000-0085,3.50,Americano with Milk
2025-08-13,11:02,cash,,4.00,Cappuccino
2025-08-13,11:49,card,ANON-0000-0000-0003,4.00,Latte
2025-08-13,12:48,card,ANON-0000-0000-0232,3.50,Americano with Milk
2025-08-13,15:00,card,ANON-0000-0000-0004,3.10,Americano
2025-08-13,16:25,card,ANON-0000-0000-0005,4.00,Cappuccino
2025-08-14,07:11,card,ANON-0000-0000-0072,4.00,Hot Chocolate
2025-08-14,08:27,card,ANON-0000-0000-0033,4.00,Latte
2025-08-14,09:00,card,ANON-0000-0000-0001,4.00,Hot Chocolate
2025-08-14,09:02,card,ANON-0000-0000-0006,4.00,Cappuccino
2025-08-14,09:42,card,ANON-0000-0000-0002,4.00,Cappuccino
2025-08-14,10:51,card,ANON-0000-0000-0012,3.50,Cortado
2025-08-14,11:14,card,ANON-0000-0000-0046,3.50,Americano with Milk
2025-08-14,12:58,card,ANON-0000-0000-0120,3.50,Cortado
2025-08-14,15:59,card,ANON-0000-0000-0141,3.50,Americano with Milk
2025-08-14,16:01,card,ANON-0000-0000-0117,3.50,Americano with Milk
2025-08-14,18:20,card,ANON-0000-0000-0314,3.50,Americano with Milk
2025-08-14,19:51,card,ANON-0000-0000-0167,4.00,Cocoa
2025-08-14,20:24,card,ANON-0000-0000-0046,3.10,Americano
2025-08-14,21:46,card,ANON-0000-0000-0026,4.00,Cappuccino
2025-08-15,07:50,card,ANON-0000-0000-0001,3.50,Cortado
2025-08-15,07:54,card,ANON-0000-0000-0428,3.10,Americano
2025-08-15,08:05,card,ANON-0000-0000-0072,3.50,Americano with Milk
2025-08-15,09:07,card,ANON-0000-0000-0135,4.00,Cappuccino
2025-08-15,09:16,card,ANON-0000-0000-0386,3.50,Americano with Milk
2025-08-15,15:45,card,ANON-0000-0000-0163,4.00,Latte
2025-08-15,16:33,card,ANON-0000-0000-0001,2.50,Espresso
2025-08-16,08:10,card,ANON-0000-0000-0277,3.50,Americano with Milk
2025-08-16,09:48,card,ANON-0000-0000-0146,3.50,Cortado
2025-08-16,10:47,card,ANON-0000-0000-0167,3.10,Americano
2025-08-16,11:08,card,ANON-0000-0000-0010,4.00,Latte
2025-08-16,13:06,card,ANON-0000-0000-0036,3.50,Cortado
2025-08-17,07:41,card,ANON-0000-0000-0246,3.50,Cortado
2025-08-17,09:06,card,ANON-0000-0000-0088,3.10,Americano
2025-08-17,10:57,card,ANON-0000-0000-0280,4.00,Latte
2025-08-17,11:39,card,ANON-0000-0000-0027,4.00,Cappuccino
2025-08-17,12:12,cash,,4.00,Latte
2025-08-17,12:28,card,ANON-0000-0000-0145,4.00,Latte
2025-08-17,12:49,card,ANON-0000-0000-0004,4.00,Cappuccino
2025-08-17,14:06,card,ANON-0000-0000-0015,4.00,Latte
2025-08-17,16:01,card,ANON-0000-0000-0134,3.10,Americano
2025-08-17,18:57,card,ANON-0000-0000-0002,3.50,Americano with Milk
2025-08-18,08:38,cash,,4.00,Hot Chocolate
2025-08-18,09:42,card,ANON-0000-0000-0262,3.50,Cortado
2025-08-18,10:13,card,ANON-0000-0000-0157,3.10,Americano
2025-08-18,11:13,card,ANON-0000-0000-0302,3.10,Americano
2025-08-18,11:25,card,ANON-0000-0000-0215,4.00,Cocoa
2025-08-18,11:48,card,ANON-0000-0000-0054,3.10,Americano
2025-08-18,14:21,card,ANON-0000-0000-0004,4.00,Hot Chocolate
2025-08-18,14:34,card,ANON-0000-0000-0001,2.50,Espresso
2025-08-18,15:39,card,ANON-0000-0000-0389,3.10,Americano
2025-08-18,18:01,card,ANON-0000-0000-0009,4.00,Latte
2025-08-18,20:07,cash,,2.50,Espresso
2025-08-18,20:17,card,ANON-0000-0000-0001,3.50,Americano with Milk
2025-08-19,08:39,cash,,2.50,Espresso
2025-08-19,10:50,card,ANON-0000-0000-0388,3.50,Cortado
2025-08-19,11:53,card,ANON-0000-0000-0019,3.50,Americano with Milk
2025-08-19,13:46,card,ANON-0000-0000-0069,4.00,Hot Chocolate
2025-08-19,14:24,card,ANON-0000-0000-0076,4.00,Hot Chocolate
2025-08-19,15:07,card,ANON-0000-0000-0365,4.00,Latte
2025-08-19,19:00,card,ANON-0000-0000-0042,4.00,Latte
2025-08-19,20:42,card,ANON-0000-0000-0056,4.00,Cocoa
2025-08-20,07:38,card,ANON-0000-0000-0004,4.00,Cappuccino
2025-08-20,08:14,card,ANON-0000-0000-0590,3.10,Americano
2025-08-20,10:04,card,ANON-0000-0000-0122,4.00,Hot Chocolate
2025-08-20,10:22,card,ANON-0000-0000-0031,4.00,Cocoa
2025-08-20,11:10,card,ANON-0000-0000-0258,3.50,Americano with Milk
2025-08-20,11:50,card,ANON-0000-0000-0114,4.00,Latte
2025-08-20,12:26,card,ANON-0000-0000-0015,3.50,Americano with Milk
2025-08-20,12:42,card,ANON-0000-0000-0093,4.00,Cappuccino
2025-08-20,15:30,card,ANON-0000-0000-0049,3.50,Cortado
2025-08-20,17:39,card,ANON-0000-0000-0002,2.50,Espresso
2025-08-20,19:14,card,ANON-0000-0000-0469,4.00,Latte
2025-08-20,19:52,card,ANON-0000-0000-0019,4.00,Cappuccino
2025-08-20,19:53,card,ANON-0000-0000-0155,2.50,Espresso
2025-08-20,20:46,card,ANON-0000-0000-0257,3.10,Americano
2025-08-21,07:36,card,ANON-0000-0000-0009,3.50,Americano with Milk
2025-08-21,10:04,card,ANON-0000-0000-0001,4.00,Latte
2025-08-21,10:40,card,ANON-0000-0000-0464,3.10,Americano
2025-08-21,13:38,card,ANON-0000-0000-0004,3.50,Cortado
2025-08-21,15:28,card,ANON-0000-0000-0251,3.10,Americano
2025-08-21,17:02,card,ANON-0000-0000-0002,2.50,Espresso
2025-08-21,17:25,card,ANON-0000-0000-0136,4.00,Latte
2025-08-21,20:24,card,ANON-0000-0000-0260,4.00,Cappuccino
2025-08-21,21:50,card,ANON-0000-0000-0311,3.50,Americano with Milk
2025-08-22,08:05,card,ANON-0000-0000-0056,4.00,Cappuccino
2025-08-22,08:54,card,ANON-0000-0000-0011,3.50,Americano with Milk
2025-08-22,09:17,card,ANON-0000-0000-0018,4.00,Latte
2025-08-22,10:10,card,ANON-0000-0000-0199,3.10,Americano
2025-08-22,10:58,card,ANON-0000-0000-0075,2.50,Espresso
2025-08-22,11:07,card,ANON-0000-0000-0023,2.50,Espresso
2025-08-22,12:26,card,ANON-0000-0000-0096,2.50,Espresso
2025-08-22,12:41,card,ANON-0000-0000-0408,2.50,Espresso
2025-08-22,12:54,card,ANON-0000-0000-0026,3.50,Americano with Milk
2025-08-22,13:01,cash,,4.00,Latte
2025-08-22,15:15,card,ANON-0000-0000-0039,2.50,Espresso
2025-08-22,15:37,cash,,3.10,Americano
2025-08-22,15:42,card,ANON-0000-0000-0272,4.00,Cocoa
2025-08-22,16:43,card,ANON-0000-0000-0001,4.00,Cappuccino
2025-08-22,18:49,card,ANON-0000-0000-0144,4.00,Cocoa
2025-08-23,09:28,card,ANON-0000-0000-0017,4.00,Hot Chocolate
2025-08-23,09:53,card,ANON-0000-0000-0051,4.00,Latte
2025-08-23,13:39,card,ANON-0000-0000-0447,4.00,Cappuccino
2025-08-23,14:28,card,ANON-0000-0000-0129,4.00,Latte
2025-08-23,18:33,card,ANON-0000-0000-0083,3.10,Americano
2025-08-23,18:43,card,ANON-0000-0000-0009,3.50,Cortado
2025-08-24,09:59,cash,,4.00,Latte
2025-08-24,13:08,card,ANON-0000-0000-0001,4.00,Latte
2025-08-24,14:02,card,ANON-0000-0000-0504,3.50,Cortado
2025-08-24,17:39,card,ANON-0000-0000-0005,2.50,Espresso
2025-08-24,18:32,card,ANON-0000-0000-0011,4.00,Latte
2025-08-24,18:48,card,ANON-0000-0000-0016,3.10,Americano
2025-08-24,18:56,card,ANON-0000-0000-0408,4.00,Latte
2025-08-24,20:22,card,ANON-0000-0000-0370,4.00,Cappuccino
2025-08-24,20:44,card,ANON-0000-0000-0056,4.00,Latte
2025-08-24,21:09,card,ANON-0000-0000-0199,4.00,Latte
2025-08-25,07:09,card,ANON-0000-0000-0036,4.00,Latte
2025-08-25,09:49,card,ANON-0000-0000-0098,4.00,Cocoa
2025-08-25,11:34,card,ANON-0000-0000-0002,3.50,Americano with Milk
2025-08-25,12:40,card,ANON-0000-0000-0328,3.10,Americano
2025-08-25,13:37,card,ANON-0000-0000-0584,4.00,Cocoa
2025-08-25,14:14,card,ANON-0000-0000-0435,4.00,Latte
2025-08-25,16:19,card,ANON-0000-0000-0046,4.00,Latte
2025-08-25,16:57,card,ANON-0000-0000-0364,4.00,Cappuccino
2025-08-25,17:30,card,ANON-0000-0000-0250,4.00,Latte
2025-08-25,20:50,card,ANON-0000-0000-0183,3.50,Cortado
2025-08-26,09:15,card,ANON-0000-0000-0045,3.50,Cortado
2025-08-26,10:29,card,ANON-0000-0000-0008,4.00,Cocoa
2025-08-26,11:22,card,ANON-0000-0000-0002,4.00,Latte
2025-08-26,11:48,card,ANON-0000-0000-0426,3.10,Americano
2025-08-26,14:10,card,ANON-0000-0000-0005,2.50,Espresso
2025-08-26,14:18,card,ANON-0000-0000-0365,3.10,Americano
2025-08-26,14:39,card,ANON-0000-0000-0104,4.00,Latte
2025-08-26,16:13,card,ANON-0000-0000-0499,3.50,Americano with Milk
2025-08-27,07:46,card,ANON-0000-0000-0363,4.00,Cappuccino
2025-08-27,08:56,cash,,3.50,Cortado
2025-08-27,10:07,card,ANON-0000-0000-0152,4.00,Cocoa
2025-08-27,10:57,card,ANON-0000-0000-0497,3.50,Cortado
2025-08-27,11:33,card,ANON-0000-0000-0004,2.50,Espresso
2025-08-27,12:15,card,ANON-0000-0000-0045,4.00,Cocoa
2025-08-27,12:57,card,ANON-0000-0000-0038,4.00,Cocoa
2025-08-27,14:26,card,ANON-0000-0000-0113,3.50,Cortado
2025-08-27,17:15,card,ANON-0000-0000-0324,3.10,Americano
2025-08-27,18:05,card,ANON-0000-0000-0004,4.00,Latte
2025-08-27,18:35,card,ANON-0000-0000-0167,4.00,Latte
2025-08-27,20:53,card,ANON-0000-0000-0013,4.00,Cocoa
2025-08-28,08:20,card,ANON-0000-0000-0201,4.00,Latte
2025-08-28,09:29,card,ANON-0000-0000-0001,3.50,Americano with Milk
2025-08-28,09:44,card,ANON-0000-0000-0020,3.10,Americano
2025-08-28,16:55,card,ANON-0000-0000-0236,4.00,Latte
2025-08-29,08:17,card,ANON-0000-0000-0320,4.00,Latte
2025-08-29,09:45,card,ANON-0000-0000-0167,4.00,Latte
2025-08-29,10:00,card,ANON-0000-0000-0009,4.00,Latte
2025-08-29,10:24,card,ANON-0000-0000-0074,3.50,Cortado
2025-08-29,10:43,card,ANON-0000-0000-0129,4.00,Latte
2025-08-29,12:30,cash,,3.50,Americano with Milk
2025-08-29,13:51,card,ANON-0000-0000-0054,2.50,Espresso
2025-08-29,14:35,card,ANON-0000-0000-0004,3.50,Americano with Milk
2025-08-29,14:46,card,ANON-0000-0000-0006,4.00,Cappuccino
2025-08-29,15:13,card,ANON-0000-0000-0003,4.00,Latte
2025-08-29,21:58,card,ANON-0000-0000-0035,3.10,Americano
2025-08-30,07:24,card,ANON-0000-0000-0032,4.00,Latte
2025-08-30,07:55,card,ANON-0000-0000-0021,3.50,Americano with Milk
2025-08-30,08:17,cash,,3.50,Americano with Milk
2025-08-30,12:47,card,ANON-0000-0000-0342,4.00,Cappuccino
2025-08-31,08:30,card,ANON-0000-0000-0003,3.10,Americano
2025-08-31,08:54,card,ANON-0000-0000-0003,4.00,Cappuccino
2025-08-31,09:01,card,ANON-0000-0000-0033,4.00,Cocoa
2025-08-31,10:14,card,ANON-0000-0000-0118,3.50,Cortado
2025-08-31,11:22,cash,,3.50,Cortado
2025-08-31,12:21,card,ANON-0000-0000-0094,4.00,Cappuccino
2025-08-31,12:35,cash,,3.50,Cortado
2025-08-31,12:54,cash,,4.00,Latte
2025-08-31,14:01,card,ANON-0000-0000-0002,4.00,Hot Chocolate
2025-08-31,14:16,card,ANON-0000-0000-0183,4.00,Cappuccino
2025-09-01,07:44,card,ANON-0000-0000-0185,3.50,Cortado
2025-09-01,08:05,card,ANON-0000-0000-0003,4.00,Cappuccino
2025-09-01,09:18,card,ANON-0000-0000-0034,4.00,Latte
2025-09-01,09:21,card,ANON-0000-0000-0267,4.00,Cocoa
2025-09-01,09:46,cash,,3.50,Cortado
2025-09-01,10:14,card,ANON-0000-0000-0001,4.00,Cappuccino
2025-09-01,10:56,card,ANON-0000-0000-0008,3.50,Cortado
2025-09-01,11:31,card,ANON-0000-0000-0334,4.00,Cappuccino
2025-09-01,12:48,card,ANON-0000-0000-0117,4.00,Latte
2025-09-01,14:46,card,ANON-0000-0000-0286,3.50,Cortado
2025-09-01,15:25,card,ANON-0000-0000-0278,3.50,Americano with Milk
2025-09-01,17:30,card,ANON-0000-0000-0001,3.50,Cortado
2025-09-01,17:43,card,ANON-0000-0000-0279,3.50,Americano with Milk
2025-09-01,18:52,card,ANON-0000-0000-0478,4.00,Latte
2025-09-02,08:23,card,ANON-0000-0000-0368,3.50,Americano with Milk
2025-09-02,08:32,card,ANON-0000-0000-0001,3.50,Americano with Milk
2025-09-02,11:47,card,ANON-0000-0000-0045,3.50,Americano with Milk
2025-09-02,13:19,card,ANON-0000-0000-0190,3.50,Americano with Milk
2025-09-02,14:20,card,ANON-0000-0000-0567,4.00,Latte
2025-09-02,14:50,card,ANON-0000-0000-0404,2.50,Espresso
2025-09-02,17:25,card,ANON-0000-0000-0104,3.50,Cortado
2025-09-02,18:55,card,ANON-0000-0000-0035,3.10,Americano
2025-09-03,07:37,card,ANON-0000-0000-0001,4.00,Cappuccino
2025-09-03,08:10,card,ANON-0000-0000-0075,3.10,Americano
2025-09-03,08:48,card,ANON-0000-0000-0275,4.00,Latte
2025-09-03,09:32,card,ANON-0000-0000-0077,4.00,Latte
2025-09-03,09:51,card,ANON-0000-0000-0214,4.00,Latte
2025-09-03,10:44,card,ANON-0000-0000-0309,3.50,Americano with Milk
2025-09-03,12:21,card,ANON-0000-0000-0453,4.00,Latte
2025-09-03,12:44,card,ANON-0000-0000-0007,4.00,Cocoa
2025-09-03,13:04,card,ANON-0000-0000-0190,3.50,Americano with Milk
2025-09-03,14:45,card,ANON-0000-0000-0085,4.00,Latte
2025-09-03,15:05,card,ANON-0000-0000-0077,3.50,Cortado
2025-09-03,15:51,card,ANON-0000-0000-0001,3.50,Cortado
2025-09-03,19:54,cash,,4.00,Latte
2025-09-04,07:37,card,ANON-0000-0000-0004,2.50,Espresso
2025-09-04,08:25,card,ANON-0000-0000-0009,2.50,Espresso
2025-09-04,09:00,card,ANON-0000-0000-0020,4.00,Latte
2025-09-04,09:00,card,ANON-0000-0000-0134,4.00,Hot Chocolate
2025-09-04,09:59,card,ANON-0000-0000-0003,3.50,Americano with Milk
2025-09-04,12:14,card,ANON-0000-0000-0002,4.00,Hot Chocolate
2025-09-04,13:48,card,ANON-0000-0000-0001,4.00,Cappuccino
2025-09-04,15:47,card,ANON-0000-0000-0133,4.00,Latte
2025-09-04,16:40,card,ANON-0000-0000-0002,3.10,Americano
2025-09-04,17:24,card,ANON-0000-0000-0002,4.00,Cappuccino
2025-09-04,18:33,card,ANON-0000-0000-0048,3.50,Americano with Milk
2025-09-04,19:50,card,ANON-0000-0000-0124,3.50,Americano with Milk
2025-09-05,10:54,card,ANON-0000-0000-0070,4.00,Cocoa
2025-09-05,10:58,card,ANON-0000-0000-0007,3.50,Cortado
2025-09-05,11:25,card,ANON-0000-0000-0132,3.10,Americano
2025-09-05,15:09,card,ANON-0000-0000-0552,4.00,Latte
2025-09-05,16:32,card,ANON-0000-0000-0001,3.50,Cortado
2025-09-05,20:36,card,ANON-0000-0000-0061,3.10,Americano
2025-09-05,20:36,card,ANON-0000-0000-0005,3.10,Americano
2025-09-05,21:23,card,ANON-0000-0000-0009,3.50,Americano with Milk
2025-09-06,08:38,card,ANON-0000-0000-0004,4.00,Latte
2025-09-06,08:43,card,ANON-0000-0000-0107,3.50,Americano with Milk
2025-09-06,08:46,card,ANON-0000-0000-0002,4.00,Latte
2025-09-06,08:49,card,ANON-0000-0000-0015,4.00,Cappuccino
2025-09-06,09:09,card,ANON-0000-0000-0001,4.00,Hot Chocolate
2025-09-06,10:51,card,ANON-0000-0000-0013,4.00,Hot Chocolate
2025-09-06,12:37,card,ANON-0000-0000-0004,3.50,Americano with Milk
2025-09-06,14:56,card,ANON-0000-0000-0188,3.50,Americano with Milk
2025-09-06,15:34,card,ANON-0000-0000-0253,3.50,Americano with Milk
2025-09-06,16:57,card,ANON-0000-0000-0006,4.00,Latte
2025-09-06,20:31,card,ANON-0000-0000-0070,2.50,Espresso
2025-09-06,21:39,cash,,3.50,Americano with Milk
2025-09-07,09:07,card,ANON-0000-0000-0049,4.00,Cocoa
2025-09-07,10:25,card,ANON-0000-0000-0034,4.00,Cocoa
2025-09-07,14:29,card,ANON-0000-0000-0068,3.50,Americano with Milk
2025-09-07,15:31,cash,,2.50,Espresso
2025-09-07,15:35,card,ANON-0000-0000-0044,4.00,Cocoa
2025-09-07,18:21,card,ANON-0000-0000-0022,3.10,Americano
2025-09-07,18:57,card,ANON-0000-0000-0110,3.10,Americano
2025-09-07,19:33,card,ANON-0000-0000-0150,4.00,Hot Chocolate
2025-09-07,20:44,card,ANON-0000-0000-0496,4.00,Latte
2025-09-08,07:27,card,ANON-0000-0000-0049,3.50,Americano with Milk
2025-09-08,08:08,cash,,3.50,Americano with Milk
2025-09-08,08:18,card,ANON-0000-0000-0198,4.00,Cappuccino
2025-09-08,08:29,card,ANON-0000-0000-0086,3.10,Americano
2025-09-08,09:00,card,ANON-0000-0000-0006,4.00,Hot Chocolate
2025-09-08,09:26,card,ANON-0000-0000-0264,4.00,Latte
2025-09-08,10:02,cash,,3.50,Cortado
2025-09-08,12:01,card,ANON-0000-0000-0037,3.50,Americano with Milk
2025-09-08,12:29,cash,,4.00,Latte
2025-09-08,13:21,card,ANON-0000-0000-0044,3.50,Americano with Milk
2025-09-08,13:32,card,ANON-0000-0000-0022,4.00,Latte
2025-09-08,16:40,card,ANON-0000-0000-0530,3.50,Cortado
2025-09-08,18:31,card,ANON-0000-0000-0168,3.50,Americano with Milk
2025-09-08,19:51,card,ANON-0000-0000-0088,4.00,Cappuccino
2025-09-09,07:43,card,ANON-0000-0000-0003,3.10,Americano
2025-09-09,09:42,card,ANON-0000-0000-0141,4.00,Cappuccino
2025-09-09,10:37,cash,,4.00,Cocoa
2025-09-09,12:02,card,ANON-0000-0000-0038,4.00,Cappuccino
2025-09-09,13:42,card,ANON-0000-0000-0026,3.50,Cortado
2025-09-09,14:16,card,ANON-0000-0000-0477,3.10,Americano
2025-09-09,14:35,card,ANON-0000-0000-0449,4.00,Hot Chocolate
2025-09-09,16:25,card,ANON-0000-0000-0476,4.00,Cocoa
2025-09-09,16:51,card,ANON-0000-0000-0072,3.50,Cortado
2025-09-09,20:24,card,ANON-0000-0000-0002,4.00,Cocoa
2025-09-10,08:12,card,ANON-0000-0000-0260,3.10,Americano
2025-09-10,08:33,cash,,3.50,Americano with Milk
2025-09-10,09:41,card,ANON-0000-0000-0001,4.00,Cappuccino
2025-09-10,10:14,card,ANON-0000-0000-0003,2.50,Espresso
2025-09-10,12:10,card,ANON-0000-0000-0069,3.50,Cortado
2025-09-10,12:32,cash,,4.00,Hot Chocolate
2025-09-10,12:36,card,ANON-0000-0000-0079,4.00,Cappuccino
2025-09-10,14:55,card,ANON-0000-0000-0225,4.00,Cappuccino
2025-09-10,15:31,card,ANON-0000-0000-0015,3.10,Americano
2025-09-10,18:39,card,ANON-0000-0000-0133,2.50,Espresso
2025-09-10,18:50,card,ANON-0000-0000-0003,3.50,Americano with Milk
2025-09-10,20:17,card,ANON-0000-0000-0023,4.00,Latte
2025-09-11,08:25,card,ANON-0000-0000-0133,4.00,Latte
2025-09-11,08:31,card,ANON-0000-0000-0004,3.50,Cortado
2025-09-11,08:58,card,ANON-0000-0000-0049,4.00,Cocoa
2025-09-11,09:47,card,ANON-0000-0000-0016,4.00,Latte
2025-09-11,12:42,cash,,3.50,Cortado
2025-09-11,15:44,card,ANON-0000-0000-0563,3.10,Americano
2025-09-11,18:52,card,ANON-0000-0000-0019,4.00,Latte
2025-09-11,20:20,card,ANON-0000-0000-0255,3.50,Americano with Milk
2025-09-12,07:12,cash,,4.00,Hot Chocolate
2025-09-12,07:53,card,ANON-0000-0000-0094,4.00,Hot Chocolate
2025-09-12,09:44,cash,,3.10,Americano
2025-09-12,09:46,card,ANON-0000-0000-0008,3.50,Cortado
2025-09-12,09:53,card,ANON-0000-0000-0004,4.00,Latte
2025-09-12,11:38,card,ANON-0000-0000-0013,3.10,Americano
2025-09-12,11:57,card,ANON-0000-0000-0179,4.00,Latte
2025-09-12,13:05,cash,,4.00,Hot Chocolate
2025-09-12,15:47,card,ANON-0000-0000-0267,4.00,Latte
2025-09-12,16:41,card,ANON-0000-0000-0031,3.50,Americano with Milk
2025-09-12,17:50,cash,,3.50,Americano with Milk
2025-09-13,08:28,card,ANON-0000-0000-0188,4.00,Latte
2025-09-13,08:34,card,ANON-0000-0000-0047,4.00,Latte
2025-09-13,09:05,card,ANON-0000-0000-0009,4.00,Latte
2025-09-13,11:14,card,ANON-0000-0000-0546,3.10,Americano
2025-09-13,13:39,card,ANON-0000-0000-0011,3.50,Americano with Milk
2025-09-13,16:19,card,ANON-0000-0000-0036,3.10,Americano
2025-09-14,07:34,card,ANON-0000-0000-0021,3.50,Americano with Milk
2025-09-14,08:55,card,ANON-0000-0000-0063,3.50,Americano with Milk
2025-09-14,09:36,card,ANON-0000-0000-0242,3.50,Americano with Milk
2025-09-14,09:49,card,ANON-0000-0000-0006,2.50,Espresso
2025-09-14,11:06,cash,,3.50,Americano with Milk
2025-09-14,11:39,cash,,4.00,Cappuccino
2025-09-14,12:29,card,ANON-0000-0000-0044,4.00,Hot Chocolate
2025-09-14,14:19,card,ANON-0000-0000-0052,3.50,Americano with Milk
2025-09-14,16:44,card,ANON-0000-0000-0162,4.00,Latte
2025-09-14,17:16,card,ANON-0000-0000-0010,4.00,Latte
2025-09-14,18:57,card,ANON-0000-0000-0134,4.00,Latte
2025-09-14,20:29,card,ANON-0000-0000-0018,4.00,Cappuccino
2025-09-15,10:43,cash,,4.00,Cocoa
2025-09-15,13:38,cash,,4.00,Latte
2025-09-15,14:30,card,ANON-0000-0000-0076,4.00,Latte
2025-09-15,14:52,card,ANON-0000-0000-0257,4.00,Latte
2025-09-15,15:47,card,ANON-0000-0000-0002,4.00,Latte
2025-09-15,15:48,card,ANON-0000-0000-0010,3.10,Americano
2025-09-15,18:13,card,ANON-0000-0000-0045,4.00,Cappuccino
2025-09-15,18:49,cash,,3.10,Americano
2025-09-16,07:31,cash,,3.50,Americano with Milk
2025-09-16,11:12,card,ANON-0000-0000-0007,4.00,Hot Chocolate
2025-09-16,11:14,card,ANON-0000-0000-0020,4.00,Hot Chocolate
2025-09-16,11:56,card,ANON-0000-0000-0367,4.00,Hot Chocolate
2025-09-16,12:04,card,ANON-0000-0000-0005,4.00,Cappuccino
2025-09-16,13:09,card,ANON-0000-0000-0511,4.00,Latte
2025-09-16,14:28,card,ANON-0000-0000-0067,4.00,Cappuccino
2025-09-16,14:42,card,ANON-0000-0000-0110,3.10,Americano
2025-09-16,17:03,card,ANON-0000-0000-0002,4.00,Latte
2025-09-16,17:43,card,ANON-0000-0000-0025,3.50,Cortado
2025-09-16,19:41,card,ANON-0000-0000-0021,3.50,Americano with Milk
2025-09-17,08:01,card,ANON-0000-0000-0009,4.00,Hot Chocolate
2025-09-17,09:30,card,ANON-0000-0000-0001,3.50,Americano with Milk
2025-09-17,10:25,card,ANON-0000-0000-0516,4.00,Hot Chocolate
2025-09-17,12:55,card,ANON-0000-0000-0001,4.00,Cappuccino
2025-09-17,14:46,card,ANON-0000-0000-0256,3.50,Americano with Milk
2025-09-17,15:10,card,ANON-0000-0000-0429,3.50,Americano with Milk
2025-09-17,15:37,card,ANON-0000-0000-0042,3.50,Americano with Milk
2025-09-17,16:41,card,ANON-0000-0000-0573,3.50,Americano with Milk
2025-09-17,17:26,card,ANON-0000-0000-0454,4.00,Hot Chocolate
2025-09-17,19:34,card,ANON-0000-0000-0001,3.10,Americano
2025-09-17,19:44,cash,,2.50,Espresso
2025-09-18,07:58,card,ANON-0000-0000-0438,3.50,Cortado
2025-09-18,08:07,card,ANON-0000-0000-0021,4.00,Cocoa
2025-09-18,09:57,card,ANON-0000-0000-0190,3.50,Americano with Milk
2025-09-18,10:03,cash,,4.00,Cappuccino
2025-09-18,10:31,card,ANON-0000-0000-0064,2.50,Espresso
2025-09-18,11:12,card,ANON-0000-0000-0002,4.00,Latte
2025-09-18,13:37,card,ANON-0000-0000-0021,4.00,Latte
2025-09-18,13:55,card,ANON-0000-0000-0550,4.00,Hot Chocolate
2025-09-18,14:05,card,ANON-0000-0000-0030,3.10,Americano
2025-09-18,14:24,card,ANON-0000-0000-0069,3.50,Americano with Milk
2025-09-18,15:38,card,ANON-0000-0000-0275,3.50,Americano with Milk
2025-09-18,17:10,card,ANON-0000-0000-0104,4.00,Latte
2025-09-18,17:43,cash,,4.00,Latte
2025-09-19,08:05,card,ANON-0000-0000-0006,4.00,Cappuccino
2025-09-19,08:22,card,ANON-0000-0000-0213,3.50,Americano with Milk
2025-09-19,08:29,card,ANON-0000-0000-0273,3.10,Americano
2025-09-19,08:55,card,ANON-0000-0000-0008,3.50,Americano with Milk
2025-09-19,08:56,card,ANON-0000-0000-0013,3.50,Americano with Milk
2025-09-19,09:07,card,ANON-0000-0000-0452,4.00,Cappuccino
2025-09-19,10:06,card,ANON-0000-0000-0046,4.00,Hot Chocolate
2025-09-19,10:27,card,ANON-0000-0000-0001,3.50,Americano with Milk
2025-09-19,10:34,card,ANON-0000-0000-0007,3.50,Cortado
2025-09-19,12:26,cash,,3.50,Americano with Milk
2025-09-19,12:39,card,ANON-0000-0000-0002,3.10,Americano
2025-09-19,14:17,cash,,3.50,Cortado
2025-09-19,15:02,card,ANON-0000-0000-0068,4.00,Cocoa
2025-09-19,15:06,card,ANON-0000-0000-0005,4.00,Latte
2025-09-19,15:23,card,ANON-0000-0000-0091,3.10,Americano
2025-09-19,15:25,card,ANON-0000-0000-0425,4.00,Latte
2025-09-19,16:14,card,ANON-0000-0000-0144,3.50,Americano with Milk
2025-09-20,08:35,card,ANON-0000-0000-0051,4.00,Cocoa
2025-09-20,13:25,card,ANON-0000-0000-0193,4.00,Latte
2025-09-20,13:29,card,ANON-0000-0000-0020,4.00,Latte
2025-09-20,16:39,cash,,3.50,Cortado
2025-09-20,16:47,cash,,4.00,Cappuccino
2025-09-20,18:26,card,ANON-0000-0000-0351,4.00,Cappuccino
2025-09-20,18:28,card,ANON-0000-0000-0002,4.00,Cocoa
2025-09-20,20:54,card,ANON-0000-0000-0213,4.00,Cappuccino
2025-09-21,08:26,card,ANON-0000-0000-0038,2.50,Espresso
2025-09-21,08:31,card,ANON-0000-0000-0363,4.00,Cappuccino
2025-09-21,09:08,card,ANON-0000-0000-0003,3.50,Cortado
2025-09-21,09:52,card,ANON-0000-0000-0024,3.50,Cortado
2025-09-21,10:31,card,ANON-0000-0000-0433,3.50,Americano with Milk
2025-09-21,14:46,card,ANON-0000-0000-0141,3.50,Americano with Milk
2025-09-21,15:06,card,ANON-0000-0000-0087,3.50,Americano with Milk
2025-09-21,16:00,card,ANON-0000-0000-0065,4.00,Cappuccino
2025-09-21,16:52,card,ANON-0000-0000-0007,4.00,Latte
2025-09-21,20:59,card,ANON-0000-0000-0006,4.00,Latte
2025-09-22,07:52,cash,,3.50,Cortado
2025-09-22,08:58,card,ANON-0000-0000-0024,4.00,Cappuccino
2025-09-22,09:32,card,ANON-0000-0000-0036,3.50,Cortado
2025-09-22,09:32,cash,,4.00,Latte
2025-09-22,10:10,card,ANON-0000-0000-0538,4.00,Cocoa
2025-09-22,11:09,card,ANON-0000-0000-0082,4.00,Latte
2025-09-22,16:47,cash,,3.50,Americano with Milk
2025-09-22,16:55,card,ANON-0000-0000-0017,3.50,Americano with Milk
2025-09-22,18:00,card,ANON-0000-0000-0123,3.10,Americano
2025-09-22,18:15,card,ANON-0000-0000-0013,3.50,Cortado
2025-09-23,07:13,card,ANON-0000-0000-0113,4.00,Cappuccino
2025-09-23,09:18,card,ANON-0000-0000-0209,4.00,Latte
2025-09-23,09:52,card,ANON-0000-0000-0002,3.10,Americano
2025-09-23,10:40,card,ANON-0000-0000-0175,3.10,Americano
2025-09-23,11:52,card,ANON-0000-0000-0001,4.00,Latte
2025-09-23,12:01,card,ANON-0000-0000-0063,4.00,Latte
2025-09-23,12:42,card,ANON-0000-0000-0007,3.10,Americano
2025-09-23,13:39,card,ANON-0000-0000-0126,4.00,Cappuccino
2025-09-23,14:31,card,ANON-0000-0000-0056,4.00,Latte
2025-09-23,16:59,card,ANON-0000-0000-0052,3.50,Cortado
2025-09-23,18:32,card,ANON-0000-0000-0020,3.50,Americano with Milk
2025-09-23,19:11,card,ANON-0000-0000-0027,3.50,Americano with Milk
2025-09-24,09:48,card,ANON-0000-0000-0139,4.00,Latte
2025-09-24,12:33,card,ANON-0000-0000-0225,4.00,Hot Chocolate
2025-09-24,13:20,card,ANON-0000-0000-0137,3.50,Cortado
2025-09-24,15:46,card,ANON-0000-0000-0387,3.10,Americano
2025-09-24,16:42,card,ANON-0000-0000-0009,4.00,Cocoa
2025-09-24,18:36,card,ANON-0000-0000-0595,3.50,Cortado
2025-09-24,18:38,card,ANON-0000-0000-0025,3.50,Americano with Milk
2025-09-25,07:39,card,ANON-0000-0000-0201,4.00,Hot Chocolate
2025-09-25,07:49,card,ANON-0000-0000-0029,4.00,Hot Chocolate
2025-09-25,07:49,card,ANON-0000-0000-0170,2.50,Espresso
2025-09-25,08:26,card,ANON-0000-0000-0079,4.00,Latte
2025-09-25,08:47,card,ANON-0000-0000-0332,4.00,Hot Chocolate
2025-09-25,08:52,card,ANON-0000-0000-0021,3.50,Americano with Milk
2025-09-25,09:02,card,ANON-0000-0000-0165,4.00,Latte
2025-09-25,11:40,card,ANON-0000-0000-0027,3.50,Americano with Milk
2025-09-25,12:14,card,ANON-0000-0000-0005,3.50,Americano with Milk
2025-09-25,15:55,card,ANON-0000-0000-0018,4.00,Cocoa
2025-09-25,16:59,card,ANON-0000-0000-0070,4.00,Latte
2025-09-25,17:13,card,ANON-0000-0000-0148,3.50,Americano with Milk
2025-09-25,18:29,card,ANON-0000-0000-0325,3.50,Cortado
2025-09-25,19:16,card,ANON-0000-0000-0222,3.50,Americano with Milk
2025-09-26,07:39,card,ANON-0000-0000-0007,3.10,Americano
2025-09-26,08:24,card,ANON-0000-0000-0004,4.00,Cappuccino
2025-09-26,08:54,card,ANON-0000-0000-0001,2.50,Espresso
2025-09-26,09:12,card,ANON-0000-0000-0068,4.00,Cappuccino
2025-09-26,09:46,card,ANON-0000-0000-0087,4.00,Cocoa
2025-09-26,11:55,cash,,3.50,Cortado
2025-09-26,16:56,card,ANON-0000-0000-0478,4.00,Cappuccino
2025-09-26,17:17,card,ANON-0000-0000-0002,3.50,Americano with Milk
2025-09-26,21:13,card,ANON-0000-0000-0013,2.50,Espresso
2025-09-27,07:26,card,ANON-0000-0000-0462,2.50,Espresso
2025-09-27,07:32,card,ANON-0000-0000-0567,3.10,Americano
2025-09-27,08:14,card,ANON-0000-0000-0078,3.50,Americano with Milk
2025-09-27,08:27,card,ANON-0000-0000-0088,4.00,Cocoa
2025-09-27,11:11,card,ANON-0000-0000-0003,4.00,Latte
2025-09-27,11:29,card,ANON-0000-0000-0166,3.50,Americano with Milk
2025-09-27,11:38,card,ANON-0000-0000-0245,4.00,Latte
2025-09-28,07:54,card,ANON-0000-0000-0022,3.50,Americano with Milk
2025-09-28,08:37,card,ANON-0000-0000-0021,4.00,Hot Chocolate
2025-09-28,08:43,card,ANON-0000-0000-0042,3.50,Cortado
2025-09-28,08:49,card,ANON-0000-0000-0125,3.50,Americano with Milk
2025-09-28,10:39,card,ANON-0000-0000-0080,4.00,Cappuccino
2025-09-28,11:06,card,ANON-0000-0000-0545,3.50,Americano with Milk
2025-09-28,11:23,card,ANON-0000-0000-0041,4.00,Hot Chocolate
2025-09-28,12:38,card,ANON-0000-0000-0005,4.00,Latte
2025-09-28,14:23,card,ANON-0000-0000-0108,4.00,Cappuccino
2025-09-28,16:06,card,ANON-0000-0000-0002,4.00,Hot Chocolate
2025-09-28,16:44,cash,,4.00,Latte
2025-09-28,19:57,card,ANON-0000-0000-0007,3.50,Cortado
2025-09-29,09:20,card,ANON-0000-0000-0016,4.00,Cocoa
2025-09-29,09:33,cash,,3.50,Cortado
2025-09-29,10:26,card,ANON-0000-0000-0010,4.00,Cappuccino
2025-09-29,12:27,card,ANON-0000-0000-0015,4.00,Cappuccino
2025-09-29,14:22,card,ANON-0000-0000-0418,3.50,Americano with Milk
2025-09-29,14:29,card,ANON-0000-0000-0182,4.00,Latte
2025-09-29,15:29,card,ANON-0000-0000-0200,3.50,Cortado
2025-09-29,17:21,card,ANON-0000-0000-0093,3.50,Cortado
2025-09-30,08:09,card,ANON-0000-0000-0094,4.00,Latte
2025-09-30,08:41,cash,,4.00,Latte
2025-09-30,08:56,cash,,3.50,Americano with Milk
2025-09-30,09:07,card,ANON-0000-0000-0141,3.50,Cortado
2025-09-30,09:35,card,ANON-0000-0000-0001,3.50,Americano with Milk
2025-09-30,09:38,card,ANON-0000-0000-0007,4.00,Cappuccino
2025-09-30,09:56,card,ANON-0000-0000-0143,3.50,Americano with Milk
2025-09-30,10:17,card,ANON-0000-0000-0033,3.50,Americano with Milk
2025-09-30,11:11,card,ANON-0000-0000-0302,4.00,Hot Chocolate
2025-09-30,15:20,card,ANON-0000-0000-0316,4.00,Latte
2025-09-30,15:47,card,ANON-0000-0000-0045,4.00,Cappuccino
